pulled_date,project,record,sector,metric,value,unit,period,source_name,source,source_relationship,confidence,notes
2026-10-06,Hyperliquid,HYPE token,Derivatives,1Y Token Performance,90.8311,%,1Y,CoinGecko markets,"https://api.coingecko.com/api/v3/coins/markets?vs_currency=usd&ids=aave,aerodrome-finance,canton-network,centrifuge-2,curve-dao-token,ethena,ether-fi,euler,falcon-finance-ff,hyperliquid,jupiter-exchange-solana,kamino,layerzero,morpho,ondo-finance,pendle,sky,syrup,uniswap,virtual-protocol&order=market_cap_desc&per_page=250&page=1&sparkline=false&price_change_percentage=24h%2C7d%2C30d%2C1y",third_party,high,"Token price change; market sentiment, not product adoption."
2026-10-06,Morpho,MORPHO token,Lending,1Y Token Performance,38.9795,%,1Y,CoinGecko markets,"https://api.coingecko.com/api/v3/coins/markets?vs_currency=usd&ids=aave,aerodrome-finance,canton-network,centrifuge-2,curve-dao-token,ethena,ether-fi,euler,falcon-finance-ff,hyperliquid,jupiter-exchange-solana,kamino,layerzero,morpho,ondo-finance,pendle,sky,syrup,uniswap,virtual-protocol&order=market_cap_desc&per_page=250&page=1&sparkline=false&price_change_percentage=24h%2C7d%2C30d%2C1y",third_party,high,"Token price change; market sentiment, not product adoption."
2026-10-06,Sky,SKY token,Lending,1Y Token Performance,28.2043,%,1Y,CoinGecko markets,"https://api.coingecko.com/api/v3/coins/markets?vs_currency=usd&ids=aave,aerodrome-finance,canton-network,centrifuge-2,curve-dao-token,ethena,ether-fi,euler,falcon-finance-ff,hyperliquid,jupiter-exchange-solana,kamino,layerzero,morpho,ondo-finance,pendle,sky,syrup,uniswap,virtual-protocol&order=market_cap_desc&per_page=250&page=1&sparkline=false&price_change_percentage=24h%2C7d%2C30d%2C1y",third_party,high,"Token price change; market sentiment, not product adoption."
2026-10-06,Uniswap,UNI token,Spot,1Y Token Performance,3.868,%,1Y,CoinGecko markets,"https://api.coingecko.com/api/v3/coins/markets?vs_currency=usd&ids=aave,aerodrome-finance,canton-network,centrifuge-2,curve-dao-token,ethena,ether-fi,euler,falcon-finance-ff,hyperliquid,jupiter-exchange-solana,kamino,layerzero,morpho,ondo-finance,pendle,sky,syrup,uniswap,virtual-protocol&order=market_cap_desc&per_page=250&page=1&sparkline=false&price_change_percentage=24h%2C7d%2C30d%2C1y",third_party,high,"Token price change; market sentiment, not product adoption."
2026-10-06,LayerZero,ZRO token,Infra,1Y Token Performance,-1.0173,%,1Y,CoinGecko markets,"https://api.coingecko.com/api/v3/coins/markets?vs_currency=usd&ids=aave,aerodrome-finance,canton-network,centrifuge-2,curve-dao-token,ethena,ether-fi,euler,falcon-finance-ff,hyperliquid,jupiter-exchange-solana,kamino,layerzero,morpho,ondo-finance,pendle,sky,syrup,uniswap,virtual-protocol&order=market_cap_desc&per_page=250&page=1&sparkline=false&price_change_percentage=24h%2C7d%2C30d%2C1y",third_party,high,"Token price change; market sentiment, not product adoption."
2026-10-06,Jupiter,JUP token,Spot,1Y Token Performance,-25.5588,%,1Y,CoinGecko markets,"https://api.coingecko.com/api/v3/coins/markets?vs_currency=usd&ids=aave,aerodrome-finance,canton-network,centrifuge-2,curve-dao-token,ethena,ether-fi,euler,falcon-finance-ff,hyperliquid,jupiter-exchange-solana,kamino,layerzero,morpho,ondo-finance,pendle,sky,syrup,uniswap,virtual-protocol&order=market_cap_desc&per_page=250&page=1&sparkline=false&price_change_percentage=24h%2C7d%2C30d%2C1y",third_party,high,"Token price change; market sentiment, not product adoption."
2026-10-06,Virtuals,VIRTUAL token,AI,1Y Token Performance,-26.9778,%,1Y,CoinGecko markets,"https://api.coingecko.com/api/v3/coins/markets?vs_currency=usd&ids=aave,aerodrome-finance,canton-network,centrifuge-2,curve-dao-token,ethena,ether-fi,euler,falcon-finance-ff,hyperliquid,jupiter-exchange-solana,kamino,layerzero,morpho,ondo-finance,pendle,sky,syrup,uniswap,virtual-protocol&order=market_cap_desc&per_page=250&page=1&sparkline=false&price_change_percentage=24h%2C7d%2C30d%2C1y",third_party,high,"Token price change; market sentiment, not product adoption."
2026-10-06,Aerodrome,AERO token,Spot,1Y Token Performance,-30.3405,%,1Y,CoinGecko markets,"https://api.coingecko.com/api/v3/coins/markets?vs_currency=usd&ids=aave,aerodrome-finance,canton-network,centrifuge-2,curve-dao-token,ethena,ether-fi,euler,falcon-finance-ff,hyperliquid,jupiter-exchange-solana,kamino,layerzero,morpho,ondo-finance,pendle,sky,syrup,uniswap,virtual-protocol&order=market_cap_desc&per_page=250&page=1&sparkline=false&price_change_percentage=24h%2C7d%2C30d%2C1y",third_party,high,"Token price change; market sentiment, not product adoption."
2026-10-06,Aave,AAVE token,Lending,1Y Token Performance,-38.7069,%,1Y,CoinGecko markets,"https://api.coingecko.com/api/v3/coins/markets?vs_currency=usd&ids=aave,aerodrome-finance,canton-network,centrifuge-2,curve-dao-token,ethena,ether-fi,euler,falcon-finance-ff,hyperliquid,jupiter-exchange-solana,kamino,layerzero,morpho,ondo-finance,pendle,sky,syrup,uniswap,virtual-protocol&order=market_cap_desc&per_page=250&page=1&sparkline=false&price_change_percentage=24h%2C7d%2C30d%2C1y",third_party,high,"Token price change; market sentiment, not product adoption."
2026-10-06,Falcon,FF token,Asset Management,1Y Token Performance,-39.7545,%,1Y,CoinGecko markets,"https://api.coingecko.com/api/v3/coins/markets?vs_currency=usd&ids=aave,aerodrome-finance,canton-network,centrifuge-2,curve-dao-token,ethena,ether-fi,euler,falcon-finance-ff,hyperliquid,jupiter-exchange-solana,kamino,layerzero,morpho,ondo-finance,pendle,sky,syrup,uniswap,virtual-protocol&order=market_cap_desc&per_page=250&page=1&sparkline=false&price_change_percentage=24h%2C7d%2C30d%2C1y",third_party,high,"Token price change; market sentiment, not product adoption."
2026-10-06,Maple,SYRUP token,Tokenization,1Y Token Performance,-41.4117,%,1Y,CoinGecko markets,"https://api.coingecko.com/api/v3/coins/markets?vs_currency=usd&ids=aave,aerodrome-finance,canton-network,centrifuge-2,curve-dao-token,ethena,ether-fi,euler,falcon-finance-ff,hyperliquid,jupiter-exchange-solana,kamino,layerzero,morpho,ondo-finance,pendle,sky,syrup,uniswap,virtual-protocol&order=market_cap_desc&per_page=250&page=1&sparkline=false&price_change_percentage=24h%2C7d%2C30d%2C1y",third_party,high,"Token price change; market sentiment, not product adoption."
2026-10-06,Ondo,ONDO token,Tokenization,1Y Token Performance,-47.6525,%,1Y,CoinGecko markets,"https://api.coingecko.com/api/v3/coins/markets?vs_currency=usd&ids=aave,aerodrome-finance,canton-network,centrifuge-2,curve-dao-token,ethena,ether-fi,euler,falcon-finance-ff,hyperliquid,jupiter-exchange-solana,kamino,layerzero,morpho,ondo-finance,pendle,sky,syrup,uniswap,virtual-protocol&order=market_cap_desc&per_page=250&page=1&sparkline=false&price_change_percentage=24h%2C7d%2C30d%2C1y",third_party,high,"Token price change; market sentiment, not product adoption."
2026-10-06,Centrifuge,CFG token,Tokenization,1Y Token Performance,-50.381,%,1Y,CoinGecko markets,"https://api.coingecko.com/api/v3/coins/markets?vs_currency=usd&ids=aave,aerodrome-finance,canton-network,centrifuge-2,curve-dao-token,ethena,ether-fi,euler,falcon-finance-ff,hyperliquid,jupiter-exchange-solana,kamino,layerzero,morpho,ondo-finance,pendle,sky,syrup,uniswap,virtual-protocol&order=market_cap_desc&per_page=250&page=1&sparkline=false&price_change_percentage=24h%2C7d%2C30d%2C1y",third_party,high,"Token price change; market sentiment, not product adoption."
2026-10-06,Pendle,PENDLE token,Derivatives,1Y Token Performance,-50.4438,%,1Y,CoinGecko markets,"https://api.coingecko.com/api/v3/coins/markets?vs_currency=usd&ids=aave,aerodrome-finance,canton-network,centrifuge-2,curve-dao-token,ethena,ether-fi,euler,falcon-finance-ff,hyperliquid,jupiter-exchange-solana,kamino,layerzero,morpho,ondo-finance,pendle,sky,syrup,uniswap,virtual-protocol&order=market_cap_desc&per_page=250&page=1&sparkline=false&price_change_percentage=24h%2C7d%2C30d%2C1y",third_party,high,"Token price change; market sentiment, not product adoption."
2026-10-06,Kamino,KMNO token,Lending,1Y Token Performance,-53.0268,%,1Y,CoinGecko markets,"https://api.coingecko.com/api/v3/coins/markets?vs_currency=usd&ids=aave,aerodrome-finance,canton-network,centrifuge-2,curve-dao-token,ethena,ether-fi,euler,falcon-finance-ff,hyperliquid,jupiter-exchange-solana,kamino,layerzero,morpho,ondo-finance,pendle,sky,syrup,uniswap,virtual-protocol&order=market_cap_desc&per_page=250&page=1&sparkline=false&price_change_percentage=24h%2C7d%2C30d%2C1y",third_party,high,"Token price change; market sentiment, not product adoption."
2026-10-06,Curve,CRV token,Spot,1Y Token Performance,-54.392,%,1Y,CoinGecko markets,"https://api.coingecko.com/api/v3/coins/markets?vs_currency=usd&ids=aave,aerodrome-finance,canton-network,centrifuge-2,curve-dao-token,ethena,ether-fi,euler,falcon-finance-ff,hyperliquid,jupiter-exchange-solana,kamino,layerzero,morpho,ondo-finance,pendle,sky,syrup,uniswap,virtual-protocol&order=market_cap_desc&per_page=250&page=1&sparkline=false&price_change_percentage=24h%2C7d%2C30d%2C1y",third_party,high,"Token price change; market sentiment, not product adoption."
2026-10-06,EtherFi,ETHFI token,Asset Management,1Y Token Performance,-58.9747,%,1Y,CoinGecko markets,"https://api.coingecko.com/api/v3/coins/markets?vs_currency=usd&ids=aave,aerodrome-finance,canton-network,centrifuge-2,curve-dao-token,ethena,ether-fi,euler,falcon-finance-ff,hyperliquid,jupiter-exchange-solana,kamino,layerzero,morpho,ondo-finance,pendle,sky,syrup,uniswap,virtual-protocol&order=market_cap_desc&per_page=250&page=1&sparkline=false&price_change_percentage=24h%2C7d%2C30d%2C1y",third_party,high,"Token price change; market sentiment, not product adoption."
2026-10-06,Ethena,ENA token,Asset Management,1Y Token Performance,-59.3406,%,1Y,CoinGecko markets,"https://api.coingecko.com/api/v3/coins/markets?vs_currency=usd&ids=aave,aerodrome-finance,canton-network,centrifuge-2,curve-dao-token,ethena,ether-fi,euler,falcon-finance-ff,hyperliquid,jupiter-exchange-solana,kamino,layerzero,morpho,ondo-finance,pendle,sky,syrup,uniswap,virtual-protocol&order=market_cap_desc&per_page=250&page=1&sparkline=false&price_change_percentage=24h%2C7d%2C30d%2C1y",third_party,high,"Token price change; market sentiment, not product adoption."
2026-10-06,Euler,EUL token,Lending,1Y Token Performance,-85.8957,%,1Y,CoinGecko markets,"https://api.coingecko.com/api/v3/coins/markets?vs_currency=usd&ids=aave,aerodrome-finance,canton-network,centrifuge-2,curve-dao-token,ethena,ether-fi,euler,falcon-finance-ff,hyperliquid,jupiter-exchange-solana,kamino,layerzero,morpho,ondo-finance,pendle,sky,syrup,uniswap,virtual-protocol&order=market_cap_desc&per_page=250&page=1&sparkline=false&price_change_percentage=24h%2C7d%2C30d%2C1y",third_party,high,"Token price change; market sentiment, not product adoption."
2026-10-06,Uniswap,Uniswap V4,Spot,24H DEX Volume,1250836308.0,USD,24H,DefiLlama DEX overview,https://api.llama.fi/overview/dexs,third_party,high,DEX volume is source-comparable only for DEX records.
2026-10-06,Uniswap,Uniswap V3,Spot,24H DEX Volume,860537245.0,USD,24H,DefiLlama DEX overview,https://api.llama.fi/overview/dexs,third_party,high,DEX volume is source-comparable only for DEX records.
2026-10-06,Aerodrome,Aerodrome Slipstream,Spot,24H DEX Volume,551267471.0,USD,24H,DefiLlama DEX overview,https://api.llama.fi/overview/dexs,third_party,high,DEX volume is source-comparable only for DEX records.
2026-10-06,Curve,Curve Finance,Spot,24H DEX Volume,53547447.0,USD,24H,DefiLlama DEX overview,https://api.llama.fi/overview/dexs,third_party,high,DEX volume is source-comparable only for DEX records.
2026-10-06,Uniswap,Uniswap V2,Spot,24H DEX Volume,21805920.0,USD,24H,DefiLlama DEX overview,https://api.llama.fi/overview/dexs,third_party,high,DEX volume is source-comparable only for DEX records.
2026-10-06,Aerodrome,Aerodrome V1,Spot,24H DEX Volume,7911080.0,USD,24H,DefiLlama DEX overview,https://api.llama.fi/overview/dexs,third_party,high,DEX volume is source-comparable only for DEX records.
2026-10-06,Uniswap,Uniswap V4,Spot,24H Fee Share,3.0711,%,24H,DefiLlama fees overview,https://api.llama.fi/overview/fees,third_party,high,"Share of all DefiLlama-tracked fees over 24H; record-level, summed per project in the dashboard."
2026-10-06,Aave,Aave V3,Lending,24H Fee Share,1.7604,%,24H,DefiLlama fees overview,https://api.llama.fi/overview/fees,third_party,high,"Share of all DefiLlama-tracked fees over 24H; record-level, summed per project in the dashboard."
2026-10-06,Uniswap,Uniswap V3,Spot,24H Fee Share,1.1501,%,24H,DefiLlama fees overview,https://api.llama.fi/overview/fees,third_party,high,"Share of all DefiLlama-tracked fees over 24H; record-level, summed per project in the dashboard."
2026-10-06,Aerodrome,Aerodrome Slipstream,Spot,24H Fee Share,0.3379,%,24H,DefiLlama fees overview,https://api.llama.fi/overview/fees,third_party,high,"Share of all DefiLlama-tracked fees over 24H; record-level, summed per project in the dashboard."
2026-10-06,Centrifuge,Centrifuge,Tokenization,24H Fee Share,0.1285,%,24H,DefiLlama fees overview,https://api.llama.fi/overview/fees,third_party,high,"Share of all DefiLlama-tracked fees over 24H; record-level, summed per project in the dashboard."
2026-10-06,Uniswap,Uniswap V2,Spot,24H Fee Share,0.0808,%,24H,DefiLlama fees overview,https://api.llama.fi/overview/fees,third_party,high,"Share of all DefiLlama-tracked fees over 24H; record-level, summed per project in the dashboard."
2026-10-06,Aerodrome,Aerodrome V1,Spot,24H Fee Share,0.0436,%,24H,DefiLlama fees overview,https://api.llama.fi/overview/fees,third_party,high,"Share of all DefiLlama-tracked fees over 24H; record-level, summed per project in the dashboard."
2026-10-06,Aave,Aave V4,Lending,24H Fee Share,0.0374,%,24H,DefiLlama fees overview,https://api.llama.fi/overview/fees,third_party,medium,"Share of all DefiLlama-tracked fees over 24H; record-level, summed per project in the dashboard."
2026-10-06,Hyperliquid,Hyperliquid HLP,Derivatives,24H Fee Share,0.0237,%,24H,DefiLlama fees overview,https://api.llama.fi/overview/fees,third_party,medium,"Share of all DefiLlama-tracked fees over 24H; record-level, summed per project in the dashboard."
2026-10-06,Falcon,Falcon Finance,Asset Management,24H Fee Share,0.0157,%,24H,DefiLlama fees overview,https://api.llama.fi/overview/fees,third_party,medium,"Share of all DefiLlama-tracked fees over 24H; record-level, summed per project in the dashboard."
2026-10-06,Virtuals,Virtuals Protocol,AI,24H Fee Share,0.014,%,24H,DefiLlama fees overview,https://api.llama.fi/overview/fees,third_party,medium,"Share of all DefiLlama-tracked fees over 24H; record-level, summed per project in the dashboard."
2026-10-06,Pendle,Pendle,Derivatives,24H Fee Share,0.0131,%,24H,DefiLlama fees overview,https://api.llama.fi/overview/fees,third_party,high,"Share of all DefiLlama-tracked fees over 24H; record-level, summed per project in the dashboard."
2026-10-06,LayerZero,LayerZero V2,Infra,24H Fee Share,0.011,%,24H,DefiLlama fees overview,https://api.llama.fi/overview/fees,third_party,medium,"Share of all DefiLlama-tracked fees over 24H; record-level, summed per project in the dashboard."
2026-10-06,Pendle,Pendle Boros,Derivatives,24H Fee Share,0.0009,%,24H,DefiLlama fees overview,https://api.llama.fi/overview/fees,third_party,medium,"Share of all DefiLlama-tracked fees over 24H; record-level, summed per project in the dashboard."
2026-10-06,Hyperliquid,Hyperliquid Exchange,Derivatives,24H Fees,3031994.0,USD,24H,DefiLlama fees,https://api.llama.fi/summary/fees/hyperliquid?dataType=dailyFees,third_party,high,24H Fees from the same DefiLlama fees response as the 30D figure.
2026-10-06,Uniswap,Uniswap V4,Spot,24H Fees,2509009.0,USD,24H,DefiLlama fees,https://api.llama.fi/summary/fees/uniswap-v4?dataType=dailyFees,third_party,high,24H Fees from the same DefiLlama fees response as the 30D figure.
2026-10-06,Canton,Canton Network,Infra,24H Fees,1734855.0,USD,24H,DefiLlama fees,https://api.llama.fi/summary/fees/canton?dataType=dailyFees,third_party,medium,24H Fees from the same DefiLlama fees response as the 30D figure.
2026-10-06,Aave,Aave V3,Lending,24H Fees,1438190.0,USD,24H,DefiLlama fees,https://api.llama.fi/summary/fees/aave-v3?dataType=dailyFees,third_party,high,24H Fees from the same DefiLlama fees response as the 30D figure.
2026-10-06,Uniswap,Uniswap V3,Spot,24H Fees,939602.0,USD,24H,DefiLlama fees,https://api.llama.fi/summary/fees/uniswap-v3?dataType=dailyFees,third_party,high,24H Fees from the same DefiLlama fees response as the 30D figure.
2026-10-06,Sky,Sky Lending,Lending,24H Fees,914041.0,USD,24H,DefiLlama fees,https://api.llama.fi/summary/fees/sky-lending?dataType=dailyFees,third_party,high,24H Fees from the same DefiLlama fees response as the 30D figure.
2026-10-06,Morpho,Morpho Blue,Lending,24H Fees,664570.0,USD,24H,DefiLlama fees,https://api.llama.fi/summary/fees/morpho-blue?dataType=dailyFees,third_party,high,24H Fees from the same DefiLlama fees response as the 30D figure.
2026-10-06,Aerodrome,Aerodrome V1,Spot,24H Fees,335314.0,USD,24H,DefiLlama fees,https://api.llama.fi/summary/fees/aerodrome?dataType=dailyFees,third_party,high,24H Fees from the same DefiLlama fees response as the 30D figure.
2026-10-06,Centrifuge,Centrifuge,Tokenization,24H Fees,334826.0,USD,24H,DefiLlama fees,https://api.llama.fi/summary/fees/centrifuge?dataType=dailyFees,third_party,high,24H Fees from the same DefiLlama fees response as the 30D figure.
2026-10-06,Ondo,Ondo Yield Assets,Tokenization,24H Fees,314923.0,USD,24H,DefiLlama fees,https://api.llama.fi/summary/fees/ondo-yield-assets?dataType=dailyFees,third_party,high,24H Fees from the same DefiLlama fees response as the 30D figure.
2026-10-06,Aerodrome,Aerodrome Slipstream,Spot,24H Fees,276058.0,USD,24H,DefiLlama fees,https://api.llama.fi/summary/fees/aerodrome-slipstream?dataType=dailyFees,third_party,high,24H Fees from the same DefiLlama fees response as the 30D figure.
2026-10-06,Kamino,Kamino,Lending,24H Fees,164986.0,USD,24H,DefiLlama fees,https://api.llama.fi/summary/fees/kamino?dataType=dailyFees,third_party,high,24H Fees from the same DefiLlama fees response as the 30D figure.
2026-10-06,Jupiter,Jupiter Perpetual Exchange,Derivatives,24H Fees,147138.0,USD,24H,DefiLlama fees,https://api.llama.fi/summary/fees/jupiter-perpetual-exchange?dataType=dailyFees,third_party,medium,24H Fees from the same DefiLlama fees response as the 30D figure.
2026-10-06,EtherFi,EtherFi Cash,Asset Management,24H Fees,83558.0,USD,24H,DefiLlama fees,https://api.llama.fi/summary/fees/etherfi-cash-liquid?dataType=dailyFees,third_party,medium,24H Fees from the same DefiLlama fees response as the 30D figure.
2026-10-06,Curve,Curve Finance,Spot,24H Fees,70235.58,USD,24H,DefiLlama fees,https://api.llama.fi/summary/fees/curve-finance?dataType=dailyFees,third_party,high,24H Fees from the same DefiLlama fees response as the 30D figure.
2026-10-06,Uniswap,Uniswap V2,Spot,24H Fees,66040.0,USD,24H,DefiLlama fees,https://api.llama.fi/summary/fees/uniswap-v2?dataType=dailyFees,third_party,high,24H Fees from the same DefiLlama fees response as the 30D figure.
2026-10-06,Euler,Euler V2,Lending,24H Fees,58811.0,USD,24H,DefiLlama fees,https://api.llama.fi/summary/fees/euler-v2?dataType=dailyFees,third_party,high,24H Fees from the same DefiLlama fees response as the 30D figure.
2026-10-06,Hyperliquid,Hyperliquid Spot Orderbook,Derivatives,24H Fees,54809.0,USD,24H,DefiLlama fees,https://api.llama.fi/summary/fees/hyperliquid-spot-orderbook?dataType=dailyFees,third_party,medium,24H Fees from the same DefiLlama fees response as the 30D figure.
2026-10-06,Pendle,Pendle,Derivatives,24H Fees,44539.0,USD,24H,DefiLlama fees,https://api.llama.fi/summary/fees/pendle?dataType=dailyFees,third_party,high,24H Fees from the same DefiLlama fees response as the 30D figure.
2026-10-06,Aave,Aave V4,Lending,24H Fees,30548.0,USD,24H,DefiLlama fees,https://api.llama.fi/summary/fees/aave-v4?dataType=dailyFees,third_party,medium,24H Fees from the same DefiLlama fees response as the 30D figure.
2026-10-06,Hyperliquid,Hyperliquid HLP,Derivatives,24H Fees,19363.0,USD,24H,DefiLlama fees,https://api.llama.fi/summary/fees/hyperliquid-hlp?dataType=dailyFees,third_party,medium,24H Fees from the same DefiLlama fees response as the 30D figure.
2026-10-06,Falcon,Falcon Finance,Asset Management,24H Fees,12840.0,USD,24H,DefiLlama fees,https://api.llama.fi/summary/fees/falcon-finance?dataType=dailyFees,third_party,medium,24H Fees from the same DefiLlama fees response as the 30D figure.
2026-10-06,Maple,Maple Finance,Lending,24H Fees,10625.0,USD,24H,DefiLlama fees,https://api.llama.fi/summary/fees/maple?dataType=dailyFees,third_party,high,24H Fees from the same DefiLlama fees response as the 30D figure.
2026-10-06,LayerZero,LayerZero V2,Infra,24H Fees,9177.0,USD,24H,DefiLlama fees,https://api.llama.fi/summary/fees/layerzero?dataType=dailyFees,third_party,medium,24H Fees from the same DefiLlama fees response as the 30D figure.
2026-10-06,Pendle,Pendle Boros,Derivatives,24H Fees,747.0,USD,24H,DefiLlama fees,https://api.llama.fi/summary/fees/boros?dataType=dailyFees,third_party,medium,24H Fees from the same DefiLlama fees response as the 30D figure.
2026-10-06,Ethena,Ethena USDe,Asset Management,24H Fees,122.0,USD,24H,DefiLlama fees,https://api.llama.fi/summary/fees/ethena-usde?dataType=dailyFees,third_party,high,24H Fees from the same DefiLlama fees response as the 30D figure.
2026-10-06,Hyperliquid,Hyperliquid Perps,Derivatives,24H Perps Volume,4315487699.12,USD,24H,Hyperliquid info API,https://api.hyperliquid.xyz/info,third_party,high,24H perp notional volume summed across assets from the official Hyperliquid info API (project-native).
2026-10-06,Hyperliquid,Hyperliquid Exchange,Derivatives,24H Revenue,2454430.0,USD,24H,DefiLlama fees,https://api.llama.fi/summary/fees/hyperliquid?dataType=dailyRevenue,third_party,high,24H Revenue from the same DefiLlama fees response as the 30D figure.
2026-10-06,Canton,Canton Network,Infra,24H Revenue,1734855.0,USD,24H,DefiLlama fees,https://api.llama.fi/summary/fees/canton?dataType=dailyRevenue,third_party,medium,24H Revenue from the same DefiLlama fees response as the 30D figure.
2026-10-06,Sky,Sky Lending,Lending,24H Revenue,454202.0,USD,24H,DefiLlama fees,https://api.llama.fi/summary/fees/sky-lending?dataType=dailyRevenue,third_party,high,24H Revenue from the same DefiLlama fees response as the 30D figure.
2026-10-06,Uniswap,Uniswap V3,Spot,24H Revenue,249856.0,USD,24H,DefiLlama fees,https://api.llama.fi/summary/fees/uniswap-v3?dataType=dailyRevenue,third_party,high,24H Revenue from the same DefiLlama fees response as the 30D figure.
2026-10-06,Aerodrome,Aerodrome V1,Spot,24H Revenue,211588.0,USD,24H,DefiLlama fees,https://api.llama.fi/summary/fees/aerodrome?dataType=dailyRevenue,third_party,high,24H Revenue from the same DefiLlama fees response as the 30D figure.
2026-10-06,Aave,Aave V3,Lending,24H Revenue,177732.0,USD,24H,DefiLlama fees,https://api.llama.fi/summary/fees/aave-v3?dataType=dailyRevenue,third_party,high,24H Revenue from the same DefiLlama fees response as the 30D figure.
2026-10-06,Aerodrome,Aerodrome Slipstream,Spot,24H Revenue,176821.0,USD,24H,DefiLlama fees,https://api.llama.fi/summary/fees/aerodrome-slipstream?dataType=dailyRevenue,third_party,high,24H Revenue from the same DefiLlama fees response as the 30D figure.
2026-10-06,EtherFi,EtherFi Cash,Asset Management,24H Revenue,74795.0,USD,24H,DefiLlama fees,https://api.llama.fi/summary/fees/etherfi-cash-liquid?dataType=dailyRevenue,third_party,medium,24H Revenue from the same DefiLlama fees response as the 30D figure.
2026-10-06,Pendle,Pendle,Derivatives,24H Revenue,44406.0,USD,24H,DefiLlama fees,https://api.llama.fi/summary/fees/pendle?dataType=dailyRevenue,third_party,high,24H Revenue from the same DefiLlama fees response as the 30D figure.
2026-10-06,Hyperliquid,Hyperliquid Spot Orderbook,Derivatives,24H Revenue,43965.0,USD,24H,DefiLlama fees,https://api.llama.fi/summary/fees/hyperliquid-spot-orderbook?dataType=dailyRevenue,third_party,medium,24H Revenue from the same DefiLlama fees response as the 30D figure.
2026-10-06,Jupiter,Jupiter Perpetual Exchange,Derivatives,24H Revenue,36785.0,USD,24H,DefiLlama fees,https://api.llama.fi/summary/fees/jupiter-perpetual-exchange?dataType=dailyRevenue,third_party,medium,24H Revenue from the same DefiLlama fees response as the 30D figure.
2026-10-06,Curve,Curve Finance,Spot,24H Revenue,35408.0,USD,24H,DefiLlama fees,https://api.llama.fi/summary/fees/curve-finance?dataType=dailyRevenue,third_party,high,24H Revenue from the same DefiLlama fees response as the 30D figure.
2026-10-06,Kamino,Kamino,Lending,24H Revenue,22180.0,USD,24H,DefiLlama fees,https://api.llama.fi/summary/fees/kamino?dataType=dailyRevenue,third_party,high,24H Revenue from the same DefiLlama fees response as the 30D figure.
2026-10-06,Centrifuge,Centrifuge,Tokenization,24H Revenue,10729.0,USD,24H,DefiLlama fees,https://api.llama.fi/summary/fees/centrifuge?dataType=dailyRevenue,third_party,high,24H Revenue from the same DefiLlama fees response as the 30D figure.
2026-10-06,Aave,Aave V4,Lending,24H Revenue,4437.0,USD,24H,DefiLlama fees,https://api.llama.fi/summary/fees/aave-v4?dataType=dailyRevenue,third_party,medium,24H Revenue from the same DefiLlama fees response as the 30D figure.
2026-10-06,Euler,Euler V2,Lending,24H Revenue,2553.0,USD,24H,DefiLlama fees,https://api.llama.fi/summary/fees/euler-v2?dataType=dailyRevenue,third_party,high,24H Revenue from the same DefiLlama fees response as the 30D figure.
2026-10-06,Maple,Maple Finance,Lending,24H Revenue,1732.0,USD,24H,DefiLlama fees,https://api.llama.fi/summary/fees/maple?dataType=dailyRevenue,third_party,high,24H Revenue from the same DefiLlama fees response as the 30D figure.
2026-10-06,Pendle,Pendle Boros,Derivatives,24H Revenue,747.0,USD,24H,DefiLlama fees,https://api.llama.fi/summary/fees/boros?dataType=dailyRevenue,third_party,medium,24H Revenue from the same DefiLlama fees response as the 30D figure.
2026-10-06,Ethena,Ethena USDe,Asset Management,24H Revenue,122.0,USD,24H,DefiLlama fees,https://api.llama.fi/summary/fees/ethena-usde?dataType=dailyRevenue,third_party,high,24H Revenue from the same DefiLlama fees response as the 30D figure.
2026-10-06,LayerZero,ZRO token,Infra,24H Token Performance,6.771,%,24H,CoinGecko markets,"https://api.coingecko.com/api/v3/coins/markets?vs_currency=usd&ids=aave,aerodrome-finance,canton-network,centrifuge-2,curve-dao-token,ethena,ether-fi,euler,falcon-finance-ff,hyperliquid,jupiter-exchange-solana,kamino,layerzero,morpho,ondo-finance,pendle,sky,syrup,uniswap,virtual-protocol&order=market_cap_desc&per_page=250&page=1&sparkline=false&price_change_percentage=24h%2C7d%2C30d%2C1y",third_party,high,"Token price change; market sentiment, not product adoption."
2026-10-06,Jupiter,JUP token,Spot,24H Token Performance,4.5958,%,24H,CoinGecko markets,"https://api.coingecko.com/api/v3/coins/markets?vs_currency=usd&ids=aave,aerodrome-finance,canton-network,centrifuge-2,curve-dao-token,ethena,ether-fi,euler,falcon-finance-ff,hyperliquid,jupiter-exchange-solana,kamino,layerzero,morpho,ondo-finance,pendle,sky,syrup,uniswap,virtual-protocol&order=market_cap_desc&per_page=250&page=1&sparkline=false&price_change_percentage=24h%2C7d%2C30d%2C1y",third_party,high,"Token price change; market sentiment, not product adoption."
2026-10-06,Canton,CC token,Infra,24H Token Performance,4.0013,%,24H,CoinGecko markets,"https://api.coingecko.com/api/v3/coins/markets?vs_currency=usd&ids=aave,aerodrome-finance,canton-network,centrifuge-2,curve-dao-token,ethena,ether-fi,euler,falcon-finance-ff,hyperliquid,jupiter-exchange-solana,kamino,layerzero,morpho,ondo-finance,pendle,sky,syrup,uniswap,virtual-protocol&order=market_cap_desc&per_page=250&page=1&sparkline=false&price_change_percentage=24h%2C7d%2C30d%2C1y",third_party,high,"Token price change; market sentiment, not product adoption."
2026-10-06,Euler,EUL token,Lending,24H Token Performance,2.855,%,24H,CoinGecko markets,"https://api.coingecko.com/api/v3/coins/markets?vs_currency=usd&ids=aave,aerodrome-finance,canton-network,centrifuge-2,curve-dao-token,ethena,ether-fi,euler,falcon-finance-ff,hyperliquid,jupiter-exchange-solana,kamino,layerzero,morpho,ondo-finance,pendle,sky,syrup,uniswap,virtual-protocol&order=market_cap_desc&per_page=250&page=1&sparkline=false&price_change_percentage=24h%2C7d%2C30d%2C1y",third_party,high,"Token price change; market sentiment, not product adoption."
2026-10-06,Ondo,ONDO token,Tokenization,24H Token Performance,1.9693,%,24H,CoinGecko markets,"https://api.coingecko.com/api/v3/coins/markets?vs_currency=usd&ids=aave,aerodrome-finance,canton-network,centrifuge-2,curve-dao-token,ethena,ether-fi,euler,falcon-finance-ff,hyperliquid,jupiter-exchange-solana,kamino,layerzero,morpho,ondo-finance,pendle,sky,syrup,uniswap,virtual-protocol&order=market_cap_desc&per_page=250&page=1&sparkline=false&price_change_percentage=24h%2C7d%2C30d%2C1y",third_party,high,"Token price change; market sentiment, not product adoption."
2026-10-06,Morpho,MORPHO token,Lending,24H Token Performance,1.0907,%,24H,CoinGecko markets,"https://api.coingecko.com/api/v3/coins/markets?vs_currency=usd&ids=aave,aerodrome-finance,canton-network,centrifuge-2,curve-dao-token,ethena,ether-fi,euler,falcon-finance-ff,hyperliquid,jupiter-exchange-solana,kamino,layerzero,morpho,ondo-finance,pendle,sky,syrup,uniswap,virtual-protocol&order=market_cap_desc&per_page=250&page=1&sparkline=false&price_change_percentage=24h%2C7d%2C30d%2C1y",third_party,high,"Token price change; market sentiment, not product adoption."
2026-10-06,Maple,SYRUP token,Tokenization,24H Token Performance,0.9147,%,24H,CoinGecko markets,"https://api.coingecko.com/api/v3/coins/markets?vs_currency=usd&ids=aave,aerodrome-finance,canton-network,centrifuge-2,curve-dao-token,ethena,ether-fi,euler,falcon-finance-ff,hyperliquid,jupiter-exchange-solana,kamino,layerzero,morpho,ondo-finance,pendle,sky,syrup,uniswap,virtual-protocol&order=market_cap_desc&per_page=250&page=1&sparkline=false&price_change_percentage=24h%2C7d%2C30d%2C1y",third_party,high,"Token price change; market sentiment, not product adoption."
2026-10-06,EtherFi,ETHFI token,Asset Management,24H Token Performance,-0.0709,%,24H,CoinGecko markets,"https://api.coingecko.com/api/v3/coins/markets?vs_currency=usd&ids=aave,aerodrome-finance,canton-network,centrifuge-2,curve-dao-token,ethena,ether-fi,euler,falcon-finance-ff,hyperliquid,jupiter-exchange-solana,kamino,layerzero,morpho,ondo-finance,pendle,sky,syrup,uniswap,virtual-protocol&order=market_cap_desc&per_page=250&page=1&sparkline=false&price_change_percentage=24h%2C7d%2C30d%2C1y",third_party,high,"Token price change; market sentiment, not product adoption."
2026-10-06,Aave,AAVE token,Lending,24H Token Performance,-0.9671,%,24H,CoinGecko markets,"https://api.coingecko.com/api/v3/coins/markets?vs_currency=usd&ids=aave,aerodrome-finance,canton-network,centrifuge-2,curve-dao-token,ethena,ether-fi,euler,falcon-finance-ff,hyperliquid,jupiter-exchange-solana,kamino,layerzero,morpho,ondo-finance,pendle,sky,syrup,uniswap,virtual-protocol&order=market_cap_desc&per_page=250&page=1&sparkline=false&price_change_percentage=24h%2C7d%2C30d%2C1y",third_party,high,"Token price change; market sentiment, not product adoption."
2026-10-06,Hyperliquid,HYPE token,Derivatives,24H Token Performance,-1.2989,%,24H,CoinGecko markets,"https://api.coingecko.com/api/v3/coins/markets?vs_currency=usd&ids=aave,aerodrome-finance,canton-network,centrifuge-2,curve-dao-token,ethena,ether-fi,euler,falcon-finance-ff,hyperliquid,jupiter-exchange-solana,kamino,layerzero,morpho,ondo-finance,pendle,sky,syrup,uniswap,virtual-protocol&order=market_cap_desc&per_page=250&page=1&sparkline=false&price_change_percentage=24h%2C7d%2C30d%2C1y",third_party,high,"Token price change; market sentiment, not product adoption."
2026-10-06,Pendle,PENDLE token,Derivatives,24H Token Performance,-1.4016,%,24H,CoinGecko markets,"https://api.coingecko.com/api/v3/coins/markets?vs_currency=usd&ids=aave,aerodrome-finance,canton-network,centrifuge-2,curve-dao-token,ethena,ether-fi,euler,falcon-finance-ff,hyperliquid,jupiter-exchange-solana,kamino,layerzero,morpho,ondo-finance,pendle,sky,syrup,uniswap,virtual-protocol&order=market_cap_desc&per_page=250&page=1&sparkline=false&price_change_percentage=24h%2C7d%2C30d%2C1y",third_party,high,"Token price change; market sentiment, not product adoption."
2026-10-06,Sky,SKY token,Lending,24H Token Performance,-1.5496,%,24H,CoinGecko markets,"https://api.coingecko.com/api/v3/coins/markets?vs_currency=usd&ids=aave,aerodrome-finance,canton-network,centrifuge-2,curve-dao-token,ethena,ether-fi,euler,falcon-finance-ff,hyperliquid,jupiter-exchange-solana,kamino,layerzero,morpho,ondo-finance,pendle,sky,syrup,uniswap,virtual-protocol&order=market_cap_desc&per_page=250&page=1&sparkline=false&price_change_percentage=24h%2C7d%2C30d%2C1y",third_party,high,"Token price change; market sentiment, not product adoption."
2026-10-06,Kamino,KMNO token,Lending,24H Token Performance,-2.7233,%,24H,CoinGecko markets,"https://api.coingecko.com/api/v3/coins/markets?vs_currency=usd&ids=aave,aerodrome-finance,canton-network,centrifuge-2,curve-dao-token,ethena,ether-fi,euler,falcon-finance-ff,hyperliquid,jupiter-exchange-solana,kamino,layerzero,morpho,ondo-finance,pendle,sky,syrup,uniswap,virtual-protocol&order=market_cap_desc&per_page=250&page=1&sparkline=false&price_change_percentage=24h%2C7d%2C30d%2C1y",third_party,high,"Token price change; market sentiment, not product adoption."
2026-10-06,Centrifuge,CFG token,Tokenization,24H Token Performance,-2.8018,%,24H,CoinGecko markets,"https://api.coingecko.com/api/v3/coins/markets?vs_currency=usd&ids=aave,aerodrome-finance,canton-network,centrifuge-2,curve-dao-token,ethena,ether-fi,euler,falcon-finance-ff,hyperliquid,jupiter-exchange-solana,kamino,layerzero,morpho,ondo-finance,pendle,sky,syrup,uniswap,virtual-protocol&order=market_cap_desc&per_page=250&page=1&sparkline=false&price_change_percentage=24h%2C7d%2C30d%2C1y",third_party,high,"Token price change; market sentiment, not product adoption."
2026-10-06,Curve,CRV token,Spot,24H Token Performance,-2.8085,%,24H,CoinGecko markets,"https://api.coingecko.com/api/v3/coins/markets?vs_currency=usd&ids=aave,aerodrome-finance,canton-network,centrifuge-2,curve-dao-token,ethena,ether-fi,euler,falcon-finance-ff,hyperliquid,jupiter-exchange-solana,kamino,layerzero,morpho,ondo-finance,pendle,sky,syrup,uniswap,virtual-protocol&order=market_cap_desc&per_page=250&page=1&sparkline=false&price_change_percentage=24h%2C7d%2C30d%2C1y",third_party,high,"Token price change; market sentiment, not product adoption."
2026-10-06,Uniswap,UNI token,Spot,24H Token Performance,-2.9592,%,24H,CoinGecko markets,"https://api.coingecko.com/api/v3/coins/markets?vs_currency=usd&ids=aave,aerodrome-finance,canton-network,centrifuge-2,curve-dao-token,ethena,ether-fi,euler,falcon-finance-ff,hyperliquid,jupiter-exchange-solana,kamino,layerzero,morpho,ondo-finance,pendle,sky,syrup,uniswap,virtual-protocol&order=market_cap_desc&per_page=250&page=1&sparkline=false&price_change_percentage=24h%2C7d%2C30d%2C1y",third_party,high,"Token price change; market sentiment, not product adoption."
2026-10-06,Virtuals,VIRTUAL token,AI,24H Token Performance,-2.9664,%,24H,CoinGecko markets,"https://api.coingecko.com/api/v3/coins/markets?vs_currency=usd&ids=aave,aerodrome-finance,canton-network,centrifuge-2,curve-dao-token,ethena,ether-fi,euler,falcon-finance-ff,hyperliquid,jupiter-exchange-solana,kamino,layerzero,morpho,ondo-finance,pendle,sky,syrup,uniswap,virtual-protocol&order=market_cap_desc&per_page=250&page=1&sparkline=false&price_change_percentage=24h%2C7d%2C30d%2C1y",third_party,high,"Token price change; market sentiment, not product adoption."
2026-10-06,Ethena,ENA token,Asset Management,24H Token Performance,-3.6506,%,24H,CoinGecko markets,"https://api.coingecko.com/api/v3/coins/markets?vs_currency=usd&ids=aave,aerodrome-finance,canton-network,centrifuge-2,curve-dao-token,ethena,ether-fi,euler,falcon-finance-ff,hyperliquid,jupiter-exchange-solana,kamino,layerzero,morpho,ondo-finance,pendle,sky,syrup,uniswap,virtual-protocol&order=market_cap_desc&per_page=250&page=1&sparkline=false&price_change_percentage=24h%2C7d%2C30d%2C1y",third_party,high,"Token price change; market sentiment, not product adoption."
2026-10-06,Falcon,FF token,Asset Management,24H Token Performance,-4.4852,%,24H,CoinGecko markets,"https://api.coingecko.com/api/v3/coins/markets?vs_currency=usd&ids=aave,aerodrome-finance,canton-network,centrifuge-2,curve-dao-token,ethena,ether-fi,euler,falcon-finance-ff,hyperliquid,jupiter-exchange-solana,kamino,layerzero,morpho,ondo-finance,pendle,sky,syrup,uniswap,virtual-protocol&order=market_cap_desc&per_page=250&page=1&sparkline=false&price_change_percentage=24h%2C7d%2C30d%2C1y",third_party,high,"Token price change; market sentiment, not product adoption."
2026-10-06,Aerodrome,AERO token,Spot,24H Token Performance,-6.3605,%,24H,CoinGecko markets,"https://api.coingecko.com/api/v3/coins/markets?vs_currency=usd&ids=aave,aerodrome-finance,canton-network,centrifuge-2,curve-dao-token,ethena,ether-fi,euler,falcon-finance-ff,hyperliquid,jupiter-exchange-solana,kamino,layerzero,morpho,ondo-finance,pendle,sky,syrup,uniswap,virtual-protocol&order=market_cap_desc&per_page=250&page=1&sparkline=false&price_change_percentage=24h%2C7d%2C30d%2C1y",third_party,high,"Token price change; market sentiment, not product adoption."
2026-10-06,Hyperliquid,HYPE token,Derivatives,24H Token Volume,1056627234.0,USD,24H,CoinGecko markets,"https://api.coingecko.com/api/v3/coins/markets?vs_currency=usd&ids=aave,aerodrome-finance,canton-network,centrifuge-2,curve-dao-token,ethena,ether-fi,euler,falcon-finance-ff,hyperliquid,jupiter-exchange-solana,kamino,layerzero,morpho,ondo-finance,pendle,sky,syrup,uniswap,virtual-protocol&order=market_cap_desc&per_page=250&page=1&sparkline=false&price_change_percentage=24h%2C7d%2C30d%2C1y",third_party,high,Token-level market metric from CoinGecko; do not treat as protocol/product usage.
2026-10-06,Uniswap,UNI token,Spot,24H Token Volume,543876429.0,USD,24H,CoinGecko markets,"https://api.coingecko.com/api/v3/coins/markets?vs_currency=usd&ids=aave,aerodrome-finance,canton-network,centrifuge-2,curve-dao-token,ethena,ether-fi,euler,falcon-finance-ff,hyperliquid,jupiter-exchange-solana,kamino,layerzero,morpho,ondo-finance,pendle,sky,syrup,uniswap,virtual-protocol&order=market_cap_desc&per_page=250&page=1&sparkline=false&price_change_percentage=24h%2C7d%2C30d%2C1y",third_party,high,Token-level market metric from CoinGecko; do not treat as protocol/product usage.
2026-10-06,Ethena,ENA token,Asset Management,24H Token Volume,398071890.0,USD,24H,CoinGecko markets,"https://api.coingecko.com/api/v3/coins/markets?vs_currency=usd&ids=aave,aerodrome-finance,canton-network,centrifuge-2,curve-dao-token,ethena,ether-fi,euler,falcon-finance-ff,hyperliquid,jupiter-exchange-solana,kamino,layerzero,morpho,ondo-finance,pendle,sky,syrup,uniswap,virtual-protocol&order=market_cap_desc&per_page=250&page=1&sparkline=false&price_change_percentage=24h%2C7d%2C30d%2C1y",third_party,high,Token-level market metric from CoinGecko; do not treat as protocol/product usage.
2026-10-06,Aave,AAVE token,Lending,24H Token Volume,348123776.0,USD,24H,CoinGecko markets,"https://api.coingecko.com/api/v3/coins/markets?vs_currency=usd&ids=aave,aerodrome-finance,canton-network,centrifuge-2,curve-dao-token,ethena,ether-fi,euler,falcon-finance-ff,hyperliquid,jupiter-exchange-solana,kamino,layerzero,morpho,ondo-finance,pendle,sky,syrup,uniswap,virtual-protocol&order=market_cap_desc&per_page=250&page=1&sparkline=false&price_change_percentage=24h%2C7d%2C30d%2C1y",third_party,high,Token-level market metric from CoinGecko; do not treat as protocol/product usage.
2026-10-06,Ondo,ONDO token,Tokenization,24H Token Volume,170841224.0,USD,24H,CoinGecko markets,"https://api.coingecko.com/api/v3/coins/markets?vs_currency=usd&ids=aave,aerodrome-finance,canton-network,centrifuge-2,curve-dao-token,ethena,ether-fi,euler,falcon-finance-ff,hyperliquid,jupiter-exchange-solana,kamino,layerzero,morpho,ondo-finance,pendle,sky,syrup,uniswap,virtual-protocol&order=market_cap_desc&per_page=250&page=1&sparkline=false&price_change_percentage=24h%2C7d%2C30d%2C1y",third_party,high,Token-level market metric from CoinGecko; do not treat as protocol/product usage.
2026-10-06,LayerZero,ZRO token,Infra,24H Token Volume,129053025.0,USD,24H,CoinGecko markets,"https://api.coingecko.com/api/v3/coins/markets?vs_currency=usd&ids=aave,aerodrome-finance,canton-network,centrifuge-2,curve-dao-token,ethena,ether-fi,euler,falcon-finance-ff,hyperliquid,jupiter-exchange-solana,kamino,layerzero,morpho,ondo-finance,pendle,sky,syrup,uniswap,virtual-protocol&order=market_cap_desc&per_page=250&page=1&sparkline=false&price_change_percentage=24h%2C7d%2C30d%2C1y",third_party,high,Token-level market metric from CoinGecko; do not treat as protocol/product usage.
2026-10-06,Jupiter,JUP token,Spot,24H Token Volume,101056210.0,USD,24H,CoinGecko markets,"https://api.coingecko.com/api/v3/coins/markets?vs_currency=usd&ids=aave,aerodrome-finance,canton-network,centrifuge-2,curve-dao-token,ethena,ether-fi,euler,falcon-finance-ff,hyperliquid,jupiter-exchange-solana,kamino,layerzero,morpho,ondo-finance,pendle,sky,syrup,uniswap,virtual-protocol&order=market_cap_desc&per_page=250&page=1&sparkline=false&price_change_percentage=24h%2C7d%2C30d%2C1y",third_party,high,Token-level market metric from CoinGecko; do not treat as protocol/product usage.
2026-10-06,Virtuals,VIRTUAL token,AI,24H Token Volume,57308564.0,USD,24H,CoinGecko markets,"https://api.coingecko.com/api/v3/coins/markets?vs_currency=usd&ids=aave,aerodrome-finance,canton-network,centrifuge-2,curve-dao-token,ethena,ether-fi,euler,falcon-finance-ff,hyperliquid,jupiter-exchange-solana,kamino,layerzero,morpho,ondo-finance,pendle,sky,syrup,uniswap,virtual-protocol&order=market_cap_desc&per_page=250&page=1&sparkline=false&price_change_percentage=24h%2C7d%2C30d%2C1y",third_party,high,Token-level market metric from CoinGecko; do not treat as protocol/product usage.
2026-10-06,Curve,CRV token,Spot,24H Token Volume,54286674.0,USD,24H,CoinGecko markets,"https://api.coingecko.com/api/v3/coins/markets?vs_currency=usd&ids=aave,aerodrome-finance,canton-network,centrifuge-2,curve-dao-token,ethena,ether-fi,euler,falcon-finance-ff,hyperliquid,jupiter-exchange-solana,kamino,layerzero,morpho,ondo-finance,pendle,sky,syrup,uniswap,virtual-protocol&order=market_cap_desc&per_page=250&page=1&sparkline=false&price_change_percentage=24h%2C7d%2C30d%2C1y",third_party,high,Token-level market metric from CoinGecko; do not treat as protocol/product usage.
2026-10-06,EtherFi,ETHFI token,Asset Management,24H Token Volume,53623238.0,USD,24H,CoinGecko markets,"https://api.coingecko.com/api/v3/coins/markets?vs_currency=usd&ids=aave,aerodrome-finance,canton-network,centrifuge-2,curve-dao-token,ethena,ether-fi,euler,falcon-finance-ff,hyperliquid,jupiter-exchange-solana,kamino,layerzero,morpho,ondo-finance,pendle,sky,syrup,uniswap,virtual-protocol&order=market_cap_desc&per_page=250&page=1&sparkline=false&price_change_percentage=24h%2C7d%2C30d%2C1y",third_party,high,Token-level market metric from CoinGecko; do not treat as protocol/product usage.
2026-10-06,Aerodrome,AERO token,Spot,24H Token Volume,48298031.0,USD,24H,CoinGecko markets,"https://api.coingecko.com/api/v3/coins/markets?vs_currency=usd&ids=aave,aerodrome-finance,canton-network,centrifuge-2,curve-dao-token,ethena,ether-fi,euler,falcon-finance-ff,hyperliquid,jupiter-exchange-solana,kamino,layerzero,morpho,ondo-finance,pendle,sky,syrup,uniswap,virtual-protocol&order=market_cap_desc&per_page=250&page=1&sparkline=false&price_change_percentage=24h%2C7d%2C30d%2C1y",third_party,high,Token-level market metric from CoinGecko; do not treat as protocol/product usage.
2026-10-06,Pendle,PENDLE token,Derivatives,24H Token Volume,46726525.0,USD,24H,CoinGecko markets,"https://api.coingecko.com/api/v3/coins/markets?vs_currency=usd&ids=aave,aerodrome-finance,canton-network,centrifuge-2,curve-dao-token,ethena,ether-fi,euler,falcon-finance-ff,hyperliquid,jupiter-exchange-solana,kamino,layerzero,morpho,ondo-finance,pendle,sky,syrup,uniswap,virtual-protocol&order=market_cap_desc&per_page=250&page=1&sparkline=false&price_change_percentage=24h%2C7d%2C30d%2C1y",third_party,high,Token-level market metric from CoinGecko; do not treat as protocol/product usage.
2026-10-06,Sky,SKY token,Lending,24H Token Volume,26716546.0,USD,24H,CoinGecko markets,"https://api.coingecko.com/api/v3/coins/markets?vs_currency=usd&ids=aave,aerodrome-finance,canton-network,centrifuge-2,curve-dao-token,ethena,ether-fi,euler,falcon-finance-ff,hyperliquid,jupiter-exchange-solana,kamino,layerzero,morpho,ondo-finance,pendle,sky,syrup,uniswap,virtual-protocol&order=market_cap_desc&per_page=250&page=1&sparkline=false&price_change_percentage=24h%2C7d%2C30d%2C1y",third_party,high,Token-level market metric from CoinGecko; do not treat as protocol/product usage.
2026-10-06,Morpho,MORPHO token,Lending,24H Token Volume,23165777.0,USD,24H,CoinGecko markets,"https://api.coingecko.com/api/v3/coins/markets?vs_currency=usd&ids=aave,aerodrome-finance,canton-network,centrifuge-2,curve-dao-token,ethena,ether-fi,euler,falcon-finance-ff,hyperliquid,jupiter-exchange-solana,kamino,layerzero,morpho,ondo-finance,pendle,sky,syrup,uniswap,virtual-protocol&order=market_cap_desc&per_page=250&page=1&sparkline=false&price_change_percentage=24h%2C7d%2C30d%2C1y",third_party,high,Token-level market metric from CoinGecko; do not treat as protocol/product usage.
2026-10-06,Canton,CC token,Infra,24H Token Volume,14150268.0,USD,24H,CoinGecko markets,"https://api.coingecko.com/api/v3/coins/markets?vs_currency=usd&ids=aave,aerodrome-finance,canton-network,centrifuge-2,curve-dao-token,ethena,ether-fi,euler,falcon-finance-ff,hyperliquid,jupiter-exchange-solana,kamino,layerzero,morpho,ondo-finance,pendle,sky,syrup,uniswap,virtual-protocol&order=market_cap_desc&per_page=250&page=1&sparkline=false&price_change_percentage=24h%2C7d%2C30d%2C1y",third_party,high,Token-level market metric from CoinGecko; do not treat as protocol/product usage.
2026-10-06,Centrifuge,CFG token,Tokenization,24H Token Volume,9180589.0,USD,24H,CoinGecko markets,"https://api.coingecko.com/api/v3/coins/markets?vs_currency=usd&ids=aave,aerodrome-finance,canton-network,centrifuge-2,curve-dao-token,ethena,ether-fi,euler,falcon-finance-ff,hyperliquid,jupiter-exchange-solana,kamino,layerzero,morpho,ondo-finance,pendle,sky,syrup,uniswap,virtual-protocol&order=market_cap_desc&per_page=250&page=1&sparkline=false&price_change_percentage=24h%2C7d%2C30d%2C1y",third_party,high,Token-level market metric from CoinGecko; do not treat as protocol/product usage.
2026-10-06,Maple,SYRUP token,Tokenization,24H Token Volume,6774043.0,USD,24H,CoinGecko markets,"https://api.coingecko.com/api/v3/coins/markets?vs_currency=usd&ids=aave,aerodrome-finance,canton-network,centrifuge-2,curve-dao-token,ethena,ether-fi,euler,falcon-finance-ff,hyperliquid,jupiter-exchange-solana,kamino,layerzero,morpho,ondo-finance,pendle,sky,syrup,uniswap,virtual-protocol&order=market_cap_desc&per_page=250&page=1&sparkline=false&price_change_percentage=24h%2C7d%2C30d%2C1y",third_party,high,Token-level market metric from CoinGecko; do not treat as protocol/product usage.
2026-10-06,Kamino,KMNO token,Lending,24H Token Volume,5657882.0,USD,24H,CoinGecko markets,"https://api.coingecko.com/api/v3/coins/markets?vs_currency=usd&ids=aave,aerodrome-finance,canton-network,centrifuge-2,curve-dao-token,ethena,ether-fi,euler,falcon-finance-ff,hyperliquid,jupiter-exchange-solana,kamino,layerzero,morpho,ondo-finance,pendle,sky,syrup,uniswap,virtual-protocol&order=market_cap_desc&per_page=250&page=1&sparkline=false&price_change_percentage=24h%2C7d%2C30d%2C1y",third_party,high,Token-level market metric from CoinGecko; do not treat as protocol/product usage.
2026-10-06,Falcon,FF token,Asset Management,24H Token Volume,4165762.0,USD,24H,CoinGecko markets,"https://api.coingecko.com/api/v3/coins/markets?vs_currency=usd&ids=aave,aerodrome-finance,canton-network,centrifuge-2,curve-dao-token,ethena,ether-fi,euler,falcon-finance-ff,hyperliquid,jupiter-exchange-solana,kamino,layerzero,morpho,ondo-finance,pendle,sky,syrup,uniswap,virtual-protocol&order=market_cap_desc&per_page=250&page=1&sparkline=false&price_change_percentage=24h%2C7d%2C30d%2C1y",third_party,high,Token-level market metric from CoinGecko; do not treat as protocol/product usage.
2026-10-06,Euler,EUL token,Lending,24H Token Volume,1760286.0,USD,24H,CoinGecko markets,"https://api.coingecko.com/api/v3/coins/markets?vs_currency=usd&ids=aave,aerodrome-finance,canton-network,centrifuge-2,curve-dao-token,ethena,ether-fi,euler,falcon-finance-ff,hyperliquid,jupiter-exchange-solana,kamino,layerzero,morpho,ondo-finance,pendle,sky,syrup,uniswap,virtual-protocol&order=market_cap_desc&per_page=250&page=1&sparkline=false&price_change_percentage=24h%2C7d%2C30d%2C1y",third_party,high,Token-level market metric from CoinGecko; do not treat as protocol/product usage.
2026-10-06,Uniswap,Uniswap V3,Spot,30D DEX Volume,43409840849.0,USD,30D,DefiLlama DEX overview,https://api.llama.fi/overview/dexs,third_party,high,DEX volume is source-comparable only for DEX records.
2026-10-06,Uniswap,Uniswap V4,Spot,30D DEX Volume,42449689107.0,USD,30D,DefiLlama DEX overview,https://api.llama.fi/overview/dexs,third_party,high,DEX volume is source-comparable only for DEX records.
2026-10-06,Aerodrome,Aerodrome Slipstream,Spot,30D DEX Volume,13919988912.0,USD,30D,DefiLlama DEX overview,https://api.llama.fi/overview/dexs,third_party,high,DEX volume is source-comparable only for DEX records.
2026-10-06,Curve,Curve Finance,Spot,30D DEX Volume,3070639667.0,USD,30D,DefiLlama DEX overview,https://api.llama.fi/overview/dexs,third_party,high,DEX volume is source-comparable only for DEX records.
2026-10-06,Uniswap,Uniswap V2,Spot,30D DEX Volume,1657283964.0,USD,30D,DefiLlama DEX overview,https://api.llama.fi/overview/dexs,third_party,high,DEX volume is source-comparable only for DEX records.
2026-10-06,Aerodrome,Aerodrome V1,Spot,30D DEX Volume,431803688.0,USD,30D,DefiLlama DEX overview,https://api.llama.fi/overview/dexs,third_party,high,DEX volume is source-comparable only for DEX records.
2026-10-06,Uniswap,Uniswap V3,Spot,30D DEX Volume Share,13.4559,%,30D,DefiLlama DEX overview,https://api.llama.fi/overview/dexs,third_party,high,"Share of all DefiLlama-tracked DEX volume over 30D; record-level, not project-blended."
2026-10-06,Uniswap,Uniswap V4,Spot,30D DEX Volume Share,13.1583,%,30D,DefiLlama DEX overview,https://api.llama.fi/overview/dexs,third_party,high,"Share of all DefiLlama-tracked DEX volume over 30D; record-level, not project-blended."
2026-10-06,Aerodrome,Aerodrome Slipstream,Spot,30D DEX Volume Share,4.3148,%,30D,DefiLlama DEX overview,https://api.llama.fi/overview/dexs,third_party,high,"Share of all DefiLlama-tracked DEX volume over 30D; record-level, not project-blended."
2026-10-06,Curve,Curve Finance,Spot,30D DEX Volume Share,0.9518,%,30D,DefiLlama DEX overview,https://api.llama.fi/overview/dexs,third_party,high,"Share of all DefiLlama-tracked DEX volume over 30D; record-level, not project-blended."
2026-10-06,Uniswap,Uniswap V2,Spot,30D DEX Volume Share,0.5137,%,30D,DefiLlama DEX overview,https://api.llama.fi/overview/dexs,third_party,high,"Share of all DefiLlama-tracked DEX volume over 30D; record-level, not project-blended."
2026-10-06,Aerodrome,Aerodrome V1,Spot,30D DEX Volume Share,0.1338,%,30D,DefiLlama DEX overview,https://api.llama.fi/overview/dexs,third_party,high,"Share of all DefiLlama-tracked DEX volume over 30D; record-level, not project-blended."
2026-10-06,Hyperliquid,Hyperliquid Perps,Derivatives,30D Derivatives Volume,104075709127.26,USD,30D,Hyperliquid info API,https://api.hyperliquid.xyz/info,third_party,high,Rolling 16-day perp volume from native API daily snapshots (target: 30 days). Source: Hyperliquid info API.
2026-10-06,Centrifuge,Centrifuge,Tokenization,30D Fee Growth,568.14,%,30D,DefiLlama fees overview,https://api.llama.fi/overview/fees,third_party,high,Fee growth precomputed by DefiLlama (current window vs prior window).
2026-10-06,Hyperliquid,Hyperliquid HLP,Derivatives,30D Fee Growth,132.7,%,30D,DefiLlama fees overview,https://api.llama.fi/overview/fees,third_party,medium,Fee growth precomputed by DefiLlama (current window vs prior window).
2026-10-06,Falcon,Falcon Finance,Asset Management,30D Fee Growth,103.71,%,30D,DefiLlama fees overview,https://api.llama.fi/overview/fees,third_party,medium,Fee growth precomputed by DefiLlama (current window vs prior window).
2026-10-06,Aave,Aave V4,Lending,30D Fee Growth,73.32,%,30D,DefiLlama fees overview,https://api.llama.fi/overview/fees,third_party,medium,Fee growth precomputed by DefiLlama (current window vs prior window).
2026-10-06,Aerodrome,Aerodrome Slipstream,Spot,30D Fee Growth,53.66,%,30D,DefiLlama fees overview,https://api.llama.fi/overview/fees,third_party,high,Fee growth precomputed by DefiLlama (current window vs prior window).
2026-10-06,Pendle,Pendle,Derivatives,30D Fee Growth,26.87,%,30D,DefiLlama fees overview,https://api.llama.fi/overview/fees,third_party,high,Fee growth precomputed by DefiLlama (current window vs prior window).
2026-10-06,LayerZero,LayerZero V2,Infra,30D Fee Growth,23.88,%,30D,DefiLlama fees overview,https://api.llama.fi/overview/fees,third_party,medium,Fee growth precomputed by DefiLlama (current window vs prior window).
2026-10-06,Aave,Aave V3,Lending,30D Fee Growth,19.8,%,30D,DefiLlama fees overview,https://api.llama.fi/overview/fees,third_party,high,Fee growth precomputed by DefiLlama (current window vs prior window).
2026-10-06,Pendle,Pendle Boros,Derivatives,30D Fee Growth,3.46,%,30D,DefiLlama fees overview,https://api.llama.fi/overview/fees,third_party,medium,Fee growth precomputed by DefiLlama (current window vs prior window).
2026-10-06,Aerodrome,Aerodrome V1,Spot,30D Fee Growth,1.55,%,30D,DefiLlama fees overview,https://api.llama.fi/overview/fees,third_party,high,Fee growth precomputed by DefiLlama (current window vs prior window).
2026-10-06,Virtuals,Virtuals Protocol,AI,30D Fee Growth,-12.91,%,30D,DefiLlama fees overview,https://api.llama.fi/overview/fees,third_party,medium,Fee growth precomputed by DefiLlama (current window vs prior window).
2026-10-06,Uniswap,Uniswap V2,Spot,30D Fee Growth,-48.97,%,30D,DefiLlama fees overview,https://api.llama.fi/overview/fees,third_party,high,Fee growth precomputed by DefiLlama (current window vs prior window).
2026-10-06,Uniswap,Uniswap V3,Spot,30D Fee Growth,-60.66,%,30D,DefiLlama fees overview,https://api.llama.fi/overview/fees,third_party,high,Fee growth precomputed by DefiLlama (current window vs prior window).
2026-10-06,Uniswap,Uniswap V4,Spot,30D Fee Growth,-66.84,%,30D,DefiLlama fees overview,https://api.llama.fi/overview/fees,third_party,high,Fee growth precomputed by DefiLlama (current window vs prior window).
2026-10-06,Uniswap,Uniswap V4,Spot,30D Fee Share,3.8961,%,30D,DefiLlama fees overview,https://api.llama.fi/overview/fees,third_party,high,"Share of all DefiLlama-tracked fees over 30D; record-level, summed per project in the dashboard."
2026-10-06,Uniswap,Uniswap V3,Spot,30D Fee Share,1.9786,%,30D,DefiLlama fees overview,https://api.llama.fi/overview/fees,third_party,high,"Share of all DefiLlama-tracked fees over 30D; record-level, summed per project in the dashboard."
2026-10-06,Aave,Aave V3,Lending,30D Fee Share,1.3573,%,30D,DefiLlama fees overview,https://api.llama.fi/overview/fees,third_party,high,"Share of all DefiLlama-tracked fees over 30D; record-level, summed per project in the dashboard."
2026-10-06,Aerodrome,Aerodrome Slipstream,Spot,30D Fee Share,0.6405,%,30D,DefiLlama fees overview,https://api.llama.fi/overview/fees,third_party,high,"Share of all DefiLlama-tracked fees over 30D; record-level, summed per project in the dashboard."
2026-10-06,Uniswap,Uniswap V2,Spot,30D Fee Share,0.1633,%,30D,DefiLlama fees overview,https://api.llama.fi/overview/fees,third_party,high,"Share of all DefiLlama-tracked fees over 30D; record-level, summed per project in the dashboard."
2026-10-06,Centrifuge,Centrifuge,Tokenization,30D Fee Share,0.13,%,30D,DefiLlama fees overview,https://api.llama.fi/overview/fees,third_party,high,"Share of all DefiLlama-tracked fees over 30D; record-level, summed per project in the dashboard."
2026-10-06,Aerodrome,Aerodrome V1,Spot,30D Fee Share,0.0734,%,30D,DefiLlama fees overview,https://api.llama.fi/overview/fees,third_party,high,"Share of all DefiLlama-tracked fees over 30D; record-level, summed per project in the dashboard."
2026-10-06,Aave,Aave V4,Lending,30D Fee Share,0.0289,%,30D,DefiLlama fees overview,https://api.llama.fi/overview/fees,third_party,medium,"Share of all DefiLlama-tracked fees over 30D; record-level, summed per project in the dashboard."
2026-10-06,Hyperliquid,Hyperliquid HLP,Derivatives,30D Fee Share,0.0204,%,30D,DefiLlama fees overview,https://api.llama.fi/overview/fees,third_party,medium,"Share of all DefiLlama-tracked fees over 30D; record-level, summed per project in the dashboard."
2026-10-06,Pendle,Pendle,Derivatives,30D Fee Share,0.0204,%,30D,DefiLlama fees overview,https://api.llama.fi/overview/fees,third_party,high,"Share of all DefiLlama-tracked fees over 30D; record-level, summed per project in the dashboard."
2026-10-06,Virtuals,Virtuals Protocol,AI,30D Fee Share,0.0198,%,30D,DefiLlama fees overview,https://api.llama.fi/overview/fees,third_party,medium,"Share of all DefiLlama-tracked fees over 30D; record-level, summed per project in the dashboard."
2026-10-06,LayerZero,LayerZero V2,Infra,30D Fee Share,0.0108,%,30D,DefiLlama fees overview,https://api.llama.fi/overview/fees,third_party,medium,"Share of all DefiLlama-tracked fees over 30D; record-level, summed per project in the dashboard."
2026-10-06,Falcon,Falcon Finance,Asset Management,30D Fee Share,0.0096,%,30D,DefiLlama fees overview,https://api.llama.fi/overview/fees,third_party,medium,"Share of all DefiLlama-tracked fees over 30D; record-level, summed per project in the dashboard."
2026-10-06,Pendle,Pendle Boros,Derivatives,30D Fee Share,0.0013,%,30D,DefiLlama fees overview,https://api.llama.fi/overview/fees,third_party,medium,"Share of all DefiLlama-tracked fees over 30D; record-level, summed per project in the dashboard."
2026-10-06,Uniswap,Uniswap V4,Spot,30D Fees,104228873.0,USD,30D,DefiLlama fees,https://api.llama.fi/summary/fees/uniswap-v4?dataType=dailyFees,third_party,high,30D Fees from DefiLlama fees endpoint. Methodology should be reviewed before final citation.
2026-10-06,Hyperliquid,Hyperliquid Exchange,Derivatives,30D Fees,88995554.0,USD,30D,DefiLlama fees,https://api.llama.fi/summary/fees/hyperliquid?dataType=dailyFees,third_party,high,30D Fees from DefiLlama fees endpoint. Methodology should be reviewed before final citation.
2026-10-06,Uniswap,Uniswap V3,Spot,30D Fees,52930793.0,USD,30D,DefiLlama fees,https://api.llama.fi/summary/fees/uniswap-v3?dataType=dailyFees,third_party,high,30D Fees from DefiLlama fees endpoint. Methodology should be reviewed before final citation.
2026-10-06,Canton,Canton Network,Infra,30D Fees,48857312.0,USD,30D,DefiLlama fees,https://api.llama.fi/summary/fees/canton?dataType=dailyFees,third_party,medium,30D Fees from DefiLlama fees endpoint. Methodology should be reviewed before final citation.
2026-10-06,Aave,Aave V3,Lending,30D Fees,36309512.0,USD,30D,DefiLlama fees,https://api.llama.fi/summary/fees/aave-v3?dataType=dailyFees,third_party,high,30D Fees from DefiLlama fees endpoint. Methodology should be reviewed before final citation.
2026-10-06,Sky,Sky Lending,Lending,30D Fees,26914621.0,USD,30D,DefiLlama fees,https://api.llama.fi/summary/fees/sky-lending?dataType=dailyFees,third_party,high,30D Fees from DefiLlama fees endpoint. Methodology should be reviewed before final citation.
2026-10-06,Morpho,Morpho Blue,Lending,30D Fees,20061548.0,USD,30D,DefiLlama fees,https://api.llama.fi/summary/fees/morpho-blue?dataType=dailyFees,third_party,high,30D Fees from DefiLlama fees endpoint. Methodology should be reviewed before final citation.
2026-10-06,Aerodrome,Aerodrome V1,Spot,30D Fees,19110559.0,USD,30D,DefiLlama fees,https://api.llama.fi/summary/fees/aerodrome?dataType=dailyFees,third_party,high,30D Fees from DefiLlama fees endpoint. Methodology should be reviewed before final citation.
2026-10-06,Ethena,Ethena USDe,Asset Management,30D Fees,18338279.07,USD,30D,DefiLlama fees,https://api.llama.fi/summary/fees/ethena-usde?dataType=dailyFees,third_party,high,30D Fees from DefiLlama fees endpoint. Methodology should be reviewed before final citation.
2026-10-06,Aerodrome,Aerodrome Slipstream,Spot,30D Fees,17134169.0,USD,30D,DefiLlama fees,https://api.llama.fi/summary/fees/aerodrome-slipstream?dataType=dailyFees,third_party,high,30D Fees from DefiLlama fees endpoint. Methodology should be reviewed before final citation.
2026-10-06,Maple,Maple Finance,Lending,30D Fees,9621951.0,USD,30D,DefiLlama fees,https://api.llama.fi/summary/fees/maple?dataType=dailyFees,third_party,high,30D Fees from DefiLlama fees endpoint. Methodology should be reviewed before final citation.
2026-10-06,Jupiter,Jupiter Perpetual Exchange,Derivatives,30D Fees,7857204.0,USD,30D,DefiLlama fees,https://api.llama.fi/summary/fees/jupiter-perpetual-exchange?dataType=dailyFees,third_party,medium,30D Fees from DefiLlama fees endpoint. Methodology should be reviewed before final citation.
2026-10-06,Ondo,Ondo Yield Assets,Tokenization,30D Fees,6318219.0,USD,30D,DefiLlama fees,https://api.llama.fi/summary/fees/ondo-yield-assets?dataType=dailyFees,third_party,high,30D Fees from DefiLlama fees endpoint. Methodology should be reviewed before final citation.
2026-10-06,Kamino,Kamino,Lending,30D Fees,5020194.0,USD,30D,DefiLlama fees,https://api.llama.fi/summary/fees/kamino?dataType=dailyFees,third_party,high,30D Fees from DefiLlama fees endpoint. Methodology should be reviewed before final citation.
2026-10-06,Uniswap,Uniswap V2,Spot,30D Fees,4367442.0,USD,30D,DefiLlama fees,https://api.llama.fi/summary/fees/uniswap-v2?dataType=dailyFees,third_party,high,30D Fees from DefiLlama fees endpoint. Methodology should be reviewed before final citation.
2026-10-06,Curve,Curve Finance,Spot,30D Fees,3746402.19,USD,30D,DefiLlama fees,https://api.llama.fi/summary/fees/curve-finance?dataType=dailyFees,third_party,high,30D Fees from DefiLlama fees endpoint. Methodology should be reviewed before final citation.
2026-10-06,Centrifuge,Centrifuge,Tokenization,30D Fees,3478694.0,USD,30D,DefiLlama fees,https://api.llama.fi/summary/fees/centrifuge?dataType=dailyFees,third_party,high,30D Fees from DefiLlama fees endpoint. Methodology should be reviewed before final citation.
2026-10-06,Hyperliquid,Hyperliquid Spot Orderbook,Derivatives,30D Fees,2426658.0,USD,30D,DefiLlama fees,https://api.llama.fi/summary/fees/hyperliquid-spot-orderbook?dataType=dailyFees,third_party,medium,30D Fees from DefiLlama fees endpoint. Methodology should be reviewed before final citation.
2026-10-06,EtherFi,EtherFi Cash,Asset Management,30D Fees,2411444.0,USD,30D,DefiLlama fees,https://api.llama.fi/summary/fees/etherfi-cash-liquid?dataType=dailyFees,third_party,medium,30D Fees from DefiLlama fees endpoint. Methodology should be reviewed before final citation.
2026-10-06,Euler,Euler V2,Lending,30D Fees,1737854.0,USD,30D,DefiLlama fees,https://api.llama.fi/summary/fees/euler-v2?dataType=dailyFees,third_party,high,30D Fees from DefiLlama fees endpoint. Methodology should be reviewed before final citation.
2026-10-06,Aave,Aave V4,Lending,30D Fees,773174.0,USD,30D,DefiLlama fees,https://api.llama.fi/summary/fees/aave-v4?dataType=dailyFees,third_party,medium,30D Fees from DefiLlama fees endpoint. Methodology should be reviewed before final citation.
2026-10-06,Pendle,Pendle,Derivatives,30D Fees,577949.0,USD,30D,DefiLlama fees,https://api.llama.fi/summary/fees/pendle?dataType=dailyFees,third_party,high,30D Fees from DefiLlama fees endpoint. Methodology should be reviewed before final citation.
2026-10-06,Hyperliquid,Hyperliquid HLP,Derivatives,30D Fees,544768.0,USD,30D,DefiLlama fees,https://api.llama.fi/summary/fees/hyperliquid-hlp?dataType=dailyFees,third_party,medium,30D Fees from DefiLlama fees endpoint. Methodology should be reviewed before final citation.
2026-10-06,LayerZero,LayerZero V2,Infra,30D Fees,290595.0,USD,30D,DefiLlama fees,https://api.llama.fi/summary/fees/layerzero?dataType=dailyFees,third_party,medium,30D Fees from DefiLlama fees endpoint. Methodology should be reviewed before final citation.
2026-10-06,Falcon,Falcon Finance,Asset Management,30D Fees,257717.0,USD,30D,DefiLlama fees,https://api.llama.fi/summary/fees/falcon-finance?dataType=dailyFees,third_party,medium,30D Fees from DefiLlama fees endpoint. Methodology should be reviewed before final citation.
2026-10-06,Pendle,Pendle Boros,Derivatives,30D Fees,33492.0,USD,30D,DefiLlama fees,https://api.llama.fi/summary/fees/boros?dataType=dailyFees,third_party,medium,30D Fees from DefiLlama fees endpoint. Methodology should be reviewed before final citation.
2026-10-06,Hyperliquid,Hyperliquid Exchange,Derivatives,30D Holders Revenue,72419111.0,USD,30D,DefiLlama fees,https://api.llama.fi/summary/fees/hyperliquid?dataType=dailyHoldersRevenue,third_party,high,30D Holders Revenue from DefiLlama fees endpoint. Methodology should be reviewed before final citation.
2026-10-06,Canton,Canton Network,Infra,30D Holders Revenue,48857312.0,USD,30D,DefiLlama fees,https://api.llama.fi/summary/fees/canton?dataType=dailyHoldersRevenue,third_party,medium,30D Holders Revenue from DefiLlama fees endpoint. Methodology should be reviewed before final citation.
2026-10-06,Aerodrome,Aerodrome V1,Spot,30D Holders Revenue,15131793.0,USD,30D,DefiLlama fees,https://api.llama.fi/summary/fees/aerodrome?dataType=dailyHoldersRevenue,third_party,high,30D Holders Revenue from DefiLlama fees endpoint. Methodology should be reviewed before final citation.
2026-10-06,Aerodrome,Aerodrome Slipstream,Spot,30D Holders Revenue,13819227.0,USD,30D,DefiLlama fees,https://api.llama.fi/summary/fees/aerodrome-slipstream?dataType=dailyHoldersRevenue,third_party,high,30D Holders Revenue from DefiLlama fees endpoint. Methodology should be reviewed before final citation.
2026-10-06,Uniswap,Uniswap V3,Spot,30D Holders Revenue,12960975.0,USD,30D,DefiLlama fees,https://api.llama.fi/summary/fees/uniswap-v3?dataType=dailyHoldersRevenue,third_party,high,30D Holders Revenue from DefiLlama fees endpoint. Methodology should be reviewed before final citation.
2026-10-06,Sky,Sky Lending,Lending,30D Holders Revenue,5418061.0,USD,30D,DefiLlama fees,https://api.llama.fi/summary/fees/sky-lending?dataType=dailyHoldersRevenue,third_party,high,30D Holders Revenue from DefiLlama fees endpoint. Methodology should be reviewed before final citation.
2026-10-06,Hyperliquid,Hyperliquid Spot Orderbook,Derivatives,30D Holders Revenue,1912383.0,USD,30D,DefiLlama fees,https://api.llama.fi/summary/fees/hyperliquid-spot-orderbook?dataType=dailyHoldersRevenue,third_party,medium,30D Holders Revenue from DefiLlama fees endpoint. Methodology should be reviewed before final citation.
2026-10-06,Curve,Curve Finance,Spot,30D Holders Revenue,1514708.0,USD,30D,DefiLlama fees,https://api.llama.fi/summary/fees/curve-finance?dataType=dailyHoldersRevenue,third_party,high,30D Holders Revenue from DefiLlama fees endpoint. Methodology should be reviewed before final citation.
2026-10-06,Jupiter,Jupiter Perpetual Exchange,Derivatives,30D Holders Revenue,982148.0,USD,30D,DefiLlama fees,https://api.llama.fi/summary/fees/jupiter-perpetual-exchange?dataType=dailyHoldersRevenue,third_party,medium,30D Holders Revenue from DefiLlama fees endpoint. Methodology should be reviewed before final citation.
2026-10-06,Pendle,Pendle,Derivatives,30D Holders Revenue,430261.0,USD,30D,DefiLlama fees,https://api.llama.fi/summary/fees/pendle?dataType=dailyHoldersRevenue,third_party,high,30D Holders Revenue from DefiLlama fees endpoint. Methodology should be reviewed before final citation.
2026-10-06,Maple,Maple Finance,Lending,30D Holders Revenue,144190.0,USD,30D,DefiLlama fees,https://api.llama.fi/summary/fees/maple?dataType=dailyHoldersRevenue,third_party,high,30D Holders Revenue from DefiLlama fees endpoint. Methodology should be reviewed before final citation.
2026-10-06,Euler,Euler V2,Lending,30D Holders Revenue,0.03,USD,30D,DefiLlama fees,https://api.llama.fi/summary/fees/euler-v2?dataType=dailyHoldersRevenue,third_party,high,30D Holders Revenue from DefiLlama fees endpoint. Methodology should be reviewed before final citation.
2026-10-06,Hyperliquid,Hyperliquid Exchange,Derivatives,30D Revenue,72419111.0,USD,30D,DefiLlama fees,https://api.llama.fi/summary/fees/hyperliquid?dataType=dailyRevenue,third_party,high,30D Revenue from DefiLlama fees endpoint. Methodology should be reviewed before final citation.
2026-10-06,Canton,Canton Network,Infra,30D Revenue,48857312.0,USD,30D,DefiLlama fees,https://api.llama.fi/summary/fees/canton?dataType=dailyRevenue,third_party,medium,30D Revenue from DefiLlama fees endpoint. Methodology should be reviewed before final citation.
2026-10-06,Aerodrome,Aerodrome V1,Spot,30D Revenue,15131793.0,USD,30D,DefiLlama fees,https://api.llama.fi/summary/fees/aerodrome?dataType=dailyRevenue,third_party,high,30D Revenue from DefiLlama fees endpoint. Methodology should be reviewed before final citation.
2026-10-06,Aerodrome,Aerodrome Slipstream,Spot,30D Revenue,13819227.0,USD,30D,DefiLlama fees,https://api.llama.fi/summary/fees/aerodrome-slipstream?dataType=dailyRevenue,third_party,high,30D Revenue from DefiLlama fees endpoint. Methodology should be reviewed before final citation.
2026-10-06,Sky,Sky Lending,Lending,30D Revenue,13474047.0,USD,30D,DefiLlama fees,https://api.llama.fi/summary/fees/sky-lending?dataType=dailyRevenue,third_party,high,30D Revenue from DefiLlama fees endpoint. Methodology should be reviewed before final citation.
2026-10-06,Uniswap,Uniswap V3,Spot,30D Revenue,12960975.0,USD,30D,DefiLlama fees,https://api.llama.fi/summary/fees/uniswap-v3?dataType=dailyRevenue,third_party,high,30D Revenue from DefiLlama fees endpoint. Methodology should be reviewed before final citation.
2026-10-06,Aave,Aave V3,Lending,30D Revenue,4637952.0,USD,30D,DefiLlama fees,https://api.llama.fi/summary/fees/aave-v3?dataType=dailyRevenue,third_party,high,30D Revenue from DefiLlama fees endpoint. Methodology should be reviewed before final citation.
2026-10-06,Jupiter,Jupiter Perpetual Exchange,Derivatives,30D Revenue,1964303.0,USD,30D,DefiLlama fees,https://api.llama.fi/summary/fees/jupiter-perpetual-exchange?dataType=dailyRevenue,third_party,medium,30D Revenue from DefiLlama fees endpoint. Methodology should be reviewed before final citation.
2026-10-06,Hyperliquid,Hyperliquid Spot Orderbook,Derivatives,30D Revenue,1912383.0,USD,30D,DefiLlama fees,https://api.llama.fi/summary/fees/hyperliquid-spot-orderbook?dataType=dailyRevenue,third_party,medium,30D Revenue from DefiLlama fees endpoint. Methodology should be reviewed before final citation.
2026-10-06,EtherFi,EtherFi Cash,Asset Management,30D Revenue,1745039.0,USD,30D,DefiLlama fees,https://api.llama.fi/summary/fees/etherfi-cash-liquid?dataType=dailyRevenue,third_party,medium,30D Revenue from DefiLlama fees endpoint. Methodology should be reviewed before final citation.
2026-10-06,Curve,Curve Finance,Spot,30D Revenue,1575457.0,USD,30D,DefiLlama fees,https://api.llama.fi/summary/fees/curve-finance?dataType=dailyRevenue,third_party,high,30D Revenue from DefiLlama fees endpoint. Methodology should be reviewed before final citation.
2026-10-06,Maple,Maple Finance,Lending,30D Revenue,1441899.0,USD,30D,DefiLlama fees,https://api.llama.fi/summary/fees/maple?dataType=dailyRevenue,third_party,high,30D Revenue from DefiLlama fees endpoint. Methodology should be reviewed before final citation.
2026-10-06,Kamino,Kamino,Lending,30D Revenue,651325.0,USD,30D,DefiLlama fees,https://api.llama.fi/summary/fees/kamino?dataType=dailyRevenue,third_party,high,30D Revenue from DefiLlama fees endpoint. Methodology should be reviewed before final citation.
2026-10-06,Pendle,Pendle,Derivatives,30D Revenue,571272.0,USD,30D,DefiLlama fees,https://api.llama.fi/summary/fees/pendle?dataType=dailyRevenue,third_party,high,30D Revenue from DefiLlama fees endpoint. Methodology should be reviewed before final citation.
2026-10-06,Centrifuge,Centrifuge,Tokenization,30D Revenue,391011.0,USD,30D,DefiLlama fees,https://api.llama.fi/summary/fees/centrifuge?dataType=dailyRevenue,third_party,high,30D Revenue from DefiLlama fees endpoint. Methodology should be reviewed before final citation.
2026-10-06,Aave,Aave V4,Lending,30D Revenue,114391.0,USD,30D,DefiLlama fees,https://api.llama.fi/summary/fees/aave-v4?dataType=dailyRevenue,third_party,medium,30D Revenue from DefiLlama fees endpoint. Methodology should be reviewed before final citation.
2026-10-06,Euler,Euler V2,Lending,30D Revenue,73415.0,USD,30D,DefiLlama fees,https://api.llama.fi/summary/fees/euler-v2?dataType=dailyRevenue,third_party,high,30D Revenue from DefiLlama fees endpoint. Methodology should be reviewed before final citation.
2026-10-06,Pendle,Pendle Boros,Derivatives,30D Revenue,33446.0,USD,30D,DefiLlama fees,https://api.llama.fi/summary/fees/boros?dataType=dailyRevenue,third_party,medium,30D Revenue from DefiLlama fees endpoint. Methodology should be reviewed before final citation.
2026-10-06,Ethena,Ethena USDe,Asset Management,30D Revenue,17872.79,USD,30D,DefiLlama fees,https://api.llama.fi/summary/fees/ethena-usde?dataType=dailyRevenue,third_party,high,30D Revenue from DefiLlama fees endpoint. Methodology should be reviewed before final citation.
2026-10-06,LayerZero,ZRO token,Infra,30D Token Performance,108.1084,%,30D,CoinGecko markets,"https://api.coingecko.com/api/v3/coins/markets?vs_currency=usd&ids=aave,aerodrome-finance,canton-network,centrifuge-2,curve-dao-token,ethena,ether-fi,euler,falcon-finance-ff,hyperliquid,jupiter-exchange-solana,kamino,layerzero,morpho,ondo-finance,pendle,sky,syrup,uniswap,virtual-protocol&order=market_cap_desc&per_page=250&page=1&sparkline=false&price_change_percentage=24h%2C7d%2C30d%2C1y",third_party,high,"Token price change; market sentiment, not product adoption."
2026-10-06,Kamino,KMNO token,Lending,30D Token Performance,56.5151,%,30D,CoinGecko markets,"https://api.coingecko.com/api/v3/coins/markets?vs_currency=usd&ids=aave,aerodrome-finance,canton-network,centrifuge-2,curve-dao-token,ethena,ether-fi,euler,falcon-finance-ff,hyperliquid,jupiter-exchange-solana,kamino,layerzero,morpho,ondo-finance,pendle,sky,syrup,uniswap,virtual-protocol&order=market_cap_desc&per_page=250&page=1&sparkline=false&price_change_percentage=24h%2C7d%2C30d%2C1y",third_party,high,"Token price change; market sentiment, not product adoption."
2026-10-06,Aerodrome,AERO token,Spot,30D Token Performance,51.8675,%,30D,CoinGecko markets,"https://api.coingecko.com/api/v3/coins/markets?vs_currency=usd&ids=aave,aerodrome-finance,canton-network,centrifuge-2,curve-dao-token,ethena,ether-fi,euler,falcon-finance-ff,hyperliquid,jupiter-exchange-solana,kamino,layerzero,morpho,ondo-finance,pendle,sky,syrup,uniswap,virtual-protocol&order=market_cap_desc&per_page=250&page=1&sparkline=false&price_change_percentage=24h%2C7d%2C30d%2C1y",third_party,high,"Token price change; market sentiment, not product adoption."
2026-10-06,Centrifuge,CFG token,Tokenization,30D Token Performance,42.4001,%,30D,CoinGecko markets,"https://api.coingecko.com/api/v3/coins/markets?vs_currency=usd&ids=aave,aerodrome-finance,canton-network,centrifuge-2,curve-dao-token,ethena,ether-fi,euler,falcon-finance-ff,hyperliquid,jupiter-exchange-solana,kamino,layerzero,morpho,ondo-finance,pendle,sky,syrup,uniswap,virtual-protocol&order=market_cap_desc&per_page=250&page=1&sparkline=false&price_change_percentage=24h%2C7d%2C30d%2C1y",third_party,high,"Token price change; market sentiment, not product adoption."
2026-10-06,Ethena,ENA token,Asset Management,30D Token Performance,38.3008,%,30D,CoinGecko markets,"https://api.coingecko.com/api/v3/coins/markets?vs_currency=usd&ids=aave,aerodrome-finance,canton-network,centrifuge-2,curve-dao-token,ethena,ether-fi,euler,falcon-finance-ff,hyperliquid,jupiter-exchange-solana,kamino,layerzero,morpho,ondo-finance,pendle,sky,syrup,uniswap,virtual-protocol&order=market_cap_desc&per_page=250&page=1&sparkline=false&price_change_percentage=24h%2C7d%2C30d%2C1y",third_party,high,"Token price change; market sentiment, not product adoption."
2026-10-06,Aave,AAVE token,Lending,30D Token Performance,35.2622,%,30D,CoinGecko markets,"https://api.coingecko.com/api/v3/coins/markets?vs_currency=usd&ids=aave,aerodrome-finance,canton-network,centrifuge-2,curve-dao-token,ethena,ether-fi,euler,falcon-finance-ff,hyperliquid,jupiter-exchange-solana,kamino,layerzero,morpho,ondo-finance,pendle,sky,syrup,uniswap,virtual-protocol&order=market_cap_desc&per_page=250&page=1&sparkline=false&price_change_percentage=24h%2C7d%2C30d%2C1y",third_party,high,"Token price change; market sentiment, not product adoption."
2026-10-06,Ondo,ONDO token,Tokenization,30D Token Performance,35.0352,%,30D,CoinGecko markets,"https://api.coingecko.com/api/v3/coins/markets?vs_currency=usd&ids=aave,aerodrome-finance,canton-network,centrifuge-2,curve-dao-token,ethena,ether-fi,euler,falcon-finance-ff,hyperliquid,jupiter-exchange-solana,kamino,layerzero,morpho,ondo-finance,pendle,sky,syrup,uniswap,virtual-protocol&order=market_cap_desc&per_page=250&page=1&sparkline=false&price_change_percentage=24h%2C7d%2C30d%2C1y",third_party,high,"Token price change; market sentiment, not product adoption."
2026-10-06,EtherFi,ETHFI token,Asset Management,30D Token Performance,33.01,%,30D,CoinGecko markets,"https://api.coingecko.com/api/v3/coins/markets?vs_currency=usd&ids=aave,aerodrome-finance,canton-network,centrifuge-2,curve-dao-token,ethena,ether-fi,euler,falcon-finance-ff,hyperliquid,jupiter-exchange-solana,kamino,layerzero,morpho,ondo-finance,pendle,sky,syrup,uniswap,virtual-protocol&order=market_cap_desc&per_page=250&page=1&sparkline=false&price_change_percentage=24h%2C7d%2C30d%2C1y",third_party,high,"Token price change; market sentiment, not product adoption."
2026-10-06,Jupiter,JUP token,Spot,30D Token Performance,30.6637,%,30D,CoinGecko markets,"https://api.coingecko.com/api/v3/coins/markets?vs_currency=usd&ids=aave,aerodrome-finance,canton-network,centrifuge-2,curve-dao-token,ethena,ether-fi,euler,falcon-finance-ff,hyperliquid,jupiter-exchange-solana,kamino,layerzero,morpho,ondo-finance,pendle,sky,syrup,uniswap,virtual-protocol&order=market_cap_desc&per_page=250&page=1&sparkline=false&price_change_percentage=24h%2C7d%2C30d%2C1y",third_party,high,"Token price change; market sentiment, not product adoption."
2026-10-06,Uniswap,UNI token,Spot,30D Token Performance,24.3783,%,30D,CoinGecko markets,"https://api.coingecko.com/api/v3/coins/markets?vs_currency=usd&ids=aave,aerodrome-finance,canton-network,centrifuge-2,curve-dao-token,ethena,ether-fi,euler,falcon-finance-ff,hyperliquid,jupiter-exchange-solana,kamino,layerzero,morpho,ondo-finance,pendle,sky,syrup,uniswap,virtual-protocol&order=market_cap_desc&per_page=250&page=1&sparkline=false&price_change_percentage=24h%2C7d%2C30d%2C1y",third_party,high,"Token price change; market sentiment, not product adoption."
2026-10-06,Sky,SKY token,Lending,30D Token Performance,24.1159,%,30D,CoinGecko markets,"https://api.coingecko.com/api/v3/coins/markets?vs_currency=usd&ids=aave,aerodrome-finance,canton-network,centrifuge-2,curve-dao-token,ethena,ether-fi,euler,falcon-finance-ff,hyperliquid,jupiter-exchange-solana,kamino,layerzero,morpho,ondo-finance,pendle,sky,syrup,uniswap,virtual-protocol&order=market_cap_desc&per_page=250&page=1&sparkline=false&price_change_percentage=24h%2C7d%2C30d%2C1y",third_party,high,"Token price change; market sentiment, not product adoption."
2026-10-06,Virtuals,VIRTUAL token,AI,30D Token Performance,20.7082,%,30D,CoinGecko markets,"https://api.coingecko.com/api/v3/coins/markets?vs_currency=usd&ids=aave,aerodrome-finance,canton-network,centrifuge-2,curve-dao-token,ethena,ether-fi,euler,falcon-finance-ff,hyperliquid,jupiter-exchange-solana,kamino,layerzero,morpho,ondo-finance,pendle,sky,syrup,uniswap,virtual-protocol&order=market_cap_desc&per_page=250&page=1&sparkline=false&price_change_percentage=24h%2C7d%2C30d%2C1y",third_party,high,"Token price change; market sentiment, not product adoption."
2026-10-06,Pendle,PENDLE token,Derivatives,30D Token Performance,18.6786,%,30D,CoinGecko markets,"https://api.coingecko.com/api/v3/coins/markets?vs_currency=usd&ids=aave,aerodrome-finance,canton-network,centrifuge-2,curve-dao-token,ethena,ether-fi,euler,falcon-finance-ff,hyperliquid,jupiter-exchange-solana,kamino,layerzero,morpho,ondo-finance,pendle,sky,syrup,uniswap,virtual-protocol&order=market_cap_desc&per_page=250&page=1&sparkline=false&price_change_percentage=24h%2C7d%2C30d%2C1y",third_party,high,"Token price change; market sentiment, not product adoption."
2026-10-06,Canton,CC token,Infra,30D Token Performance,18.1829,%,30D,CoinGecko markets,"https://api.coingecko.com/api/v3/coins/markets?vs_currency=usd&ids=aave,aerodrome-finance,canton-network,centrifuge-2,curve-dao-token,ethena,ether-fi,euler,falcon-finance-ff,hyperliquid,jupiter-exchange-solana,kamino,layerzero,morpho,ondo-finance,pendle,sky,syrup,uniswap,virtual-protocol&order=market_cap_desc&per_page=250&page=1&sparkline=false&price_change_percentage=24h%2C7d%2C30d%2C1y",third_party,high,"Token price change; market sentiment, not product adoption."
2026-10-06,Maple,SYRUP token,Tokenization,30D Token Performance,15.4942,%,30D,CoinGecko markets,"https://api.coingecko.com/api/v3/coins/markets?vs_currency=usd&ids=aave,aerodrome-finance,canton-network,centrifuge-2,curve-dao-token,ethena,ether-fi,euler,falcon-finance-ff,hyperliquid,jupiter-exchange-solana,kamino,layerzero,morpho,ondo-finance,pendle,sky,syrup,uniswap,virtual-protocol&order=market_cap_desc&per_page=250&page=1&sparkline=false&price_change_percentage=24h%2C7d%2C30d%2C1y",third_party,high,"Token price change; market sentiment, not product adoption."
2026-10-06,Euler,EUL token,Lending,30D Token Performance,15.2218,%,30D,CoinGecko markets,"https://api.coingecko.com/api/v3/coins/markets?vs_currency=usd&ids=aave,aerodrome-finance,canton-network,centrifuge-2,curve-dao-token,ethena,ether-fi,euler,falcon-finance-ff,hyperliquid,jupiter-exchange-solana,kamino,layerzero,morpho,ondo-finance,pendle,sky,syrup,uniswap,virtual-protocol&order=market_cap_desc&per_page=250&page=1&sparkline=false&price_change_percentage=24h%2C7d%2C30d%2C1y",third_party,high,"Token price change; market sentiment, not product adoption."
2026-10-06,Morpho,MORPHO token,Lending,30D Token Performance,5.851,%,30D,CoinGecko markets,"https://api.coingecko.com/api/v3/coins/markets?vs_currency=usd&ids=aave,aerodrome-finance,canton-network,centrifuge-2,curve-dao-token,ethena,ether-fi,euler,falcon-finance-ff,hyperliquid,jupiter-exchange-solana,kamino,layerzero,morpho,ondo-finance,pendle,sky,syrup,uniswap,virtual-protocol&order=market_cap_desc&per_page=250&page=1&sparkline=false&price_change_percentage=24h%2C7d%2C30d%2C1y",third_party,high,"Token price change; market sentiment, not product adoption."
2026-10-06,Hyperliquid,HYPE token,Derivatives,30D Token Performance,3.951,%,30D,CoinGecko markets,"https://api.coingecko.com/api/v3/coins/markets?vs_currency=usd&ids=aave,aerodrome-finance,canton-network,centrifuge-2,curve-dao-token,ethena,ether-fi,euler,falcon-finance-ff,hyperliquid,jupiter-exchange-solana,kamino,layerzero,morpho,ondo-finance,pendle,sky,syrup,uniswap,virtual-protocol&order=market_cap_desc&per_page=250&page=1&sparkline=false&price_change_percentage=24h%2C7d%2C30d%2C1y",third_party,high,"Token price change; market sentiment, not product adoption."
2026-10-06,Curve,CRV token,Spot,30D Token Performance,-1.5418,%,30D,CoinGecko markets,"https://api.coingecko.com/api/v3/coins/markets?vs_currency=usd&ids=aave,aerodrome-finance,canton-network,centrifuge-2,curve-dao-token,ethena,ether-fi,euler,falcon-finance-ff,hyperliquid,jupiter-exchange-solana,kamino,layerzero,morpho,ondo-finance,pendle,sky,syrup,uniswap,virtual-protocol&order=market_cap_desc&per_page=250&page=1&sparkline=false&price_change_percentage=24h%2C7d%2C30d%2C1y",third_party,high,"Token price change; market sentiment, not product adoption."
2026-10-06,Falcon,FF token,Asset Management,30D Token Performance,-7.698,%,30D,CoinGecko markets,"https://api.coingecko.com/api/v3/coins/markets?vs_currency=usd&ids=aave,aerodrome-finance,canton-network,centrifuge-2,curve-dao-token,ethena,ether-fi,euler,falcon-finance-ff,hyperliquid,jupiter-exchange-solana,kamino,layerzero,morpho,ondo-finance,pendle,sky,syrup,uniswap,virtual-protocol&order=market_cap_desc&per_page=250&page=1&sparkline=false&price_change_percentage=24h%2C7d%2C30d%2C1y",third_party,high,"Token price change; market sentiment, not product adoption."
2026-10-06,Uniswap,Uniswap V4,Spot,7D DEX Volume,9799204588.0,USD,7D,DefiLlama DEX overview,https://api.llama.fi/overview/dexs,third_party,high,DEX volume is source-comparable only for DEX records.
2026-10-06,Uniswap,Uniswap V3,Spot,7D DEX Volume,8532250280.0,USD,7D,DefiLlama DEX overview,https://api.llama.fi/overview/dexs,third_party,high,DEX volume is source-comparable only for DEX records.
2026-10-06,Aerodrome,Aerodrome Slipstream,Spot,7D DEX Volume,3979844172.0,USD,7D,DefiLlama DEX overview,https://api.llama.fi/overview/dexs,third_party,high,DEX volume is source-comparable only for DEX records.
2026-10-06,Curve,Curve Finance,Spot,7D DEX Volume,692353556.0,USD,7D,DefiLlama DEX overview,https://api.llama.fi/overview/dexs,third_party,high,DEX volume is source-comparable only for DEX records.
2026-10-06,Uniswap,Uniswap V2,Spot,7D DEX Volume,195388563.0,USD,7D,DefiLlama DEX overview,https://api.llama.fi/overview/dexs,third_party,high,DEX volume is source-comparable only for DEX records.
2026-10-06,Aerodrome,Aerodrome V1,Spot,7D DEX Volume,69862890.0,USD,7D,DefiLlama DEX overview,https://api.llama.fi/overview/dexs,third_party,high,DEX volume is source-comparable only for DEX records.
2026-10-06,Virtuals,Virtuals Protocol,AI,7D Fee Growth,29.73,%,7D,DefiLlama fees overview,https://api.llama.fi/overview/fees,third_party,medium,Fee growth precomputed by DefiLlama (current window vs prior window).
2026-10-06,Pendle,Pendle,Derivatives,7D Fee Growth,29.02,%,7D,DefiLlama fees overview,https://api.llama.fi/overview/fees,third_party,high,Fee growth precomputed by DefiLlama (current window vs prior window).
2026-10-06,Aave,Aave V4,Lending,7D Fee Growth,7.36,%,7D,DefiLlama fees overview,https://api.llama.fi/overview/fees,third_party,medium,Fee growth precomputed by DefiLlama (current window vs prior window).
2026-10-06,Falcon,Falcon Finance,Asset Management,7D Fee Growth,1.51,%,7D,DefiLlama fees overview,https://api.llama.fi/overview/fees,third_party,medium,Fee growth precomputed by DefiLlama (current window vs prior window).
2026-10-06,Uniswap,Uniswap V4,Spot,7D Fee Growth,0.92,%,7D,DefiLlama fees overview,https://api.llama.fi/overview/fees,third_party,high,Fee growth precomputed by DefiLlama (current window vs prior window).
2026-10-06,Aerodrome,Aerodrome Slipstream,Spot,7D Fee Growth,-1.77,%,7D,DefiLlama fees overview,https://api.llama.fi/overview/fees,third_party,high,Fee growth precomputed by DefiLlama (current window vs prior window).
2026-10-06,Aave,Aave V3,Lending,7D Fee Growth,-2.12,%,7D,DefiLlama fees overview,https://api.llama.fi/overview/fees,third_party,high,Fee growth precomputed by DefiLlama (current window vs prior window).
2026-10-06,LayerZero,LayerZero V2,Infra,7D Fee Growth,-3.95,%,7D,DefiLlama fees overview,https://api.llama.fi/overview/fees,third_party,medium,Fee growth precomputed by DefiLlama (current window vs prior window).
2026-10-06,Uniswap,Uniswap V2,Spot,7D Fee Growth,-13.88,%,7D,DefiLlama fees overview,https://api.llama.fi/overview/fees,third_party,high,Fee growth precomputed by DefiLlama (current window vs prior window).
2026-10-06,Aerodrome,Aerodrome V1,Spot,7D Fee Growth,-15.02,%,7D,DefiLlama fees overview,https://api.llama.fi/overview/fees,third_party,high,Fee growth precomputed by DefiLlama (current window vs prior window).
2026-10-06,Hyperliquid,Hyperliquid HLP,Derivatives,7D Fee Growth,-18.59,%,7D,DefiLlama fees overview,https://api.llama.fi/overview/fees,third_party,medium,Fee growth precomputed by DefiLlama (current window vs prior window).
2026-10-06,Uniswap,Uniswap V3,Spot,7D Fee Growth,-28.72,%,7D,DefiLlama fees overview,https://api.llama.fi/overview/fees,third_party,high,Fee growth precomputed by DefiLlama (current window vs prior window).
2026-10-06,Pendle,Pendle Boros,Derivatives,7D Fee Growth,-46.33,%,7D,DefiLlama fees overview,https://api.llama.fi/overview/fees,third_party,medium,Fee growth precomputed by DefiLlama (current window vs prior window).
2026-10-06,Centrifuge,Centrifuge,Tokenization,7D Fee Growth,-80.86,%,7D,DefiLlama fees overview,https://api.llama.fi/overview/fees,third_party,high,Fee growth precomputed by DefiLlama (current window vs prior window).
2026-10-06,Uniswap,Uniswap V4,Spot,7D Fee Share,3.4797,%,7D,DefiLlama fees overview,https://api.llama.fi/overview/fees,third_party,high,"Share of all DefiLlama-tracked fees over 7D; record-level, summed per project in the dashboard."
2026-10-06,Aave,Aave V3,Lending,7D Fee Share,1.4351,%,7D,DefiLlama fees overview,https://api.llama.fi/overview/fees,third_party,high,"Share of all DefiLlama-tracked fees over 7D; record-level, summed per project in the dashboard."
2026-10-06,Uniswap,Uniswap V3,Spot,7D Fee Share,1.3213,%,7D,DefiLlama fees overview,https://api.llama.fi/overview/fees,third_party,high,"Share of all DefiLlama-tracked fees over 7D; record-level, summed per project in the dashboard."
2026-10-06,Aerodrome,Aerodrome Slipstream,Spot,7D Fee Share,0.3793,%,7D,DefiLlama fees overview,https://api.llama.fi/overview/fees,third_party,high,"Share of all DefiLlama-tracked fees over 7D; record-level, summed per project in the dashboard."
2026-10-06,Uniswap,Uniswap V2,Spot,7D Fee Share,0.1061,%,7D,DefiLlama fees overview,https://api.llama.fi/overview/fees,third_party,high,"Share of all DefiLlama-tracked fees over 7D; record-level, summed per project in the dashboard."
2026-10-06,Aerodrome,Aerodrome V1,Spot,7D Fee Share,0.0713,%,7D,DefiLlama fees overview,https://api.llama.fi/overview/fees,third_party,high,"Share of all DefiLlama-tracked fees over 7D; record-level, summed per project in the dashboard."
2026-10-06,Aave,Aave V4,Lending,7D Fee Share,0.0356,%,7D,DefiLlama fees overview,https://api.llama.fi/overview/fees,third_party,medium,"Share of all DefiLlama-tracked fees over 7D; record-level, summed per project in the dashboard."
2026-10-06,Virtuals,Virtuals Protocol,AI,7D Fee Share,0.0238,%,7D,DefiLlama fees overview,https://api.llama.fi/overview/fees,third_party,medium,"Share of all DefiLlama-tracked fees over 7D; record-level, summed per project in the dashboard."
2026-10-06,Centrifuge,Centrifuge,Tokenization,7D Fee Share,0.0225,%,7D,DefiLlama fees overview,https://api.llama.fi/overview/fees,third_party,high,"Share of all DefiLlama-tracked fees over 7D; record-level, summed per project in the dashboard."
2026-10-06,Hyperliquid,Hyperliquid HLP,Derivatives,7D Fee Share,0.0183,%,7D,DefiLlama fees overview,https://api.llama.fi/overview/fees,third_party,medium,"Share of all DefiLlama-tracked fees over 7D; record-level, summed per project in the dashboard."
2026-10-06,Pendle,Pendle,Derivatives,7D Fee Share,0.0161,%,7D,DefiLlama fees overview,https://api.llama.fi/overview/fees,third_party,high,"Share of all DefiLlama-tracked fees over 7D; record-level, summed per project in the dashboard."
2026-10-06,LayerZero,LayerZero V2,Infra,7D Fee Share,0.0111,%,7D,DefiLlama fees overview,https://api.llama.fi/overview/fees,third_party,medium,"Share of all DefiLlama-tracked fees over 7D; record-level, summed per project in the dashboard."
2026-10-06,Falcon,Falcon Finance,Asset Management,7D Fee Share,0.0082,%,7D,DefiLlama fees overview,https://api.llama.fi/overview/fees,third_party,medium,"Share of all DefiLlama-tracked fees over 7D; record-level, summed per project in the dashboard."
2026-10-06,Pendle,Pendle Boros,Derivatives,7D Fee Share,0.0007,%,7D,DefiLlama fees overview,https://api.llama.fi/overview/fees,third_party,medium,"Share of all DefiLlama-tracked fees over 7D; record-level, summed per project in the dashboard."
2026-10-06,Uniswap,Uniswap V4,Spot,7D Fees,20731578.0,USD,7D,DefiLlama fees,https://api.llama.fi/summary/fees/uniswap-v4?dataType=dailyFees,third_party,high,7D Fees from the same DefiLlama fees response as the 30D figure.
2026-10-06,Hyperliquid,Hyperliquid Exchange,Derivatives,7D Fees,17866799.0,USD,7D,DefiLlama fees,https://api.llama.fi/summary/fees/hyperliquid?dataType=dailyFees,third_party,high,7D Fees from the same DefiLlama fees response as the 30D figure.
2026-10-06,Canton,Canton Network,Infra,7D Fees,12159293.0,USD,7D,DefiLlama fees,https://api.llama.fi/summary/fees/canton?dataType=dailyFees,third_party,medium,7D Fees from the same DefiLlama fees response as the 30D figure.
2026-10-06,Aave,Aave V3,Lending,7D Fees,8549906.0,USD,7D,DefiLlama fees,https://api.llama.fi/summary/fees/aave-v3?dataType=dailyFees,third_party,high,7D Fees from the same DefiLlama fees response as the 30D figure.
2026-10-06,Uniswap,Uniswap V3,Spot,7D Fees,7871866.0,USD,7D,DefiLlama fees,https://api.llama.fi/summary/fees/uniswap-v3?dataType=dailyFees,third_party,high,7D Fees from the same DefiLlama fees response as the 30D figure.
2026-10-06,Sky,Sky Lending,Lending,7D Fees,6344956.0,USD,7D,DefiLlama fees,https://api.llama.fi/summary/fees/sky-lending?dataType=dailyFees,third_party,high,7D Fees from the same DefiLlama fees response as the 30D figure.
2026-10-06,Morpho,Morpho Blue,Lending,7D Fees,4971711.0,USD,7D,DefiLlama fees,https://api.llama.fi/summary/fees/morpho-blue?dataType=dailyFees,third_party,high,7D Fees from the same DefiLlama fees response as the 30D figure.
2026-10-06,Ethena,Ethena USDe,Asset Management,7D Fees,3446812.09,USD,7D,DefiLlama fees,https://api.llama.fi/summary/fees/ethena-usde?dataType=dailyFees,third_party,high,7D Fees from the same DefiLlama fees response as the 30D figure.
2026-10-06,Aerodrome,Aerodrome V1,Spot,7D Fees,2688204.0,USD,7D,DefiLlama fees,https://api.llama.fi/summary/fees/aerodrome?dataType=dailyFees,third_party,high,7D Fees from the same DefiLlama fees response as the 30D figure.
2026-10-06,Aerodrome,Aerodrome Slipstream,Spot,7D Fees,2259639.0,USD,7D,DefiLlama fees,https://api.llama.fi/summary/fees/aerodrome-slipstream?dataType=dailyFees,third_party,high,7D Fees from the same DefiLlama fees response as the 30D figure.
2026-10-06,Maple,Maple Finance,Lending,7D Fees,2150614.0,USD,7D,DefiLlama fees,https://api.llama.fi/summary/fees/maple?dataType=dailyFees,third_party,high,7D Fees from the same DefiLlama fees response as the 30D figure.
2026-10-06,Ondo,Ondo Yield Assets,Tokenization,7D Fees,1563446.0,USD,7D,DefiLlama fees,https://api.llama.fi/summary/fees/ondo-yield-assets?dataType=dailyFees,third_party,high,7D Fees from the same DefiLlama fees response as the 30D figure.
2026-10-06,Jupiter,Jupiter Perpetual Exchange,Derivatives,7D Fees,1482278.0,USD,7D,DefiLlama fees,https://api.llama.fi/summary/fees/jupiter-perpetual-exchange?dataType=dailyFees,third_party,medium,7D Fees from the same DefiLlama fees response as the 30D figure.
2026-10-06,Kamino,Kamino,Lending,7D Fees,1308525.0,USD,7D,DefiLlama fees,https://api.llama.fi/summary/fees/kamino?dataType=dailyFees,third_party,high,7D Fees from the same DefiLlama fees response as the 30D figure.
2026-10-06,Curve,Curve Finance,Spot,7D Fees,991116.08,USD,7D,DefiLlama fees,https://api.llama.fi/summary/fees/curve-finance?dataType=dailyFees,third_party,high,7D Fees from the same DefiLlama fees response as the 30D figure.
2026-10-06,Uniswap,Uniswap V2,Spot,7D Fees,632378.0,USD,7D,DefiLlama fees,https://api.llama.fi/summary/fees/uniswap-v2?dataType=dailyFees,third_party,high,7D Fees from the same DefiLlama fees response as the 30D figure.
2026-10-06,EtherFi,EtherFi Cash,Asset Management,7D Fees,515569.0,USD,7D,DefiLlama fees,https://api.llama.fi/summary/fees/etherfi-cash-liquid?dataType=dailyFees,third_party,medium,7D Fees from the same DefiLlama fees response as the 30D figure.
2026-10-06,Euler,Euler V2,Lending,7D Fees,408715.0,USD,7D,DefiLlama fees,https://api.llama.fi/summary/fees/euler-v2?dataType=dailyFees,third_party,high,7D Fees from the same DefiLlama fees response as the 30D figure.
2026-10-06,Hyperliquid,Hyperliquid Spot Orderbook,Derivatives,7D Fees,396959.0,USD,7D,DefiLlama fees,https://api.llama.fi/summary/fees/hyperliquid-spot-orderbook?dataType=dailyFees,third_party,medium,7D Fees from the same DefiLlama fees response as the 30D figure.
2026-10-06,Aave,Aave V4,Lending,7D Fees,212052.0,USD,7D,DefiLlama fees,https://api.llama.fi/summary/fees/aave-v4?dataType=dailyFees,third_party,medium,7D Fees from the same DefiLlama fees response as the 30D figure.
2026-10-06,Centrifuge,Centrifuge,Tokenization,7D Fees,133869.0,USD,7D,DefiLlama fees,https://api.llama.fi/summary/fees/centrifuge?dataType=dailyFees,third_party,high,7D Fees from the same DefiLlama fees response as the 30D figure.
2026-10-06,Hyperliquid,Hyperliquid HLP,Derivatives,7D Fees,109097.0,USD,7D,DefiLlama fees,https://api.llama.fi/summary/fees/hyperliquid-hlp?dataType=dailyFees,third_party,medium,7D Fees from the same DefiLlama fees response as the 30D figure.
2026-10-06,Pendle,Pendle,Derivatives,7D Fees,100011.0,USD,7D,DefiLlama fees,https://api.llama.fi/summary/fees/pendle?dataType=dailyFees,third_party,high,7D Fees from the same DefiLlama fees response as the 30D figure.
2026-10-06,LayerZero,LayerZero V2,Infra,7D Fees,67505.0,USD,7D,DefiLlama fees,https://api.llama.fi/summary/fees/layerzero?dataType=dailyFees,third_party,medium,7D Fees from the same DefiLlama fees response as the 30D figure.
2026-10-06,Falcon,Falcon Finance,Asset Management,7D Fees,48784.0,USD,7D,DefiLlama fees,https://api.llama.fi/summary/fees/falcon-finance?dataType=dailyFees,third_party,medium,7D Fees from the same DefiLlama fees response as the 30D figure.
2026-10-06,Pendle,Pendle Boros,Derivatives,7D Fees,4029.0,USD,7D,DefiLlama fees,https://api.llama.fi/summary/fees/boros?dataType=dailyFees,third_party,medium,7D Fees from the same DefiLlama fees response as the 30D figure.
2026-10-06,Hyperliquid,Hyperliquid Exchange,Derivatives,7D Revenue,14641064.0,USD,7D,DefiLlama fees,https://api.llama.fi/summary/fees/hyperliquid?dataType=dailyRevenue,third_party,high,7D Revenue from the same DefiLlama fees response as the 30D figure.
2026-10-06,Canton,Canton Network,Infra,7D Revenue,12159293.0,USD,7D,DefiLlama fees,https://api.llama.fi/summary/fees/canton?dataType=dailyRevenue,third_party,medium,7D Revenue from the same DefiLlama fees response as the 30D figure.
2026-10-06,Sky,Sky Lending,Lending,7D Revenue,3119626.0,USD,7D,DefiLlama fees,https://api.llama.fi/summary/fees/sky-lending?dataType=dailyRevenue,third_party,high,7D Revenue from the same DefiLlama fees response as the 30D figure.
2026-10-06,Uniswap,Uniswap V3,Spot,7D Revenue,1914929.0,USD,7D,DefiLlama fees,https://api.llama.fi/summary/fees/uniswap-v3?dataType=dailyRevenue,third_party,high,7D Revenue from the same DefiLlama fees response as the 30D figure.
2026-10-06,Aerodrome,Aerodrome V1,Spot,7D Revenue,1788171.0,USD,7D,DefiLlama fees,https://api.llama.fi/summary/fees/aerodrome?dataType=dailyRevenue,third_party,high,7D Revenue from the same DefiLlama fees response as the 30D figure.
2026-10-06,Aerodrome,Aerodrome Slipstream,Spot,7D Revenue,1469696.0,USD,7D,DefiLlama fees,https://api.llama.fi/summary/fees/aerodrome-slipstream?dataType=dailyRevenue,third_party,high,7D Revenue from the same DefiLlama fees response as the 30D figure.
2026-10-06,Aave,Aave V3,Lending,7D Revenue,1070622.0,USD,7D,DefiLlama fees,https://api.llama.fi/summary/fees/aave-v3?dataType=dailyRevenue,third_party,high,7D Revenue from the same DefiLlama fees response as the 30D figure.
2026-10-06,Curve,Curve Finance,Spot,7D Revenue,605201.0,USD,7D,DefiLlama fees,https://api.llama.fi/summary/fees/curve-finance?dataType=dailyRevenue,third_party,high,7D Revenue from the same DefiLlama fees response as the 30D figure.
2026-10-06,EtherFi,EtherFi Cash,Asset Management,7D Revenue,463305.0,USD,7D,DefiLlama fees,https://api.llama.fi/summary/fees/etherfi-cash-liquid?dataType=dailyRevenue,third_party,medium,7D Revenue from the same DefiLlama fees response as the 30D figure.
2026-10-06,Jupiter,Jupiter Perpetual Exchange,Derivatives,7D Revenue,370570.0,USD,7D,DefiLlama fees,https://api.llama.fi/summary/fees/jupiter-perpetual-exchange?dataType=dailyRevenue,third_party,medium,7D Revenue from the same DefiLlama fees response as the 30D figure.
2026-10-06,Maple,Maple Finance,Lending,7D Revenue,333096.0,USD,7D,DefiLlama fees,https://api.llama.fi/summary/fees/maple?dataType=dailyRevenue,third_party,high,7D Revenue from the same DefiLlama fees response as the 30D figure.
2026-10-06,Hyperliquid,Hyperliquid Spot Orderbook,Derivatives,7D Revenue,309211.0,USD,7D,DefiLlama fees,https://api.llama.fi/summary/fees/hyperliquid-spot-orderbook?dataType=dailyRevenue,third_party,medium,7D Revenue from the same DefiLlama fees response as the 30D figure.
2026-10-06,Kamino,Kamino,Lending,7D Revenue,166556.0,USD,7D,DefiLlama fees,https://api.llama.fi/summary/fees/kamino?dataType=dailyRevenue,third_party,high,7D Revenue from the same DefiLlama fees response as the 30D figure.
2026-10-06,Pendle,Pendle,Derivatives,7D Revenue,98512.0,USD,7D,DefiLlama fees,https://api.llama.fi/summary/fees/pendle?dataType=dailyRevenue,third_party,high,7D Revenue from the same DefiLlama fees response as the 30D figure.
2026-10-06,Centrifuge,Centrifuge,Tokenization,7D Revenue,75073.0,USD,7D,DefiLlama fees,https://api.llama.fi/summary/fees/centrifuge?dataType=dailyRevenue,third_party,high,7D Revenue from the same DefiLlama fees response as the 30D figure.
2026-10-06,Aave,Aave V4,Lending,7D Revenue,30326.0,USD,7D,DefiLlama fees,https://api.llama.fi/summary/fees/aave-v4?dataType=dailyRevenue,third_party,medium,7D Revenue from the same DefiLlama fees response as the 30D figure.
2026-10-06,Euler,Euler V2,Lending,7D Revenue,17785.0,USD,7D,DefiLlama fees,https://api.llama.fi/summary/fees/euler-v2?dataType=dailyRevenue,third_party,high,7D Revenue from the same DefiLlama fees response as the 30D figure.
2026-10-06,Pendle,Pendle Boros,Derivatives,7D Revenue,4028.0,USD,7D,DefiLlama fees,https://api.llama.fi/summary/fees/boros?dataType=dailyRevenue,third_party,medium,7D Revenue from the same DefiLlama fees response as the 30D figure.
2026-10-06,Ethena,Ethena USDe,Asset Management,7D Revenue,2398.09,USD,7D,DefiLlama fees,https://api.llama.fi/summary/fees/ethena-usde?dataType=dailyRevenue,third_party,high,7D Revenue from the same DefiLlama fees response as the 30D figure.
2026-10-06,Falcon,Falcon Finance,Asset Management,7D TVL Growth,36.8754,%,7D,DefiLlama protocol,https://api.llama.fi/protocols,third_party,medium,"Point-in-time TVL change over 7 days, precomputed by DefiLlama."
2026-10-06,Jupiter,Jupiter Lend,Lending,7D TVL Growth,18.8751,%,7D,DefiLlama protocol,https://api.llama.fi/protocols,third_party,medium,"Point-in-time TVL change over 7 days, precomputed by DefiLlama."
2026-10-06,Uniswap,Uniswap V4,Spot,7D TVL Growth,5.9384,%,7D,DefiLlama protocol,https://api.llama.fi/protocols,third_party,high,"Point-in-time TVL change over 7 days, precomputed by DefiLlama."
2026-10-06,Morpho,Morpho Blue,Lending,7D TVL Growth,4.4032,%,7D,DefiLlama protocol,https://api.llama.fi/protocols,third_party,high,"Point-in-time TVL change over 7 days, precomputed by DefiLlama."
2026-10-06,Aave,Aave V4,Lending,7D TVL Growth,3.6249,%,7D,DefiLlama protocol,https://api.llama.fi/protocols,third_party,medium,"Point-in-time TVL change over 7 days, precomputed by DefiLlama."
2026-10-06,Sky,Sky Lending,Lending,7D TVL Growth,3.6035,%,7D,DefiLlama protocol,https://api.llama.fi/protocols,third_party,high,"Point-in-time TVL change over 7 days, precomputed by DefiLlama."
2026-10-06,Aerodrome,Aerodrome V1,Spot,7D TVL Growth,3.5688,%,7D,DefiLlama protocol,https://api.llama.fi/protocols,third_party,high,"Point-in-time TVL change over 7 days, precomputed by DefiLlama."
2026-10-06,EtherFi,EtherFi Cash,Asset Management,7D TVL Growth,2.0729,%,7D,DefiLlama protocol,https://api.llama.fi/protocols,third_party,medium,"Point-in-time TVL change over 7 days, precomputed by DefiLlama."
2026-10-06,Aerodrome,Aerodrome Slipstream,Spot,7D TVL Growth,1.9039,%,7D,DefiLlama protocol,https://api.llama.fi/protocols,third_party,high,"Point-in-time TVL change over 7 days, precomputed by DefiLlama."
2026-10-06,Maple,Maple Finance,Lending,7D TVL Growth,1.8591,%,7D,DefiLlama protocol,https://api.llama.fi/protocols,third_party,high,"Point-in-time TVL change over 7 days, precomputed by DefiLlama."
2026-10-06,Sky,Sky RWA,Tokenization,7D TVL Growth,1.7751,%,7D,DefiLlama protocol,https://api.llama.fi/protocols,third_party,medium,"Point-in-time TVL change over 7 days, precomputed by DefiLlama."
2026-10-06,Aave,Aave V3,Lending,7D TVL Growth,1.2505,%,7D,DefiLlama protocol,https://api.llama.fi/protocols,third_party,high,"Point-in-time TVL change over 7 days, precomputed by DefiLlama."
2026-10-06,Ethena,Ethena USDe,Asset Management,7D TVL Growth,1.0842,%,7D,DefiLlama protocol,https://api.llama.fi/protocols,third_party,high,"Point-in-time TVL change over 7 days, precomputed by DefiLlama."
2026-10-06,Jupiter,Jupiter Staked SOL,Asset Management,7D TVL Growth,0.7434,%,7D,DefiLlama protocol,https://api.llama.fi/protocols,third_party,medium,"Point-in-time TVL change over 7 days, precomputed by DefiLlama."
2026-10-06,Jupiter,Jupiter Perpetual Exchange,Derivatives,7D TVL Growth,0.5997,%,7D,DefiLlama protocol,https://api.llama.fi/protocols,third_party,medium,"Point-in-time TVL change over 7 days, precomputed by DefiLlama."
2026-10-06,Uniswap,Uniswap V3,Spot,7D TVL Growth,0.3645,%,7D,DefiLlama protocol,https://api.llama.fi/protocols,third_party,high,"Point-in-time TVL change over 7 days, precomputed by DefiLlama."
2026-10-06,Kamino,Kamino,Lending,7D TVL Growth,-0.4685,%,7D,DefiLlama protocol,https://api.llama.fi/protocols,third_party,high,"Point-in-time TVL change over 7 days, precomputed by DefiLlama."
2026-10-06,Ethena,Ethena USDtb,Asset Management,7D TVL Growth,-0.7986,%,7D,DefiLlama protocol,https://api.llama.fi/protocols,third_party,medium,"Point-in-time TVL change over 7 days, precomputed by DefiLlama."
2026-10-06,Hyperliquid,Hyperliquid HLP,Derivatives,7D TVL Growth,-0.9526,%,7D,DefiLlama protocol,https://api.llama.fi/protocols,third_party,medium,"Point-in-time TVL change over 7 days, precomputed by DefiLlama."
2026-10-06,Hyperliquid,Hyperliquid Spot Orderbook,Derivatives,7D TVL Growth,-1.0153,%,7D,DefiLlama protocol,https://api.llama.fi/protocols,third_party,medium,"Point-in-time TVL change over 7 days, precomputed by DefiLlama."
2026-10-06,Sky,Sky Money,Asset Management,7D TVL Growth,-1.4425,%,7D,DefiLlama protocol,https://api.llama.fi/protocols,third_party,medium,"Point-in-time TVL change over 7 days, precomputed by DefiLlama."
2026-10-06,Uniswap,Uniswap V2,Spot,7D TVL Growth,-1.5706,%,7D,DefiLlama protocol,https://api.llama.fi/protocols,third_party,high,"Point-in-time TVL change over 7 days, precomputed by DefiLlama."
2026-10-06,Curve,Curve Finance,Spot,7D TVL Growth,-1.7093,%,7D,DefiLlama protocol,https://api.llama.fi/protocols,third_party,high,"Point-in-time TVL change over 7 days, precomputed by DefiLlama."
2026-10-06,Euler,Euler V2,Lending,7D TVL Growth,-4.8608,%,7D,DefiLlama protocol,https://api.llama.fi/protocols,third_party,high,"Point-in-time TVL change over 7 days, precomputed by DefiLlama."
2026-10-06,LayerZero,ZRO token,Infra,7D Token Performance,33.2857,%,7D,CoinGecko markets,"https://api.coingecko.com/api/v3/coins/markets?vs_currency=usd&ids=aave,aerodrome-finance,canton-network,centrifuge-2,curve-dao-token,ethena,ether-fi,euler,falcon-finance-ff,hyperliquid,jupiter-exchange-solana,kamino,layerzero,morpho,ondo-finance,pendle,sky,syrup,uniswap,virtual-protocol&order=market_cap_desc&per_page=250&page=1&sparkline=false&price_change_percentage=24h%2C7d%2C30d%2C1y",third_party,high,"Token price change; market sentiment, not product adoption."
2026-10-06,Jupiter,JUP token,Spot,7D Token Performance,5.8922,%,7D,CoinGecko markets,"https://api.coingecko.com/api/v3/coins/markets?vs_currency=usd&ids=aave,aerodrome-finance,canton-network,centrifuge-2,curve-dao-token,ethena,ether-fi,euler,falcon-finance-ff,hyperliquid,jupiter-exchange-solana,kamino,layerzero,morpho,ondo-finance,pendle,sky,syrup,uniswap,virtual-protocol&order=market_cap_desc&per_page=250&page=1&sparkline=false&price_change_percentage=24h%2C7d%2C30d%2C1y",third_party,high,"Token price change; market sentiment, not product adoption."
2026-10-06,Hyperliquid,HYPE token,Derivatives,7D Token Performance,5.6162,%,7D,CoinGecko markets,"https://api.coingecko.com/api/v3/coins/markets?vs_currency=usd&ids=aave,aerodrome-finance,canton-network,centrifuge-2,curve-dao-token,ethena,ether-fi,euler,falcon-finance-ff,hyperliquid,jupiter-exchange-solana,kamino,layerzero,morpho,ondo-finance,pendle,sky,syrup,uniswap,virtual-protocol&order=market_cap_desc&per_page=250&page=1&sparkline=false&price_change_percentage=24h%2C7d%2C30d%2C1y",third_party,high,"Token price change; market sentiment, not product adoption."
2026-10-06,Morpho,MORPHO token,Lending,7D Token Performance,4.7353,%,7D,CoinGecko markets,"https://api.coingecko.com/api/v3/coins/markets?vs_currency=usd&ids=aave,aerodrome-finance,canton-network,centrifuge-2,curve-dao-token,ethena,ether-fi,euler,falcon-finance-ff,hyperliquid,jupiter-exchange-solana,kamino,layerzero,morpho,ondo-finance,pendle,sky,syrup,uniswap,virtual-protocol&order=market_cap_desc&per_page=250&page=1&sparkline=false&price_change_percentage=24h%2C7d%2C30d%2C1y",third_party,high,"Token price change; market sentiment, not product adoption."
2026-10-06,Aave,AAVE token,Lending,7D Token Performance,3.879,%,7D,CoinGecko markets,"https://api.coingecko.com/api/v3/coins/markets?vs_currency=usd&ids=aave,aerodrome-finance,canton-network,centrifuge-2,curve-dao-token,ethena,ether-fi,euler,falcon-finance-ff,hyperliquid,jupiter-exchange-solana,kamino,layerzero,morpho,ondo-finance,pendle,sky,syrup,uniswap,virtual-protocol&order=market_cap_desc&per_page=250&page=1&sparkline=false&price_change_percentage=24h%2C7d%2C30d%2C1y",third_party,high,"Token price change; market sentiment, not product adoption."
2026-10-06,Euler,EUL token,Lending,7D Token Performance,2.5944,%,7D,CoinGecko markets,"https://api.coingecko.com/api/v3/coins/markets?vs_currency=usd&ids=aave,aerodrome-finance,canton-network,centrifuge-2,curve-dao-token,ethena,ether-fi,euler,falcon-finance-ff,hyperliquid,jupiter-exchange-solana,kamino,layerzero,morpho,ondo-finance,pendle,sky,syrup,uniswap,virtual-protocol&order=market_cap_desc&per_page=250&page=1&sparkline=false&price_change_percentage=24h%2C7d%2C30d%2C1y",third_party,high,"Token price change; market sentiment, not product adoption."
2026-10-06,Virtuals,VIRTUAL token,AI,7D Token Performance,2.4261,%,7D,CoinGecko markets,"https://api.coingecko.com/api/v3/coins/markets?vs_currency=usd&ids=aave,aerodrome-finance,canton-network,centrifuge-2,curve-dao-token,ethena,ether-fi,euler,falcon-finance-ff,hyperliquid,jupiter-exchange-solana,kamino,layerzero,morpho,ondo-finance,pendle,sky,syrup,uniswap,virtual-protocol&order=market_cap_desc&per_page=250&page=1&sparkline=false&price_change_percentage=24h%2C7d%2C30d%2C1y",third_party,high,"Token price change; market sentiment, not product adoption."
2026-10-06,Sky,SKY token,Lending,7D Token Performance,1.7415,%,7D,CoinGecko markets,"https://api.coingecko.com/api/v3/coins/markets?vs_currency=usd&ids=aave,aerodrome-finance,canton-network,centrifuge-2,curve-dao-token,ethena,ether-fi,euler,falcon-finance-ff,hyperliquid,jupiter-exchange-solana,kamino,layerzero,morpho,ondo-finance,pendle,sky,syrup,uniswap,virtual-protocol&order=market_cap_desc&per_page=250&page=1&sparkline=false&price_change_percentage=24h%2C7d%2C30d%2C1y",third_party,high,"Token price change; market sentiment, not product adoption."
2026-10-06,Maple,SYRUP token,Tokenization,7D Token Performance,1.3215,%,7D,CoinGecko markets,"https://api.coingecko.com/api/v3/coins/markets?vs_currency=usd&ids=aave,aerodrome-finance,canton-network,centrifuge-2,curve-dao-token,ethena,ether-fi,euler,falcon-finance-ff,hyperliquid,jupiter-exchange-solana,kamino,layerzero,morpho,ondo-finance,pendle,sky,syrup,uniswap,virtual-protocol&order=market_cap_desc&per_page=250&page=1&sparkline=false&price_change_percentage=24h%2C7d%2C30d%2C1y",third_party,high,"Token price change; market sentiment, not product adoption."
2026-10-06,Pendle,PENDLE token,Derivatives,7D Token Performance,1.2322,%,7D,CoinGecko markets,"https://api.coingecko.com/api/v3/coins/markets?vs_currency=usd&ids=aave,aerodrome-finance,canton-network,centrifuge-2,curve-dao-token,ethena,ether-fi,euler,falcon-finance-ff,hyperliquid,jupiter-exchange-solana,kamino,layerzero,morpho,ondo-finance,pendle,sky,syrup,uniswap,virtual-protocol&order=market_cap_desc&per_page=250&page=1&sparkline=false&price_change_percentage=24h%2C7d%2C30d%2C1y",third_party,high,"Token price change; market sentiment, not product adoption."
2026-10-06,Aerodrome,AERO token,Spot,7D Token Performance,0.7084,%,7D,CoinGecko markets,"https://api.coingecko.com/api/v3/coins/markets?vs_currency=usd&ids=aave,aerodrome-finance,canton-network,centrifuge-2,curve-dao-token,ethena,ether-fi,euler,falcon-finance-ff,hyperliquid,jupiter-exchange-solana,kamino,layerzero,morpho,ondo-finance,pendle,sky,syrup,uniswap,virtual-protocol&order=market_cap_desc&per_page=250&page=1&sparkline=false&price_change_percentage=24h%2C7d%2C30d%2C1y",third_party,high,"Token price change; market sentiment, not product adoption."
2026-10-06,Canton,CC token,Infra,7D Token Performance,-0.4999,%,7D,CoinGecko markets,"https://api.coingecko.com/api/v3/coins/markets?vs_currency=usd&ids=aave,aerodrome-finance,canton-network,centrifuge-2,curve-dao-token,ethena,ether-fi,euler,falcon-finance-ff,hyperliquid,jupiter-exchange-solana,kamino,layerzero,morpho,ondo-finance,pendle,sky,syrup,uniswap,virtual-protocol&order=market_cap_desc&per_page=250&page=1&sparkline=false&price_change_percentage=24h%2C7d%2C30d%2C1y",third_party,high,"Token price change; market sentiment, not product adoption."
2026-10-06,Ondo,ONDO token,Tokenization,7D Token Performance,-2.5985,%,7D,CoinGecko markets,"https://api.coingecko.com/api/v3/coins/markets?vs_currency=usd&ids=aave,aerodrome-finance,canton-network,centrifuge-2,curve-dao-token,ethena,ether-fi,euler,falcon-finance-ff,hyperliquid,jupiter-exchange-solana,kamino,layerzero,morpho,ondo-finance,pendle,sky,syrup,uniswap,virtual-protocol&order=market_cap_desc&per_page=250&page=1&sparkline=false&price_change_percentage=24h%2C7d%2C30d%2C1y",third_party,high,"Token price change; market sentiment, not product adoption."
2026-10-06,Uniswap,UNI token,Spot,7D Token Performance,-3.5849,%,7D,CoinGecko markets,"https://api.coingecko.com/api/v3/coins/markets?vs_currency=usd&ids=aave,aerodrome-finance,canton-network,centrifuge-2,curve-dao-token,ethena,ether-fi,euler,falcon-finance-ff,hyperliquid,jupiter-exchange-solana,kamino,layerzero,morpho,ondo-finance,pendle,sky,syrup,uniswap,virtual-protocol&order=market_cap_desc&per_page=250&page=1&sparkline=false&price_change_percentage=24h%2C7d%2C30d%2C1y",third_party,high,"Token price change; market sentiment, not product adoption."
2026-10-06,EtherFi,ETHFI token,Asset Management,7D Token Performance,-5.8311,%,7D,CoinGecko markets,"https://api.coingecko.com/api/v3/coins/markets?vs_currency=usd&ids=aave,aerodrome-finance,canton-network,centrifuge-2,curve-dao-token,ethena,ether-fi,euler,falcon-finance-ff,hyperliquid,jupiter-exchange-solana,kamino,layerzero,morpho,ondo-finance,pendle,sky,syrup,uniswap,virtual-protocol&order=market_cap_desc&per_page=250&page=1&sparkline=false&price_change_percentage=24h%2C7d%2C30d%2C1y",third_party,high,"Token price change; market sentiment, not product adoption."
2026-10-06,Centrifuge,CFG token,Tokenization,7D Token Performance,-6.1698,%,7D,CoinGecko markets,"https://api.coingecko.com/api/v3/coins/markets?vs_currency=usd&ids=aave,aerodrome-finance,canton-network,centrifuge-2,curve-dao-token,ethena,ether-fi,euler,falcon-finance-ff,hyperliquid,jupiter-exchange-solana,kamino,layerzero,morpho,ondo-finance,pendle,sky,syrup,uniswap,virtual-protocol&order=market_cap_desc&per_page=250&page=1&sparkline=false&price_change_percentage=24h%2C7d%2C30d%2C1y",third_party,high,"Token price change; market sentiment, not product adoption."
2026-10-06,Ethena,ENA token,Asset Management,7D Token Performance,-6.5126,%,7D,CoinGecko markets,"https://api.coingecko.com/api/v3/coins/markets?vs_currency=usd&ids=aave,aerodrome-finance,canton-network,centrifuge-2,curve-dao-token,ethena,ether-fi,euler,falcon-finance-ff,hyperliquid,jupiter-exchange-solana,kamino,layerzero,morpho,ondo-finance,pendle,sky,syrup,uniswap,virtual-protocol&order=market_cap_desc&per_page=250&page=1&sparkline=false&price_change_percentage=24h%2C7d%2C30d%2C1y",third_party,high,"Token price change; market sentiment, not product adoption."
2026-10-06,Falcon,FF token,Asset Management,7D Token Performance,-8.7189,%,7D,CoinGecko markets,"https://api.coingecko.com/api/v3/coins/markets?vs_currency=usd&ids=aave,aerodrome-finance,canton-network,centrifuge-2,curve-dao-token,ethena,ether-fi,euler,falcon-finance-ff,hyperliquid,jupiter-exchange-solana,kamino,layerzero,morpho,ondo-finance,pendle,sky,syrup,uniswap,virtual-protocol&order=market_cap_desc&per_page=250&page=1&sparkline=false&price_change_percentage=24h%2C7d%2C30d%2C1y",third_party,high,"Token price change; market sentiment, not product adoption."
2026-10-06,Kamino,KMNO token,Lending,7D Token Performance,-9.5876,%,7D,CoinGecko markets,"https://api.coingecko.com/api/v3/coins/markets?vs_currency=usd&ids=aave,aerodrome-finance,canton-network,centrifuge-2,curve-dao-token,ethena,ether-fi,euler,falcon-finance-ff,hyperliquid,jupiter-exchange-solana,kamino,layerzero,morpho,ondo-finance,pendle,sky,syrup,uniswap,virtual-protocol&order=market_cap_desc&per_page=250&page=1&sparkline=false&price_change_percentage=24h%2C7d%2C30d%2C1y",third_party,high,"Token price change; market sentiment, not product adoption."
2026-10-06,Curve,CRV token,Spot,7D Token Performance,-11.7625,%,7D,CoinGecko markets,"https://api.coingecko.com/api/v3/coins/markets?vs_currency=usd&ids=aave,aerodrome-finance,canton-network,centrifuge-2,curve-dao-token,ethena,ether-fi,euler,falcon-finance-ff,hyperliquid,jupiter-exchange-solana,kamino,layerzero,morpho,ondo-finance,pendle,sky,syrup,uniswap,virtual-protocol&order=market_cap_desc&per_page=250&page=1&sparkline=false&price_change_percentage=24h%2C7d%2C30d%2C1y",third_party,high,"Token price change; market sentiment, not product adoption."
2026-10-06,Ethena,Ethena sUSDe,Asset Management,Current APY,4.9746,%,current,DefiLlama yields,https://yields.llama.fi/pools,third_party,high,Current sUSDe staking APY from DefiLlama yields; methodology is pool-level.
2026-10-06,Sky,Sky sUSDS,Asset Management,Current APY,3.6,%,current,DefiLlama yields,https://yields.llama.fi/pools,third_party,medium,Current sUSDS APY from DefiLlama yields; methodology is pool-level.
2026-10-06,Hyperliquid,HYPE token,Derivatives,FDV,87780397151.0,USD,current,CoinGecko markets,"https://api.coingecko.com/api/v3/coins/markets?vs_currency=usd&ids=aave,aerodrome-finance,canton-network,centrifuge-2,curve-dao-token,ethena,ether-fi,euler,falcon-finance-ff,hyperliquid,jupiter-exchange-solana,kamino,layerzero,morpho,ondo-finance,pendle,sky,syrup,uniswap,virtual-protocol&order=market_cap_desc&per_page=250&page=1&sparkline=false&price_change_percentage=24h%2C7d%2C30d%2C1y",third_party,high,Token-level market metric from CoinGecko; do not treat as protocol/product usage.
2026-10-06,Uniswap,UNI token,Spot,FDV,7671065488.0,USD,current,CoinGecko markets,"https://api.coingecko.com/api/v3/coins/markets?vs_currency=usd&ids=aave,aerodrome-finance,canton-network,centrifuge-2,curve-dao-token,ethena,ether-fi,euler,falcon-finance-ff,hyperliquid,jupiter-exchange-solana,kamino,layerzero,morpho,ondo-finance,pendle,sky,syrup,uniswap,virtual-protocol&order=market_cap_desc&per_page=250&page=1&sparkline=false&price_change_percentage=24h%2C7d%2C30d%2C1y",third_party,high,Token-level market metric from CoinGecko; do not treat as protocol/product usage.
2026-10-06,Canton,CC token,Infra,FDV,5156849070.0,USD,current,CoinGecko markets,"https://api.coingecko.com/api/v3/coins/markets?vs_currency=usd&ids=aave,aerodrome-finance,canton-network,centrifuge-2,curve-dao-token,ethena,ether-fi,euler,falcon-finance-ff,hyperliquid,jupiter-exchange-solana,kamino,layerzero,morpho,ondo-finance,pendle,sky,syrup,uniswap,virtual-protocol&order=market_cap_desc&per_page=250&page=1&sparkline=false&price_change_percentage=24h%2C7d%2C30d%2C1y",third_party,high,Token-level market metric from CoinGecko; do not treat as protocol/product usage.
2026-10-06,Ondo,ONDO token,Tokenization,FDV,4976858461.0,USD,current,CoinGecko markets,"https://api.coingecko.com/api/v3/coins/markets?vs_currency=usd&ids=aave,aerodrome-finance,canton-network,centrifuge-2,curve-dao-token,ethena,ether-fi,euler,falcon-finance-ff,hyperliquid,jupiter-exchange-solana,kamino,layerzero,morpho,ondo-finance,pendle,sky,syrup,uniswap,virtual-protocol&order=market_cap_desc&per_page=250&page=1&sparkline=false&price_change_percentage=24h%2C7d%2C30d%2C1y",third_party,high,Token-level market metric from CoinGecko; do not treat as protocol/product usage.
2026-10-06,Ethena,ENA token,Asset Management,FDV,3539584555.0,USD,current,CoinGecko markets,"https://api.coingecko.com/api/v3/coins/markets?vs_currency=usd&ids=aave,aerodrome-finance,canton-network,centrifuge-2,curve-dao-token,ethena,ether-fi,euler,falcon-finance-ff,hyperliquid,jupiter-exchange-solana,kamino,layerzero,morpho,ondo-finance,pendle,sky,syrup,uniswap,virtual-protocol&order=market_cap_desc&per_page=250&page=1&sparkline=false&price_change_percentage=24h%2C7d%2C30d%2C1y",third_party,high,Token-level market metric from CoinGecko; do not treat as protocol/product usage.
2026-10-06,Aave,AAVE token,Lending,FDV,2886678057.0,USD,current,CoinGecko markets,"https://api.coingecko.com/api/v3/coins/markets?vs_currency=usd&ids=aave,aerodrome-finance,canton-network,centrifuge-2,curve-dao-token,ethena,ether-fi,euler,falcon-finance-ff,hyperliquid,jupiter-exchange-solana,kamino,layerzero,morpho,ondo-finance,pendle,sky,syrup,uniswap,virtual-protocol&order=market_cap_desc&per_page=250&page=1&sparkline=false&price_change_percentage=24h%2C7d%2C30d%2C1y",third_party,high,Token-level market metric from CoinGecko; do not treat as protocol/product usage.
2026-10-06,Morpho,MORPHO token,Lending,FDV,2691390197.0,USD,current,CoinGecko markets,"https://api.coingecko.com/api/v3/coins/markets?vs_currency=usd&ids=aave,aerodrome-finance,canton-network,centrifuge-2,curve-dao-token,ethena,ether-fi,euler,falcon-finance-ff,hyperliquid,jupiter-exchange-solana,kamino,layerzero,morpho,ondo-finance,pendle,sky,syrup,uniswap,virtual-protocol&order=market_cap_desc&per_page=250&page=1&sparkline=false&price_change_percentage=24h%2C7d%2C30d%2C1y",third_party,high,Token-level market metric from CoinGecko; do not treat as protocol/product usage.
2026-10-06,Jupiter,JUP token,Spot,FDV,2445238981.0,USD,current,CoinGecko markets,"https://api.coingecko.com/api/v3/coins/markets?vs_currency=usd&ids=aave,aerodrome-finance,canton-network,centrifuge-2,curve-dao-token,ethena,ether-fi,euler,falcon-finance-ff,hyperliquid,jupiter-exchange-solana,kamino,layerzero,morpho,ondo-finance,pendle,sky,syrup,uniswap,virtual-protocol&order=market_cap_desc&per_page=250&page=1&sparkline=false&price_change_percentage=24h%2C7d%2C30d%2C1y",third_party,high,Token-level market metric from CoinGecko; do not treat as protocol/product usage.
2026-10-06,LayerZero,ZRO token,Infra,FDV,2227823711.0,USD,current,CoinGecko markets,"https://api.coingecko.com/api/v3/coins/markets?vs_currency=usd&ids=aave,aerodrome-finance,canton-network,centrifuge-2,curve-dao-token,ethena,ether-fi,euler,falcon-finance-ff,hyperliquid,jupiter-exchange-solana,kamino,layerzero,morpho,ondo-finance,pendle,sky,syrup,uniswap,virtual-protocol&order=market_cap_desc&per_page=250&page=1&sparkline=false&price_change_percentage=24h%2C7d%2C30d%2C1y",third_party,high,Token-level market metric from CoinGecko; do not treat as protocol/product usage.
2026-10-06,Sky,SKY token,Lending,FDV,2053844822.0,USD,current,CoinGecko markets,"https://api.coingecko.com/api/v3/coins/markets?vs_currency=usd&ids=aave,aerodrome-finance,canton-network,centrifuge-2,curve-dao-token,ethena,ether-fi,euler,falcon-finance-ff,hyperliquid,jupiter-exchange-solana,kamino,layerzero,morpho,ondo-finance,pendle,sky,syrup,uniswap,virtual-protocol&order=market_cap_desc&per_page=250&page=1&sparkline=false&price_change_percentage=24h%2C7d%2C30d%2C1y",third_party,high,Token-level market metric from CoinGecko; do not treat as protocol/product usage.
2026-10-06,Aerodrome,AERO token,Spot,FDV,1594646088.0,USD,current,CoinGecko markets,"https://api.coingecko.com/api/v3/coins/markets?vs_currency=usd&ids=aave,aerodrome-finance,canton-network,centrifuge-2,curve-dao-token,ethena,ether-fi,euler,falcon-finance-ff,hyperliquid,jupiter-exchange-solana,kamino,layerzero,morpho,ondo-finance,pendle,sky,syrup,uniswap,virtual-protocol&order=market_cap_desc&per_page=250&page=1&sparkline=false&price_change_percentage=24h%2C7d%2C30d%2C1y",third_party,high,Token-level market metric from CoinGecko; do not treat as protocol/product usage.
2026-10-06,Falcon,FF token,Asset Management,FDV,1107071500.0,USD,current,CoinGecko markets,"https://api.coingecko.com/api/v3/coins/markets?vs_currency=usd&ids=aave,aerodrome-finance,canton-network,centrifuge-2,curve-dao-token,ethena,ether-fi,euler,falcon-finance-ff,hyperliquid,jupiter-exchange-solana,kamino,layerzero,morpho,ondo-finance,pendle,sky,syrup,uniswap,virtual-protocol&order=market_cap_desc&per_page=250&page=1&sparkline=false&price_change_percentage=24h%2C7d%2C30d%2C1y",third_party,high,Token-level market metric from CoinGecko; do not treat as protocol/product usage.
2026-10-06,Curve,CRV token,Spot,FDV,873244824.0,USD,current,CoinGecko markets,"https://api.coingecko.com/api/v3/coins/markets?vs_currency=usd&ids=aave,aerodrome-finance,canton-network,centrifuge-2,curve-dao-token,ethena,ether-fi,euler,falcon-finance-ff,hyperliquid,jupiter-exchange-solana,kamino,layerzero,morpho,ondo-finance,pendle,sky,syrup,uniswap,virtual-protocol&order=market_cap_desc&per_page=250&page=1&sparkline=false&price_change_percentage=24h%2C7d%2C30d%2C1y",third_party,high,Token-level market metric from CoinGecko; do not treat as protocol/product usage.
2026-10-06,Virtuals,VIRTUAL token,AI,FDV,815280062.0,USD,current,CoinGecko markets,"https://api.coingecko.com/api/v3/coins/markets?vs_currency=usd&ids=aave,aerodrome-finance,canton-network,centrifuge-2,curve-dao-token,ethena,ether-fi,euler,falcon-finance-ff,hyperliquid,jupiter-exchange-solana,kamino,layerzero,morpho,ondo-finance,pendle,sky,syrup,uniswap,virtual-protocol&order=market_cap_desc&per_page=250&page=1&sparkline=false&price_change_percentage=24h%2C7d%2C30d%2C1y",third_party,high,Token-level market metric from CoinGecko; do not treat as protocol/product usage.
2026-10-06,EtherFi,ETHFI token,Asset Management,FDV,725039971.0,USD,current,CoinGecko markets,"https://api.coingecko.com/api/v3/coins/markets?vs_currency=usd&ids=aave,aerodrome-finance,canton-network,centrifuge-2,curve-dao-token,ethena,ether-fi,euler,falcon-finance-ff,hyperliquid,jupiter-exchange-solana,kamino,layerzero,morpho,ondo-finance,pendle,sky,syrup,uniswap,virtual-protocol&order=market_cap_desc&per_page=250&page=1&sparkline=false&price_change_percentage=24h%2C7d%2C30d%2C1y",third_party,high,Token-level market metric from CoinGecko; do not treat as protocol/product usage.
2026-10-06,Pendle,PENDLE token,Derivatives,FDV,678260468.0,USD,current,CoinGecko markets,"https://api.coingecko.com/api/v3/coins/markets?vs_currency=usd&ids=aave,aerodrome-finance,canton-network,centrifuge-2,curve-dao-token,ethena,ether-fi,euler,falcon-finance-ff,hyperliquid,jupiter-exchange-solana,kamino,layerzero,morpho,ondo-finance,pendle,sky,syrup,uniswap,virtual-protocol&order=market_cap_desc&per_page=250&page=1&sparkline=false&price_change_percentage=24h%2C7d%2C30d%2C1y",third_party,high,Token-level market metric from CoinGecko; do not treat as protocol/product usage.
2026-10-06,Kamino,KMNO token,Lending,FDV,390442308.0,USD,current,CoinGecko markets,"https://api.coingecko.com/api/v3/coins/markets?vs_currency=usd&ids=aave,aerodrome-finance,canton-network,centrifuge-2,curve-dao-token,ethena,ether-fi,euler,falcon-finance-ff,hyperliquid,jupiter-exchange-solana,kamino,layerzero,morpho,ondo-finance,pendle,sky,syrup,uniswap,virtual-protocol&order=market_cap_desc&per_page=250&page=1&sparkline=false&price_change_percentage=24h%2C7d%2C30d%2C1y",third_party,high,Token-level market metric from CoinGecko; do not treat as protocol/product usage.
2026-10-06,Maple,SYRUP token,Tokenization,FDV,309684648.0,USD,current,CoinGecko markets,"https://api.coingecko.com/api/v3/coins/markets?vs_currency=usd&ids=aave,aerodrome-finance,canton-network,centrifuge-2,curve-dao-token,ethena,ether-fi,euler,falcon-finance-ff,hyperliquid,jupiter-exchange-solana,kamino,layerzero,morpho,ondo-finance,pendle,sky,syrup,uniswap,virtual-protocol&order=market_cap_desc&per_page=250&page=1&sparkline=false&price_change_percentage=24h%2C7d%2C30d%2C1y",third_party,high,Token-level market metric from CoinGecko; do not treat as protocol/product usage.
2026-10-06,Centrifuge,CFG token,Tokenization,FDV,101110260.0,USD,current,CoinGecko markets,"https://api.coingecko.com/api/v3/coins/markets?vs_currency=usd&ids=aave,aerodrome-finance,canton-network,centrifuge-2,curve-dao-token,ethena,ether-fi,euler,falcon-finance-ff,hyperliquid,jupiter-exchange-solana,kamino,layerzero,morpho,ondo-finance,pendle,sky,syrup,uniswap,virtual-protocol&order=market_cap_desc&per_page=250&page=1&sparkline=false&price_change_percentage=24h%2C7d%2C30d%2C1y",third_party,high,Token-level market metric from CoinGecko; do not treat as protocol/product usage.
2026-10-06,Euler,EUL token,Lending,FDV,40444941.0,USD,current,CoinGecko markets,"https://api.coingecko.com/api/v3/coins/markets?vs_currency=usd&ids=aave,aerodrome-finance,canton-network,centrifuge-2,curve-dao-token,ethena,ether-fi,euler,falcon-finance-ff,hyperliquid,jupiter-exchange-solana,kamino,layerzero,morpho,ondo-finance,pendle,sky,syrup,uniswap,virtual-protocol&order=market_cap_desc&per_page=250&page=1&sparkline=false&price_change_percentage=24h%2C7d%2C30d%2C1y",third_party,high,Token-level market metric from CoinGecko; do not treat as protocol/product usage.
2026-10-06,Hyperliquid,HYPE token,Derivatives,Market Cap,20439891576.0,USD,current,CoinGecko markets,"https://api.coingecko.com/api/v3/coins/markets?vs_currency=usd&ids=aave,aerodrome-finance,canton-network,centrifuge-2,curve-dao-token,ethena,ether-fi,euler,falcon-finance-ff,hyperliquid,jupiter-exchange-solana,kamino,layerzero,morpho,ondo-finance,pendle,sky,syrup,uniswap,virtual-protocol&order=market_cap_desc&per_page=250&page=1&sparkline=false&price_change_percentage=24h%2C7d%2C30d%2C1y",third_party,high,Token-level market metric from CoinGecko; do not treat as protocol/product usage.
2026-10-06,Uniswap,UNI token,Spot,Market Cap,5403995751.0,USD,current,CoinGecko markets,"https://api.coingecko.com/api/v3/coins/markets?vs_currency=usd&ids=aave,aerodrome-finance,canton-network,centrifuge-2,curve-dao-token,ethena,ether-fi,euler,falcon-finance-ff,hyperliquid,jupiter-exchange-solana,kamino,layerzero,morpho,ondo-finance,pendle,sky,syrup,uniswap,virtual-protocol&order=market_cap_desc&per_page=250&page=1&sparkline=false&price_change_percentage=24h%2C7d%2C30d%2C1y",third_party,high,Token-level market metric from CoinGecko; do not treat as protocol/product usage.
2026-10-06,Canton,CC token,Infra,Market Cap,5156849070.0,USD,current,CoinGecko markets,"https://api.coingecko.com/api/v3/coins/markets?vs_currency=usd&ids=aave,aerodrome-finance,canton-network,centrifuge-2,curve-dao-token,ethena,ether-fi,euler,falcon-finance-ff,hyperliquid,jupiter-exchange-solana,kamino,layerzero,morpho,ondo-finance,pendle,sky,syrup,uniswap,virtual-protocol&order=market_cap_desc&per_page=250&page=1&sparkline=false&price_change_percentage=24h%2C7d%2C30d%2C1y",third_party,high,Token-level market metric from CoinGecko; do not treat as protocol/product usage.
2026-10-06,Ethena,ENA token,Asset Management,Market Cap,3163503696.0,USD,current,CoinGecko markets,"https://api.coingecko.com/api/v3/coins/markets?vs_currency=usd&ids=aave,aerodrome-finance,canton-network,centrifuge-2,curve-dao-token,ethena,ether-fi,euler,falcon-finance-ff,hyperliquid,jupiter-exchange-solana,kamino,layerzero,morpho,ondo-finance,pendle,sky,syrup,uniswap,virtual-protocol&order=market_cap_desc&per_page=250&page=1&sparkline=false&price_change_percentage=24h%2C7d%2C30d%2C1y",third_party,high,Token-level market metric from CoinGecko; do not treat as protocol/product usage.
2026-10-06,Aave,AAVE token,Lending,Market Cap,2784830902.0,USD,current,CoinGecko markets,"https://api.coingecko.com/api/v3/coins/markets?vs_currency=usd&ids=aave,aerodrome-finance,canton-network,centrifuge-2,curve-dao-token,ethena,ether-fi,euler,falcon-finance-ff,hyperliquid,jupiter-exchange-solana,kamino,layerzero,morpho,ondo-finance,pendle,sky,syrup,uniswap,virtual-protocol&order=market_cap_desc&per_page=250&page=1&sparkline=false&price_change_percentage=24h%2C7d%2C30d%2C1y",third_party,high,Token-level market metric from CoinGecko; do not treat as protocol/product usage.
2026-10-06,Ondo,ONDO token,Tokenization,Market Cap,2423396943.0,USD,current,CoinGecko markets,"https://api.coingecko.com/api/v3/coins/markets?vs_currency=usd&ids=aave,aerodrome-finance,canton-network,centrifuge-2,curve-dao-token,ethena,ether-fi,euler,falcon-finance-ff,hyperliquid,jupiter-exchange-solana,kamino,layerzero,morpho,ondo-finance,pendle,sky,syrup,uniswap,virtual-protocol&order=market_cap_desc&per_page=250&page=1&sparkline=false&price_change_percentage=24h%2C7d%2C30d%2C1y",third_party,high,Token-level market metric from CoinGecko; do not treat as protocol/product usage.
2026-10-06,Sky,SKY token,Lending,Market Cap,2051125335.0,USD,current,CoinGecko markets,"https://api.coingecko.com/api/v3/coins/markets?vs_currency=usd&ids=aave,aerodrome-finance,canton-network,centrifuge-2,curve-dao-token,ethena,ether-fi,euler,falcon-finance-ff,hyperliquid,jupiter-exchange-solana,kamino,layerzero,morpho,ondo-finance,pendle,sky,syrup,uniswap,virtual-protocol&order=market_cap_desc&per_page=250&page=1&sparkline=false&price_change_percentage=24h%2C7d%2C30d%2C1y",third_party,high,Token-level market metric from CoinGecko; do not treat as protocol/product usage.
2026-10-06,Morpho,MORPHO token,Lending,Market Cap,1884394128.0,USD,current,CoinGecko markets,"https://api.coingecko.com/api/v3/coins/markets?vs_currency=usd&ids=aave,aerodrome-finance,canton-network,centrifuge-2,curve-dao-token,ethena,ether-fi,euler,falcon-finance-ff,hyperliquid,jupiter-exchange-solana,kamino,layerzero,morpho,ondo-finance,pendle,sky,syrup,uniswap,virtual-protocol&order=market_cap_desc&per_page=250&page=1&sparkline=false&price_change_percentage=24h%2C7d%2C30d%2C1y",third_party,high,Token-level market metric from CoinGecko; do not treat as protocol/product usage.
2026-10-06,Jupiter,JUP token,Spot,Market Cap,1182928959.0,USD,current,CoinGecko markets,"https://api.coingecko.com/api/v3/coins/markets?vs_currency=usd&ids=aave,aerodrome-finance,canton-network,centrifuge-2,curve-dao-token,ethena,ether-fi,euler,falcon-finance-ff,hyperliquid,jupiter-exchange-solana,kamino,layerzero,morpho,ondo-finance,pendle,sky,syrup,uniswap,virtual-protocol&order=market_cap_desc&per_page=250&page=1&sparkline=false&price_change_percentage=24h%2C7d%2C30d%2C1y",third_party,high,Token-level market metric from CoinGecko; do not treat as protocol/product usage.
2026-10-06,LayerZero,ZRO token,Infra,Market Cap,889223407.0,USD,current,CoinGecko markets,"https://api.coingecko.com/api/v3/coins/markets?vs_currency=usd&ids=aave,aerodrome-finance,canton-network,centrifuge-2,curve-dao-token,ethena,ether-fi,euler,falcon-finance-ff,hyperliquid,jupiter-exchange-solana,kamino,layerzero,morpho,ondo-finance,pendle,sky,syrup,uniswap,virtual-protocol&order=market_cap_desc&per_page=250&page=1&sparkline=false&price_change_percentage=24h%2C7d%2C30d%2C1y",third_party,high,Token-level market metric from CoinGecko; do not treat as protocol/product usage.
2026-10-06,Aerodrome,AERO token,Spot,Market Cap,800167317.0,USD,current,CoinGecko markets,"https://api.coingecko.com/api/v3/coins/markets?vs_currency=usd&ids=aave,aerodrome-finance,canton-network,centrifuge-2,curve-dao-token,ethena,ether-fi,euler,falcon-finance-ff,hyperliquid,jupiter-exchange-solana,kamino,layerzero,morpho,ondo-finance,pendle,sky,syrup,uniswap,virtual-protocol&order=market_cap_desc&per_page=250&page=1&sparkline=false&price_change_percentage=24h%2C7d%2C30d%2C1y",third_party,high,Token-level market metric from CoinGecko; do not treat as protocol/product usage.
2026-10-06,EtherFi,ETHFI token,Asset Management,Market Cap,725039971.0,USD,current,CoinGecko markets,"https://api.coingecko.com/api/v3/coins/markets?vs_currency=usd&ids=aave,aerodrome-finance,canton-network,centrifuge-2,curve-dao-token,ethena,ether-fi,euler,falcon-finance-ff,hyperliquid,jupiter-exchange-solana,kamino,layerzero,morpho,ondo-finance,pendle,sky,syrup,uniswap,virtual-protocol&order=market_cap_desc&per_page=250&page=1&sparkline=false&price_change_percentage=24h%2C7d%2C30d%2C1y",third_party,high,Token-level market metric from CoinGecko; do not treat as protocol/product usage.
2026-10-06,Curve,CRV token,Spot,Market Cap,566281360.0,USD,current,CoinGecko markets,"https://api.coingecko.com/api/v3/coins/markets?vs_currency=usd&ids=aave,aerodrome-finance,canton-network,centrifuge-2,curve-dao-token,ethena,ether-fi,euler,falcon-finance-ff,hyperliquid,jupiter-exchange-solana,kamino,layerzero,morpho,ondo-finance,pendle,sky,syrup,uniswap,virtual-protocol&order=market_cap_desc&per_page=250&page=1&sparkline=false&price_change_percentage=24h%2C7d%2C30d%2C1y",third_party,high,Token-level market metric from CoinGecko; do not treat as protocol/product usage.
2026-10-06,Virtuals,VIRTUAL token,AI,Market Cap,536768850.0,USD,current,CoinGecko markets,"https://api.coingecko.com/api/v3/coins/markets?vs_currency=usd&ids=aave,aerodrome-finance,canton-network,centrifuge-2,curve-dao-token,ethena,ether-fi,euler,falcon-finance-ff,hyperliquid,jupiter-exchange-solana,kamino,layerzero,morpho,ondo-finance,pendle,sky,syrup,uniswap,virtual-protocol&order=market_cap_desc&per_page=250&page=1&sparkline=false&price_change_percentage=24h%2C7d%2C30d%2C1y",third_party,high,Token-level market metric from CoinGecko; do not treat as protocol/product usage.
2026-10-06,Pendle,PENDLE token,Derivatives,Market Cap,418579078.0,USD,current,CoinGecko markets,"https://api.coingecko.com/api/v3/coins/markets?vs_currency=usd&ids=aave,aerodrome-finance,canton-network,centrifuge-2,curve-dao-token,ethena,ether-fi,euler,falcon-finance-ff,hyperliquid,jupiter-exchange-solana,kamino,layerzero,morpho,ondo-finance,pendle,sky,syrup,uniswap,virtual-protocol&order=market_cap_desc&per_page=250&page=1&sparkline=false&price_change_percentage=24h%2C7d%2C30d%2C1y",third_party,high,Token-level market metric from CoinGecko; do not treat as protocol/product usage.
2026-10-06,Falcon,FF token,Asset Management,Market Cap,370100153.0,USD,current,CoinGecko markets,"https://api.coingecko.com/api/v3/coins/markets?vs_currency=usd&ids=aave,aerodrome-finance,canton-network,centrifuge-2,curve-dao-token,ethena,ether-fi,euler,falcon-finance-ff,hyperliquid,jupiter-exchange-solana,kamino,layerzero,morpho,ondo-finance,pendle,sky,syrup,uniswap,virtual-protocol&order=market_cap_desc&per_page=250&page=1&sparkline=false&price_change_percentage=24h%2C7d%2C30d%2C1y",third_party,high,Token-level market metric from CoinGecko; do not treat as protocol/product usage.
2026-10-06,Maple,SYRUP token,Tokenization,Market Cap,290425598.0,USD,current,CoinGecko markets,"https://api.coingecko.com/api/v3/coins/markets?vs_currency=usd&ids=aave,aerodrome-finance,canton-network,centrifuge-2,curve-dao-token,ethena,ether-fi,euler,falcon-finance-ff,hyperliquid,jupiter-exchange-solana,kamino,layerzero,morpho,ondo-finance,pendle,sky,syrup,uniswap,virtual-protocol&order=market_cap_desc&per_page=250&page=1&sparkline=false&price_change_percentage=24h%2C7d%2C30d%2C1y",third_party,high,Token-level market metric from CoinGecko; do not treat as protocol/product usage.
2026-10-06,Kamino,KMNO token,Lending,Market Cap,222472863.0,USD,current,CoinGecko markets,"https://api.coingecko.com/api/v3/coins/markets?vs_currency=usd&ids=aave,aerodrome-finance,canton-network,centrifuge-2,curve-dao-token,ethena,ether-fi,euler,falcon-finance-ff,hyperliquid,jupiter-exchange-solana,kamino,layerzero,morpho,ondo-finance,pendle,sky,syrup,uniswap,virtual-protocol&order=market_cap_desc&per_page=250&page=1&sparkline=false&price_change_percentage=24h%2C7d%2C30d%2C1y",third_party,high,Token-level market metric from CoinGecko; do not treat as protocol/product usage.
2026-10-06,Centrifuge,CFG token,Tokenization,Market Cap,56559892.0,USD,current,CoinGecko markets,"https://api.coingecko.com/api/v3/coins/markets?vs_currency=usd&ids=aave,aerodrome-finance,canton-network,centrifuge-2,curve-dao-token,ethena,ether-fi,euler,falcon-finance-ff,hyperliquid,jupiter-exchange-solana,kamino,layerzero,morpho,ondo-finance,pendle,sky,syrup,uniswap,virtual-protocol&order=market_cap_desc&per_page=250&page=1&sparkline=false&price_change_percentage=24h%2C7d%2C30d%2C1y",third_party,high,Token-level market metric from CoinGecko; do not treat as protocol/product usage.
2026-10-06,Euler,EUL token,Lending,Market Cap,35760978.0,USD,current,CoinGecko markets,"https://api.coingecko.com/api/v3/coins/markets?vs_currency=usd&ids=aave,aerodrome-finance,canton-network,centrifuge-2,curve-dao-token,ethena,ether-fi,euler,falcon-finance-ff,hyperliquid,jupiter-exchange-solana,kamino,layerzero,morpho,ondo-finance,pendle,sky,syrup,uniswap,virtual-protocol&order=market_cap_desc&per_page=250&page=1&sparkline=false&price_change_percentage=24h%2C7d%2C30d%2C1y",third_party,high,Token-level market metric from CoinGecko; do not treat as protocol/product usage.
2026-10-06,Aave,Aave V3,Lending,Outstanding Borrows,12678774299.03,USD,current,DefiLlama protocol,https://api.llama.fi/protocol/aave-v3,third_party,high,Outstanding borrows (current stock) from DefiLlama borrowed TVL; not daily new-borrow flow.
2026-10-06,Morpho,Morpho Blue,Lending,Outstanding Borrows,5595241732.07,USD,current,DefiLlama protocol,https://api.llama.fi/protocol/morpho-blue,third_party,high,Outstanding borrows (current stock) from DefiLlama borrowed TVL; not daily new-borrow flow.
2026-10-06,Maple,Maple Finance,Lending,Outstanding Borrows,1797991680.85,USD,current,DefiLlama protocol,https://api.llama.fi/protocol/maple,third_party,medium,Outstanding borrows (current stock) from DefiLlama borrowed TVL; institutional credit pools.
2026-10-06,Jupiter,Jupiter Lend,Lending,Outstanding Borrows,1046069141.98,USD,current,DefiLlama protocol,https://api.llama.fi/protocol/jupiter-lend,third_party,medium,Outstanding borrows (current stock) from DefiLlama borrowed TVL; not daily new-borrow flow.
2026-10-06,Kamino,Kamino,Lending,Outstanding Borrows,1007995323.08,USD,current,DefiLlama protocol,https://api.llama.fi/protocol/kamino-lend,third_party,high,Outstanding borrows (current stock) from DefiLlama borrowed TVL; Solana lending pools.
2026-10-06,Euler,Euler V2,Lending,Outstanding Borrows,367769437.55,USD,current,DefiLlama protocol,https://api.llama.fi/protocol/euler-v2,third_party,high,Outstanding borrows (current stock) from DefiLlama borrowed TVL; not daily new-borrow flow.
2026-10-06,Curve,Curve Finance,Spot,Outstanding Borrows,76186005.0,USD,current,DefiLlama protocol,https://api.llama.fi/protocol/curve-finance,third_party,medium,Outstanding borrows (current stock) from DefiLlama borrowed TVL; crvUSD lending markets. (Ian: include Curve in borrows.)
2026-10-06,Sky,Sky USDS,Asset Management,Stablecoin Supply,7021528595.81,USD,current,DefiLlama stablecoins,https://stablecoins.llama.fi/stablecoins,third_party,high,"Circulating stablecoin supply; product metric, not token market cap."
2026-10-06,Ethena,Ethena USDe,Asset Management,Stablecoin Supply,4963537835.72,USD,current,DefiLlama stablecoins,https://stablecoins.llama.fi/stablecoins,third_party,high,"Circulating stablecoin supply; product metric, not token market cap."
2026-10-06,Ondo,Ondo USDY,Tokenization,Stablecoin Supply,2206516255.24,USD,current,DefiLlama stablecoins,https://stablecoins.llama.fi/stablecoins,third_party,high,Tokenized yield-asset supply via DefiLlama stablecoins.
2026-10-06,Falcon,Falcon USDf,Asset Management,Stablecoin Supply,1655014678.93,USD,current,DefiLlama stablecoins,https://stablecoins.llama.fi/stablecoins,third_party,medium,Circulating stablecoin supply; reserve attestations need separate review.
2026-10-06,Sky,Sky USDS,Asset Management,Stablecoin Supply,18043139.91,USD,current,DefiLlama stablecoins,https://stablecoins.llama.fi/stablecoins,third_party,high,"Circulating stablecoin supply; product metric, not token market cap."
2026-10-06,Sky,Sky USDS,Asset Management,Stablecoin Supply,513788.02,USD,current,DefiLlama stablecoins,https://stablecoins.llama.fi/stablecoins,third_party,high,"Circulating stablecoin supply; product metric, not token market cap."
2026-10-06,Sky,Sky USDS,Asset Management,Stablecoin Supply,100769.65,USD,current,DefiLlama stablecoins,https://stablecoins.llama.fi/stablecoins,third_party,high,"Circulating stablecoin supply; product metric, not token market cap."
2026-10-06,Sky,Sky USDS,Asset Management,Stablecoin Supply,84677.23,USD,current,DefiLlama stablecoins,https://stablecoins.llama.fi/stablecoins,third_party,high,"Circulating stablecoin supply; product metric, not token market cap."
2026-10-06,Aave,Aave V3,Lending,TVL,18563305213.8,USD,current,DefiLlama protocol,https://api.llama.fi/protocol/aave-v3,third_party,high,Primary Aave MVP lending record.
2026-10-06,Morpho,Morpho Blue,Lending,TVL,11512354345.58,USD,current,DefiLlama protocol,https://api.llama.fi/protocol/morpho-blue,third_party,high,Curator data needs Morpho-native or Dune source.
2026-10-06,Sky,Sky Lending,Lending,TVL,6051111473.75,USD,current,DefiLlama protocol,https://api.llama.fi/protocol/sky-lending,third_party,high,Lending/CDP record; APY and Agent metrics need native source checks.
2026-10-06,Ethena,Ethena USDe,Asset Management,TVL,4962783228.59,USD,current,DefiLlama protocol,https://api.llama.fi/protocol/ethena-usde,third_party,high,USDe-specific record; reserves and APY need native source checks.
2026-10-06,Maple,Maple Finance,Lending,TVL,3052015194.98,USD,current,DefiLlama protocol,https://api.llama.fi/protocol/maple,third_party,high,Maple institutional lending TVL and fees; syrup stablecoin products tracked via stablecoins endpoint.
2026-10-06,Uniswap,Uniswap V3,Spot,TVL,1709667167.7,USD,current,DefiLlama protocol,https://api.llama.fi/protocol/uniswap-v3,third_party,high,Version-specific record; do not silently blend with V2/V4.
2026-10-06,Falcon,Falcon Finance,Asset Management,TVL,1654817484.65,USD,current,DefiLlama protocol,https://api.llama.fi/protocol/falcon-finance,third_party,medium,Falcon Finance USDf/sUSDf TVL and fees; sUSDf APY needs native source.
2026-10-06,Jupiter,Jupiter Lend,Lending,TVL,1408931368.93,USD,current,DefiLlama protocol,https://api.llama.fi/protocol/jupiter-lend,third_party,medium,Separate product record; not aggregator usage.
2026-10-06,Kamino,Kamino,Lending,TVL,1405713586.99,USD,current,DefiLlama protocol,https://api.llama.fi/protocol/kamino-lend,third_party,high,Kamino Solana lending TVL and fees; outstanding borrows tracked separately.
2026-10-06,Curve,Curve Finance,Spot,TVL,1284306136.67,USD,current,DefiLlama protocol,https://api.llama.fi/protocol/curve-dex,third_party,high,"Curve DEX TVL, fees, and volume; active users via Dune dex.trades."
2026-10-06,Uniswap,Uniswap V4,Spot,TVL,1219890107.93,USD,current,DefiLlama protocol,https://api.llama.fi/protocol/uniswap-v4,third_party,high,Version-specific record; aggregation rule needs to stay visible.
2026-10-06,Uniswap,Uniswap V2,Spot,TVL,1036305860.34,USD,current,DefiLlama protocol,https://api.llama.fi/protocol/uniswap-v2,third_party,high,Version-specific legacy liquidity record.
2026-10-06,Jupiter,Jupiter Perpetual Exchange,Derivatives,TVL,822524092.13,USD,current,DefiLlama protocol,https://api.llama.fi/protocol/jupiter-perpetual-exchange,third_party,medium,Perps product record; derivatives overview access may be restricted.
2026-10-06,Aave,Aave V4,Lending,TVL,677363806.67,USD,current,DefiLlama protocol,https://api.llama.fi/protocol/aave-v4,third_party,medium,V4 hub/spoke detail still needs native source discovery.
2026-10-06,Jupiter,Jupiter Staked SOL,Asset Management,TVL,627215357.82,USD,current,DefiLlama protocol,https://api.llama.fi/protocol/jupiter-staked-sol,third_party,medium,Liquid-staking product record.
2026-10-06,Ethena,Ethena USDtb,Asset Management,TVL,488555033.73,USD,current,DefiLlama protocol,https://api.llama.fi/protocol/ethena-usdtb,third_party,medium,Separate Ethena stablecoin product.
2026-10-06,Euler,Euler V2,Lending,TVL,338284577.28,USD,current,DefiLlama protocol,https://api.llama.fi/protocol/euler-v2,third_party,high,Euler V2 lending TVL and fees; outstanding borrows tracked separately.
2026-10-06,EtherFi,EtherFi Cash,Asset Management,TVL,248568370.36,USD,current,DefiLlama protocol,https://api.llama.fi/protocol/etherfi-cash-liquid,third_party,medium,EtherFi liquid restaking and Cash card product; card metrics need PaymentScan source.
2026-10-06,Aerodrome,Aerodrome Slipstream,Spot,TVL,224678307.53,USD,current,DefiLlama protocol,https://api.llama.fi/protocol/aerodrome-slipstream,third_party,high,Concentrated-liquidity record; keep separate from V1 unless labeled.
2026-10-06,Hyperliquid,Hyperliquid Spot Orderbook,Derivatives,TVL,184103395.28,USD,current,DefiLlama protocol,https://api.llama.fi/protocol/hyperliquid-spot-orderbook,third_party,medium,Spot-orderbook record; keep separate from HLP and perps.
2026-10-06,Hyperliquid,Hyperliquid HLP,Derivatives,TVL,181184812.88,USD,current,DefiLlama protocol,https://api.llama.fi/protocol/hyperliquid-hlp,third_party,medium,HLP liquidity vault record; not total Hyperliquid perps activity.
2026-10-06,Aerodrome,Aerodrome V1,Spot,TVL,152488686.62,USD,current,DefiLlama protocol,https://api.llama.fi/protocol/aerodrome-v1,third_party,high,V1 record; keep version labels.
2026-10-06,Sky,Sky Money,Asset Management,TVL,110172016.09,USD,current,DefiLlama protocol,https://api.llama.fi/protocol/sky-money,third_party,medium,Separate Sky money product record.
2026-10-06,Sky,Sky RWA,Tokenization,TVL,74756814.4,USD,current,DefiLlama protocol,https://api.llama.fi/protocol/sky-rwa,third_party,medium,Separate Sky RWA record.
2026-10-06,Aave,AAVE token,Lending,Token Price,180.4,USD,current,CoinGecko markets,"https://api.coingecko.com/api/v3/coins/markets?vs_currency=usd&ids=aave,aerodrome-finance,canton-network,centrifuge-2,curve-dao-token,ethena,ether-fi,euler,falcon-finance-ff,hyperliquid,jupiter-exchange-solana,kamino,layerzero,morpho,ondo-finance,pendle,sky,syrup,uniswap,virtual-protocol&order=market_cap_desc&per_page=250&page=1&sparkline=false&price_change_percentage=24h%2C7d%2C30d%2C1y",third_party,high,Token-level market metric from CoinGecko; do not treat as protocol/product usage.
2026-10-06,Hyperliquid,HYPE token,Derivatives,Token Price,91.89,USD,current,CoinGecko markets,"https://api.coingecko.com/api/v3/coins/markets?vs_currency=usd&ids=aave,aerodrome-finance,canton-network,centrifuge-2,curve-dao-token,ethena,ether-fi,euler,falcon-finance-ff,hyperliquid,jupiter-exchange-solana,kamino,layerzero,morpho,ondo-finance,pendle,sky,syrup,uniswap,virtual-protocol&order=market_cap_desc&per_page=250&page=1&sparkline=false&price_change_percentage=24h%2C7d%2C30d%2C1y",third_party,high,Token-level market metric from CoinGecko; do not treat as protocol/product usage.
2026-10-06,Uniswap,UNI token,Spot,Token Price,8.64,USD,current,CoinGecko markets,"https://api.coingecko.com/api/v3/coins/markets?vs_currency=usd&ids=aave,aerodrome-finance,canton-network,centrifuge-2,curve-dao-token,ethena,ether-fi,euler,falcon-finance-ff,hyperliquid,jupiter-exchange-solana,kamino,layerzero,morpho,ondo-finance,pendle,sky,syrup,uniswap,virtual-protocol&order=market_cap_desc&per_page=250&page=1&sparkline=false&price_change_percentage=24h%2C7d%2C30d%2C1y",third_party,high,Token-level market metric from CoinGecko; do not treat as protocol/product usage.
2026-10-06,Morpho,MORPHO token,Lending,Token Price,2.69,USD,current,CoinGecko markets,"https://api.coingecko.com/api/v3/coins/markets?vs_currency=usd&ids=aave,aerodrome-finance,canton-network,centrifuge-2,curve-dao-token,ethena,ether-fi,euler,falcon-finance-ff,hyperliquid,jupiter-exchange-solana,kamino,layerzero,morpho,ondo-finance,pendle,sky,syrup,uniswap,virtual-protocol&order=market_cap_desc&per_page=250&page=1&sparkline=false&price_change_percentage=24h%2C7d%2C30d%2C1y",third_party,high,Token-level market metric from CoinGecko; do not treat as protocol/product usage.
2026-10-06,Pendle,PENDLE token,Derivatives,Token Price,2.41,USD,current,CoinGecko markets,"https://api.coingecko.com/api/v3/coins/markets?vs_currency=usd&ids=aave,aerodrome-finance,canton-network,centrifuge-2,curve-dao-token,ethena,ether-fi,euler,falcon-finance-ff,hyperliquid,jupiter-exchange-solana,kamino,layerzero,morpho,ondo-finance,pendle,sky,syrup,uniswap,virtual-protocol&order=market_cap_desc&per_page=250&page=1&sparkline=false&price_change_percentage=24h%2C7d%2C30d%2C1y",third_party,high,Token-level market metric from CoinGecko; do not treat as protocol/product usage.
2026-10-06,LayerZero,ZRO token,Infra,Token Price,2.23,USD,current,CoinGecko markets,"https://api.coingecko.com/api/v3/coins/markets?vs_currency=usd&ids=aave,aerodrome-finance,canton-network,centrifuge-2,curve-dao-token,ethena,ether-fi,euler,falcon-finance-ff,hyperliquid,jupiter-exchange-solana,kamino,layerzero,morpho,ondo-finance,pendle,sky,syrup,uniswap,virtual-protocol&order=market_cap_desc&per_page=250&page=1&sparkline=false&price_change_percentage=24h%2C7d%2C30d%2C1y",third_party,high,Token-level market metric from CoinGecko; do not treat as protocol/product usage.
2026-10-06,Euler,EUL token,Lending,Token Price,1.49,USD,current,CoinGecko markets,"https://api.coingecko.com/api/v3/coins/markets?vs_currency=usd&ids=aave,aerodrome-finance,canton-network,centrifuge-2,curve-dao-token,ethena,ether-fi,euler,falcon-finance-ff,hyperliquid,jupiter-exchange-solana,kamino,layerzero,morpho,ondo-finance,pendle,sky,syrup,uniswap,virtual-protocol&order=market_cap_desc&per_page=250&page=1&sparkline=false&price_change_percentage=24h%2C7d%2C30d%2C1y",third_party,high,Token-level market metric from CoinGecko; do not treat as protocol/product usage.
2026-10-06,Virtuals,VIRTUAL token,AI,Token Price,0.82,USD,current,CoinGecko markets,"https://api.coingecko.com/api/v3/coins/markets?vs_currency=usd&ids=aave,aerodrome-finance,canton-network,centrifuge-2,curve-dao-token,ethena,ether-fi,euler,falcon-finance-ff,hyperliquid,jupiter-exchange-solana,kamino,layerzero,morpho,ondo-finance,pendle,sky,syrup,uniswap,virtual-protocol&order=market_cap_desc&per_page=250&page=1&sparkline=false&price_change_percentage=24h%2C7d%2C30d%2C1y",third_party,high,Token-level market metric from CoinGecko; do not treat as protocol/product usage.
2026-10-06,Aerodrome,AERO token,Spot,Token Price,0.8,USD,current,CoinGecko markets,"https://api.coingecko.com/api/v3/coins/markets?vs_currency=usd&ids=aave,aerodrome-finance,canton-network,centrifuge-2,curve-dao-token,ethena,ether-fi,euler,falcon-finance-ff,hyperliquid,jupiter-exchange-solana,kamino,layerzero,morpho,ondo-finance,pendle,sky,syrup,uniswap,virtual-protocol&order=market_cap_desc&per_page=250&page=1&sparkline=false&price_change_percentage=24h%2C7d%2C30d%2C1y",third_party,high,Token-level market metric from CoinGecko; do not treat as protocol/product usage.
2026-10-06,EtherFi,ETHFI token,Asset Management,Token Price,0.75,USD,current,CoinGecko markets,"https://api.coingecko.com/api/v3/coins/markets?vs_currency=usd&ids=aave,aerodrome-finance,canton-network,centrifuge-2,curve-dao-token,ethena,ether-fi,euler,falcon-finance-ff,hyperliquid,jupiter-exchange-solana,kamino,layerzero,morpho,ondo-finance,pendle,sky,syrup,uniswap,virtual-protocol&order=market_cap_desc&per_page=250&page=1&sparkline=false&price_change_percentage=24h%2C7d%2C30d%2C1y",third_party,high,Token-level market metric from CoinGecko; do not treat as protocol/product usage.
2026-10-06,Ondo,ONDO token,Tokenization,Token Price,0.5,USD,current,CoinGecko markets,"https://api.coingecko.com/api/v3/coins/markets?vs_currency=usd&ids=aave,aerodrome-finance,canton-network,centrifuge-2,curve-dao-token,ethena,ether-fi,euler,falcon-finance-ff,hyperliquid,jupiter-exchange-solana,kamino,layerzero,morpho,ondo-finance,pendle,sky,syrup,uniswap,virtual-protocol&order=market_cap_desc&per_page=250&page=1&sparkline=false&price_change_percentage=24h%2C7d%2C30d%2C1y",third_party,high,Token-level market metric from CoinGecko; do not treat as protocol/product usage.
2026-10-06,Curve,CRV token,Spot,Token Price,0.36,USD,current,CoinGecko markets,"https://api.coingecko.com/api/v3/coins/markets?vs_currency=usd&ids=aave,aerodrome-finance,canton-network,centrifuge-2,curve-dao-token,ethena,ether-fi,euler,falcon-finance-ff,hyperliquid,jupiter-exchange-solana,kamino,layerzero,morpho,ondo-finance,pendle,sky,syrup,uniswap,virtual-protocol&order=market_cap_desc&per_page=250&page=1&sparkline=false&price_change_percentage=24h%2C7d%2C30d%2C1y",third_party,high,Token-level market metric from CoinGecko; do not treat as protocol/product usage.
2026-10-06,Jupiter,JUP token,Spot,Token Price,0.36,USD,current,CoinGecko markets,"https://api.coingecko.com/api/v3/coins/markets?vs_currency=usd&ids=aave,aerodrome-finance,canton-network,centrifuge-2,curve-dao-token,ethena,ether-fi,euler,falcon-finance-ff,hyperliquid,jupiter-exchange-solana,kamino,layerzero,morpho,ondo-finance,pendle,sky,syrup,uniswap,virtual-protocol&order=market_cap_desc&per_page=250&page=1&sparkline=false&price_change_percentage=24h%2C7d%2C30d%2C1y",third_party,high,Token-level market metric from CoinGecko; do not treat as protocol/product usage.
2026-10-06,Maple,SYRUP token,Tokenization,Token Price,0.25,USD,current,CoinGecko markets,"https://api.coingecko.com/api/v3/coins/markets?vs_currency=usd&ids=aave,aerodrome-finance,canton-network,centrifuge-2,curve-dao-token,ethena,ether-fi,euler,falcon-finance-ff,hyperliquid,jupiter-exchange-solana,kamino,layerzero,morpho,ondo-finance,pendle,sky,syrup,uniswap,virtual-protocol&order=market_cap_desc&per_page=250&page=1&sparkline=false&price_change_percentage=24h%2C7d%2C30d%2C1y",third_party,high,Token-level market metric from CoinGecko; do not treat as protocol/product usage.
2026-10-06,Ethena,ENA token,Asset Management,Token Price,0.24,USD,current,CoinGecko markets,"https://api.coingecko.com/api/v3/coins/markets?vs_currency=usd&ids=aave,aerodrome-finance,canton-network,centrifuge-2,curve-dao-token,ethena,ether-fi,euler,falcon-finance-ff,hyperliquid,jupiter-exchange-solana,kamino,layerzero,morpho,ondo-finance,pendle,sky,syrup,uniswap,virtual-protocol&order=market_cap_desc&per_page=250&page=1&sparkline=false&price_change_percentage=24h%2C7d%2C30d%2C1y",third_party,high,Token-level market metric from CoinGecko; do not treat as protocol/product usage.
2026-10-06,Centrifuge,CFG token,Tokenization,Token Price,0.15,USD,current,CoinGecko markets,"https://api.coingecko.com/api/v3/coins/markets?vs_currency=usd&ids=aave,aerodrome-finance,canton-network,centrifuge-2,curve-dao-token,ethena,ether-fi,euler,falcon-finance-ff,hyperliquid,jupiter-exchange-solana,kamino,layerzero,morpho,ondo-finance,pendle,sky,syrup,uniswap,virtual-protocol&order=market_cap_desc&per_page=250&page=1&sparkline=false&price_change_percentage=24h%2C7d%2C30d%2C1y",third_party,high,Token-level market metric from CoinGecko; do not treat as protocol/product usage.
2026-10-06,Canton,CC token,Infra,Token Price,0.13,USD,current,CoinGecko markets,"https://api.coingecko.com/api/v3/coins/markets?vs_currency=usd&ids=aave,aerodrome-finance,canton-network,centrifuge-2,curve-dao-token,ethena,ether-fi,euler,falcon-finance-ff,hyperliquid,jupiter-exchange-solana,kamino,layerzero,morpho,ondo-finance,pendle,sky,syrup,uniswap,virtual-protocol&order=market_cap_desc&per_page=250&page=1&sparkline=false&price_change_percentage=24h%2C7d%2C30d%2C1y",third_party,high,Token-level market metric from CoinGecko; do not treat as protocol/product usage.
2026-10-06,Falcon,FF token,Asset Management,Token Price,0.11,USD,current,CoinGecko markets,"https://api.coingecko.com/api/v3/coins/markets?vs_currency=usd&ids=aave,aerodrome-finance,canton-network,centrifuge-2,curve-dao-token,ethena,ether-fi,euler,falcon-finance-ff,hyperliquid,jupiter-exchange-solana,kamino,layerzero,morpho,ondo-finance,pendle,sky,syrup,uniswap,virtual-protocol&order=market_cap_desc&per_page=250&page=1&sparkline=false&price_change_percentage=24h%2C7d%2C30d%2C1y",third_party,high,Token-level market metric from CoinGecko; do not treat as protocol/product usage.
2026-10-06,Sky,SKY token,Lending,Token Price,0.09,USD,current,CoinGecko markets,"https://api.coingecko.com/api/v3/coins/markets?vs_currency=usd&ids=aave,aerodrome-finance,canton-network,centrifuge-2,curve-dao-token,ethena,ether-fi,euler,falcon-finance-ff,hyperliquid,jupiter-exchange-solana,kamino,layerzero,morpho,ondo-finance,pendle,sky,syrup,uniswap,virtual-protocol&order=market_cap_desc&per_page=250&page=1&sparkline=false&price_change_percentage=24h%2C7d%2C30d%2C1y",third_party,high,Token-level market metric from CoinGecko; do not treat as protocol/product usage.
2026-10-06,Kamino,KMNO token,Lending,Token Price,0.04,USD,current,CoinGecko markets,"https://api.coingecko.com/api/v3/coins/markets?vs_currency=usd&ids=aave,aerodrome-finance,canton-network,centrifuge-2,curve-dao-token,ethena,ether-fi,euler,falcon-finance-ff,hyperliquid,jupiter-exchange-solana,kamino,layerzero,morpho,ondo-finance,pendle,sky,syrup,uniswap,virtual-protocol&order=market_cap_desc&per_page=250&page=1&sparkline=false&price_change_percentage=24h%2C7d%2C30d%2C1y",third_party,high,Token-level market metric from CoinGecko; do not treat as protocol/product usage.
