pulled_date,project,record,sector,metric,value,unit,period,source_name,source,source_relationship,confidence,notes
2026-08-17,Hyperliquid,HYPE token,Derivatives,1Y Token Performance,24.2,%,1Y,CoinGecko markets,"https://api.coingecko.com/api/v3/coins/markets?vs_currency=usd&ids=aave,aerodrome-finance,canton-network,centrifuge-2,curve-dao-token,ethena,ether-fi,euler,falcon-finance-ff,hyperliquid,jupiter-exchange-solana,kamino,layerzero,morpho,ondo-finance,pendle,sky,syrup,uniswap,virtual-protocol&order=market_cap_desc&per_page=250&page=1&sparkline=false&price_change_percentage=24h%2C7d%2C30d%2C1y",third_party,high,"Token price change; market sentiment, not product adoption."
2026-08-17,Morpho,MORPHO token,Lending,1Y Token Performance,0.8,%,1Y,CoinGecko markets,"https://api.coingecko.com/api/v3/coins/markets?vs_currency=usd&ids=aave,aerodrome-finance,canton-network,centrifuge-2,curve-dao-token,ethena,ether-fi,euler,falcon-finance-ff,hyperliquid,jupiter-exchange-solana,kamino,layerzero,morpho,ondo-finance,pendle,sky,syrup,uniswap,virtual-protocol&order=market_cap_desc&per_page=250&page=1&sparkline=false&price_change_percentage=24h%2C7d%2C30d%2C1y",third_party,high,"Token price change; market sentiment, not product adoption."
2026-08-17,Sky,SKY token,Lending,1Y Token Performance,-31.5,%,1Y,CoinGecko markets,"https://api.coingecko.com/api/v3/coins/markets?vs_currency=usd&ids=aave,aerodrome-finance,canton-network,centrifuge-2,curve-dao-token,ethena,ether-fi,euler,falcon-finance-ff,hyperliquid,jupiter-exchange-solana,kamino,layerzero,morpho,ondo-finance,pendle,sky,syrup,uniswap,virtual-protocol&order=market_cap_desc&per_page=250&page=1&sparkline=false&price_change_percentage=24h%2C7d%2C30d%2C1y",third_party,high,"Token price change; market sentiment, not product adoption."
2026-08-17,Centrifuge,CFG token,Tokenization,1Y Token Performance,-44.6,%,1Y,CoinGecko markets,"https://api.coingecko.com/api/v3/coins/markets?vs_currency=usd&ids=aave,aerodrome-finance,canton-network,centrifuge-2,curve-dao-token,ethena,ether-fi,euler,falcon-finance-ff,hyperliquid,jupiter-exchange-solana,kamino,layerzero,morpho,ondo-finance,pendle,sky,syrup,uniswap,virtual-protocol&order=market_cap_desc&per_page=250&page=1&sparkline=false&price_change_percentage=24h%2C7d%2C30d%2C1y",third_party,high,"Token price change; market sentiment, not product adoption."
2026-08-17,Virtuals,VIRTUAL token,AI,1Y Token Performance,-55.5,%,1Y,CoinGecko markets,"https://api.coingecko.com/api/v3/coins/markets?vs_currency=usd&ids=aave,aerodrome-finance,canton-network,centrifuge-2,curve-dao-token,ethena,ether-fi,euler,falcon-finance-ff,hyperliquid,jupiter-exchange-solana,kamino,layerzero,morpho,ondo-finance,pendle,sky,syrup,uniswap,virtual-protocol&order=market_cap_desc&per_page=250&page=1&sparkline=false&price_change_percentage=24h%2C7d%2C30d%2C1y",third_party,high,"Token price change; market sentiment, not product adoption."
2026-08-17,EtherFi,ETHFI token,Asset Management,1Y Token Performance,-59.4,%,1Y,CoinGecko markets,"https://api.coingecko.com/api/v3/coins/markets?vs_currency=usd&ids=aave,aerodrome-finance,canton-network,centrifuge-2,curve-dao-token,ethena,ether-fi,euler,falcon-finance-ff,hyperliquid,jupiter-exchange-solana,kamino,layerzero,morpho,ondo-finance,pendle,sky,syrup,uniswap,virtual-protocol&order=market_cap_desc&per_page=250&page=1&sparkline=false&price_change_percentage=24h%2C7d%2C30d%2C1y",third_party,high,"Token price change; market sentiment, not product adoption."
2026-08-17,Maple,SYRUP token,Tokenization,1Y Token Performance,-63.1,%,1Y,CoinGecko markets,"https://api.coingecko.com/api/v3/coins/markets?vs_currency=usd&ids=aave,aerodrome-finance,canton-network,centrifuge-2,curve-dao-token,ethena,ether-fi,euler,falcon-finance-ff,hyperliquid,jupiter-exchange-solana,kamino,layerzero,morpho,ondo-finance,pendle,sky,syrup,uniswap,virtual-protocol&order=market_cap_desc&per_page=250&page=1&sparkline=false&price_change_percentage=24h%2C7d%2C30d%2C1y",third_party,high,"Token price change; market sentiment, not product adoption."
2026-08-17,LayerZero,ZRO token,Infra,1Y Token Performance,-63.2,%,1Y,CoinGecko markets,"https://api.coingecko.com/api/v3/coins/markets?vs_currency=usd&ids=aave,aerodrome-finance,canton-network,centrifuge-2,curve-dao-token,ethena,ether-fi,euler,falcon-finance-ff,hyperliquid,jupiter-exchange-solana,kamino,layerzero,morpho,ondo-finance,pendle,sky,syrup,uniswap,virtual-protocol&order=market_cap_desc&per_page=250&page=1&sparkline=false&price_change_percentage=24h%2C7d%2C30d%2C1y",third_party,high,"Token price change; market sentiment, not product adoption."
2026-08-17,Ondo,ONDO token,Tokenization,1Y Token Performance,-67.0,%,1Y,CoinGecko markets,"https://api.coingecko.com/api/v3/coins/markets?vs_currency=usd&ids=aave,aerodrome-finance,canton-network,centrifuge-2,curve-dao-token,ethena,ether-fi,euler,falcon-finance-ff,hyperliquid,jupiter-exchange-solana,kamino,layerzero,morpho,ondo-finance,pendle,sky,syrup,uniswap,virtual-protocol&order=market_cap_desc&per_page=250&page=1&sparkline=false&price_change_percentage=24h%2C7d%2C30d%2C1y",third_party,high,"Token price change; market sentiment, not product adoption."
2026-08-17,Jupiter,JUP token,Spot,1Y Token Performance,-67.5,%,1Y,CoinGecko markets,"https://api.coingecko.com/api/v3/coins/markets?vs_currency=usd&ids=aave,aerodrome-finance,canton-network,centrifuge-2,curve-dao-token,ethena,ether-fi,euler,falcon-finance-ff,hyperliquid,jupiter-exchange-solana,kamino,layerzero,morpho,ondo-finance,pendle,sky,syrup,uniswap,virtual-protocol&order=market_cap_desc&per_page=250&page=1&sparkline=false&price_change_percentage=24h%2C7d%2C30d%2C1y",third_party,high,"Token price change; market sentiment, not product adoption."
2026-08-17,Uniswap,UNI token,Spot,1Y Token Performance,-70.7,%,1Y,CoinGecko markets,"https://api.coingecko.com/api/v3/coins/markets?vs_currency=usd&ids=aave,aerodrome-finance,canton-network,centrifuge-2,curve-dao-token,ethena,ether-fi,euler,falcon-finance-ff,hyperliquid,jupiter-exchange-solana,kamino,layerzero,morpho,ondo-finance,pendle,sky,syrup,uniswap,virtual-protocol&order=market_cap_desc&per_page=250&page=1&sparkline=false&price_change_percentage=24h%2C7d%2C30d%2C1y",third_party,high,"Token price change; market sentiment, not product adoption."
2026-08-17,Kamino,KMNO token,Lending,1Y Token Performance,-71.6,%,1Y,CoinGecko markets,"https://api.coingecko.com/api/v3/coins/markets?vs_currency=usd&ids=aave,aerodrome-finance,canton-network,centrifuge-2,curve-dao-token,ethena,ether-fi,euler,falcon-finance-ff,hyperliquid,jupiter-exchange-solana,kamino,layerzero,morpho,ondo-finance,pendle,sky,syrup,uniswap,virtual-protocol&order=market_cap_desc&per_page=250&page=1&sparkline=false&price_change_percentage=24h%2C7d%2C30d%2C1y",third_party,high,"Token price change; market sentiment, not product adoption."
2026-08-17,Aerodrome,AERO token,Spot,1Y Token Performance,-71.8,%,1Y,CoinGecko markets,"https://api.coingecko.com/api/v3/coins/markets?vs_currency=usd&ids=aave,aerodrome-finance,canton-network,centrifuge-2,curve-dao-token,ethena,ether-fi,euler,falcon-finance-ff,hyperliquid,jupiter-exchange-solana,kamino,layerzero,morpho,ondo-finance,pendle,sky,syrup,uniswap,virtual-protocol&order=market_cap_desc&per_page=250&page=1&sparkline=false&price_change_percentage=24h%2C7d%2C30d%2C1y",third_party,high,"Token price change; market sentiment, not product adoption."
2026-08-17,Aave,AAVE token,Lending,1Y Token Performance,-72.0,%,1Y,CoinGecko markets,"https://api.coingecko.com/api/v3/coins/markets?vs_currency=usd&ids=aave,aerodrome-finance,canton-network,centrifuge-2,curve-dao-token,ethena,ether-fi,euler,falcon-finance-ff,hyperliquid,jupiter-exchange-solana,kamino,layerzero,morpho,ondo-finance,pendle,sky,syrup,uniswap,virtual-protocol&order=market_cap_desc&per_page=250&page=1&sparkline=false&price_change_percentage=24h%2C7d%2C30d%2C1y",third_party,high,"Token price change; market sentiment, not product adoption."
2026-08-17,Curve,CRV token,Spot,1Y Token Performance,-72.3,%,1Y,CoinGecko markets,"https://api.coingecko.com/api/v3/coins/markets?vs_currency=usd&ids=aave,aerodrome-finance,canton-network,centrifuge-2,curve-dao-token,ethena,ether-fi,euler,falcon-finance-ff,hyperliquid,jupiter-exchange-solana,kamino,layerzero,morpho,ondo-finance,pendle,sky,syrup,uniswap,virtual-protocol&order=market_cap_desc&per_page=250&page=1&sparkline=false&price_change_percentage=24h%2C7d%2C30d%2C1y",third_party,high,"Token price change; market sentiment, not product adoption."
2026-08-17,Pendle,PENDLE token,Derivatives,1Y Token Performance,-77.0,%,1Y,CoinGecko markets,"https://api.coingecko.com/api/v3/coins/markets?vs_currency=usd&ids=aave,aerodrome-finance,canton-network,centrifuge-2,curve-dao-token,ethena,ether-fi,euler,falcon-finance-ff,hyperliquid,jupiter-exchange-solana,kamino,layerzero,morpho,ondo-finance,pendle,sky,syrup,uniswap,virtual-protocol&order=market_cap_desc&per_page=250&page=1&sparkline=false&price_change_percentage=24h%2C7d%2C30d%2C1y",third_party,high,"Token price change; market sentiment, not product adoption."
2026-08-17,Ethena,ENA token,Asset Management,1Y Token Performance,-88.7,%,1Y,CoinGecko markets,"https://api.coingecko.com/api/v3/coins/markets?vs_currency=usd&ids=aave,aerodrome-finance,canton-network,centrifuge-2,curve-dao-token,ethena,ether-fi,euler,falcon-finance-ff,hyperliquid,jupiter-exchange-solana,kamino,layerzero,morpho,ondo-finance,pendle,sky,syrup,uniswap,virtual-protocol&order=market_cap_desc&per_page=250&page=1&sparkline=false&price_change_percentage=24h%2C7d%2C30d%2C1y",third_party,high,"Token price change; market sentiment, not product adoption."
2026-08-17,Euler,EUL token,Lending,1Y Token Performance,-89.3,%,1Y,CoinGecko markets,"https://api.coingecko.com/api/v3/coins/markets?vs_currency=usd&ids=aave,aerodrome-finance,canton-network,centrifuge-2,curve-dao-token,ethena,ether-fi,euler,falcon-finance-ff,hyperliquid,jupiter-exchange-solana,kamino,layerzero,morpho,ondo-finance,pendle,sky,syrup,uniswap,virtual-protocol&order=market_cap_desc&per_page=250&page=1&sparkline=false&price_change_percentage=24h%2C7d%2C30d%2C1y",third_party,high,"Token price change; market sentiment, not product adoption."
2026-08-17,Uniswap,Uniswap V4,Spot,24H DEX Volume,538647838.0,USD,24H,DefiLlama DEX overview,https://api.llama.fi/overview/dexs,third_party,high,DEX volume is source-comparable only for DEX records.
2026-08-17,Uniswap,Uniswap V3,Spot,24H DEX Volume,410792170.0,USD,24H,DefiLlama DEX overview,https://api.llama.fi/overview/dexs,third_party,high,DEX volume is source-comparable only for DEX records.
2026-08-17,Aerodrome,Aerodrome Slipstream,Spot,24H DEX Volume,333895696.0,USD,24H,DefiLlama DEX overview,https://api.llama.fi/overview/dexs,third_party,high,DEX volume is source-comparable only for DEX records.
2026-08-17,Curve,Curve Finance,Spot,24H DEX Volume,12299740.0,USD,24H,DefiLlama DEX overview,https://api.llama.fi/overview/dexs,third_party,high,DEX volume is source-comparable only for DEX records.
2026-08-17,Uniswap,Uniswap V2,Spot,24H DEX Volume,4127937.0,USD,24H,DefiLlama DEX overview,https://api.llama.fi/overview/dexs,third_party,high,DEX volume is source-comparable only for DEX records.
2026-08-17,Aerodrome,Aerodrome V1,Spot,24H DEX Volume,2304256.0,USD,24H,DefiLlama DEX overview,https://api.llama.fi/overview/dexs,third_party,high,DEX volume is source-comparable only for DEX records.
2026-08-17,Canton,Canton Network,Infra,24H Fee Share,2.9572,%,24H,DefiLlama fees overview,https://api.llama.fi/overview/fees,third_party,medium,"Share of all DefiLlama-tracked fees over 24H; record-level, summed per project in the dashboard."
2026-08-17,Uniswap,Uniswap V4,Spot,24H Fee Share,2.5109,%,24H,DefiLlama fees overview,https://api.llama.fi/overview/fees,third_party,high,"Share of all DefiLlama-tracked fees over 24H; record-level, summed per project in the dashboard."
2026-08-17,Aave,Aave V3,Lending,24H Fee Share,1.8686,%,24H,DefiLlama fees overview,https://api.llama.fi/overview/fees,third_party,high,"Share of all DefiLlama-tracked fees over 24H; record-level, summed per project in the dashboard."
2026-08-17,Uniswap,Uniswap V3,Spot,24H Fee Share,1.3459,%,24H,DefiLlama fees overview,https://api.llama.fi/overview/fees,third_party,high,"Share of all DefiLlama-tracked fees over 24H; record-level, summed per project in the dashboard."
2026-08-17,Aerodrome,Aerodrome Slipstream,Spot,24H Fee Share,0.2011,%,24H,DefiLlama fees overview,https://api.llama.fi/overview/fees,third_party,high,"Share of all DefiLlama-tracked fees over 24H; record-level, summed per project in the dashboard."
2026-08-17,Centrifuge,Centrifuge,Tokenization,24H Fee Share,0.0729,%,24H,DefiLlama fees overview,https://api.llama.fi/overview/fees,third_party,high,"Share of all DefiLlama-tracked fees over 24H; record-level, summed per project in the dashboard."
2026-08-17,Uniswap,Uniswap V2,Spot,24H Fee Share,0.0375,%,24H,DefiLlama fees overview,https://api.llama.fi/overview/fees,third_party,high,"Share of all DefiLlama-tracked fees over 24H; record-level, summed per project in the dashboard."
2026-08-17,Aave,Aave V4,Lending,24H Fee Share,0.0184,%,24H,DefiLlama fees overview,https://api.llama.fi/overview/fees,third_party,medium,"Share of all DefiLlama-tracked fees over 24H; record-level, summed per project in the dashboard."
2026-08-17,Aerodrome,Aerodrome V1,Spot,24H Fee Share,0.0163,%,24H,DefiLlama fees overview,https://api.llama.fi/overview/fees,third_party,high,"Share of all DefiLlama-tracked fees over 24H; record-level, summed per project in the dashboard."
2026-08-17,Virtuals,Virtuals Protocol,AI,24H Fee Share,0.0147,%,24H,DefiLlama fees overview,https://api.llama.fi/overview/fees,third_party,medium,"Share of all DefiLlama-tracked fees over 24H; record-level, summed per project in the dashboard."
2026-08-17,Pendle,Pendle,Derivatives,24H Fee Share,0.0119,%,24H,DefiLlama fees overview,https://api.llama.fi/overview/fees,third_party,high,"Share of all DefiLlama-tracked fees over 24H; record-level, summed per project in the dashboard."
2026-08-17,Falcon,Falcon Finance,Asset Management,24H Fee Share,0.009,%,24H,DefiLlama fees overview,https://api.llama.fi/overview/fees,third_party,medium,"Share of all DefiLlama-tracked fees over 24H; record-level, summed per project in the dashboard."
2026-08-17,Hyperliquid,Hyperliquid HLP,Derivatives,24H Fee Share,0.0079,%,24H,DefiLlama fees overview,https://api.llama.fi/overview/fees,third_party,medium,"Share of all DefiLlama-tracked fees over 24H; record-level, summed per project in the dashboard."
2026-08-17,Pendle,Pendle Boros,Derivatives,24H Fee Share,0.0014,%,24H,DefiLlama fees overview,https://api.llama.fi/overview/fees,third_party,medium,"Share of all DefiLlama-tracked fees over 24H; record-level, summed per project in the dashboard."
2026-08-17,Canton,Canton Network,Infra,24H Fees,1594036.0,USD,24H,DefiLlama fees,https://api.llama.fi/summary/fees/canton?dataType=dailyFees,third_party,medium,24H Fees from the same DefiLlama fees response as the 30D figure.
2026-08-17,Uniswap,Uniswap V4,Spot,24H Fees,1353470.0,USD,24H,DefiLlama fees,https://api.llama.fi/summary/fees/uniswap-v4?dataType=dailyFees,third_party,high,24H Fees from the same DefiLlama fees response as the 30D figure.
2026-08-17,Aave,Aave V3,Lending,24H Fees,1007241.0,USD,24H,DefiLlama fees,https://api.llama.fi/summary/fees/aave-v3?dataType=dailyFees,third_party,high,24H Fees from the same DefiLlama fees response as the 30D figure.
2026-08-17,Sky,Sky Lending,Lending,24H Fees,906249.0,USD,24H,DefiLlama fees,https://api.llama.fi/summary/fees/sky-lending?dataType=dailyFees,third_party,high,24H Fees from the same DefiLlama fees response as the 30D figure.
2026-08-17,Uniswap,Uniswap V3,Spot,24H Fees,725475.0,USD,24H,DefiLlama fees,https://api.llama.fi/summary/fees/uniswap-v3?dataType=dailyFees,third_party,high,24H Fees from the same DefiLlama fees response as the 30D figure.
2026-08-17,Morpho,Morpho Blue,Lending,24H Fees,539176.0,USD,24H,DefiLlama fees,https://api.llama.fi/summary/fees/morpho-blue?dataType=dailyFees,third_party,high,24H Fees from the same DefiLlama fees response as the 30D figure.
2026-08-17,Hyperliquid,Hyperliquid Exchange,Derivatives,24H Fees,534358.0,USD,24H,DefiLlama fees,https://api.llama.fi/summary/fees/hyperliquid?dataType=dailyFees,third_party,high,24H Fees from the same DefiLlama fees response as the 30D figure.
2026-08-17,Ondo,Ondo Yield Assets,Tokenization,24H Fees,205058.0,USD,24H,DefiLlama fees,https://api.llama.fi/summary/fees/ondo-yield-assets?dataType=dailyFees,third_party,high,24H Fees from the same DefiLlama fees response as the 30D figure.
2026-08-17,Aerodrome,Aerodrome Slipstream,Spot,24H Fees,108416.0,USD,24H,DefiLlama fees,https://api.llama.fi/summary/fees/aerodrome-slipstream?dataType=dailyFees,third_party,high,24H Fees from the same DefiLlama fees response as the 30D figure.
2026-08-17,Jupiter,Jupiter Perpetual Exchange,Derivatives,24H Fees,106471.0,USD,24H,DefiLlama fees,https://api.llama.fi/summary/fees/jupiter-perpetual-exchange?dataType=dailyFees,third_party,medium,24H Fees from the same DefiLlama fees response as the 30D figure.
2026-08-17,EtherFi,EtherFi Cash,Asset Management,24H Fees,104274.0,USD,24H,DefiLlama fees,https://api.llama.fi/summary/fees/etherfi-cash-liquid?dataType=dailyFees,third_party,medium,24H Fees from the same DefiLlama fees response as the 30D figure.
2026-08-17,Aerodrome,Aerodrome V1,Spot,24H Fees,94911.0,USD,24H,DefiLlama fees,https://api.llama.fi/summary/fees/aerodrome?dataType=dailyFees,third_party,high,24H Fees from the same DefiLlama fees response as the 30D figure.
2026-08-17,Euler,Euler V2,Lending,24H Fees,67837.0,USD,24H,DefiLlama fees,https://api.llama.fi/summary/fees/euler-v2?dataType=dailyFees,third_party,high,24H Fees from the same DefiLlama fees response as the 30D figure.
2026-08-17,Centrifuge,Centrifuge,Tokenization,24H Fees,31695.0,USD,24H,DefiLlama fees,https://api.llama.fi/summary/fees/centrifuge?dataType=dailyFees,third_party,high,24H Fees from the same DefiLlama fees response as the 30D figure.
2026-08-17,Uniswap,Uniswap V2,Spot,24H Fees,20234.0,USD,24H,DefiLlama fees,https://api.llama.fi/summary/fees/uniswap-v2?dataType=dailyFees,third_party,high,24H Fees from the same DefiLlama fees response as the 30D figure.
2026-08-17,Curve,Curve Finance,Spot,24H Fees,16945.36,USD,24H,DefiLlama fees,https://api.llama.fi/summary/fees/curve-finance?dataType=dailyFees,third_party,high,24H Fees from the same DefiLlama fees response as the 30D figure.
2026-08-17,Hyperliquid,Hyperliquid Spot Orderbook,Derivatives,24H Fees,14840.0,USD,24H,DefiLlama fees,https://api.llama.fi/summary/fees/hyperliquid-spot-orderbook?dataType=dailyFees,third_party,medium,24H Fees from the same DefiLlama fees response as the 30D figure.
2026-08-17,Aave,Aave V4,Lending,24H Fees,9934.0,USD,24H,DefiLlama fees,https://api.llama.fi/summary/fees/aave-v4?dataType=dailyFees,third_party,medium,24H Fees from the same DefiLlama fees response as the 30D figure.
2026-08-17,Pendle,Pendle,Derivatives,24H Fees,6428.0,USD,24H,DefiLlama fees,https://api.llama.fi/summary/fees/pendle?dataType=dailyFees,third_party,high,24H Fees from the same DefiLlama fees response as the 30D figure.
2026-08-17,Falcon,Falcon Finance,Asset Management,24H Fees,4835.0,USD,24H,DefiLlama fees,https://api.llama.fi/summary/fees/falcon-finance?dataType=dailyFees,third_party,medium,24H Fees from the same DefiLlama fees response as the 30D figure.
2026-08-17,Hyperliquid,Hyperliquid HLP,Derivatives,24H Fees,4269.0,USD,24H,DefiLlama fees,https://api.llama.fi/summary/fees/hyperliquid-hlp?dataType=dailyFees,third_party,medium,24H Fees from the same DefiLlama fees response as the 30D figure.
2026-08-17,Kamino,Kamino,Lending,24H Fees,1141.0,USD,24H,DefiLlama fees,https://api.llama.fi/summary/fees/kamino?dataType=dailyFees,third_party,high,24H Fees from the same DefiLlama fees response as the 30D figure.
2026-08-17,Pendle,Pendle Boros,Derivatives,24H Fees,780.0,USD,24H,DefiLlama fees,https://api.llama.fi/summary/fees/boros?dataType=dailyFees,third_party,medium,24H Fees from the same DefiLlama fees response as the 30D figure.
2026-08-17,Ethena,Ethena USDe,Asset Management,24H Fees,7.02,USD,24H,DefiLlama fees,https://api.llama.fi/summary/fees/ethena-usde?dataType=dailyFees,third_party,high,24H Fees from the same DefiLlama fees response as the 30D figure.
2026-08-17,Hyperliquid,Hyperliquid Perps,Derivatives,24H Perps Volume,2388013852.6,USD,24H,Hyperliquid info API,https://api.hyperliquid.xyz/info,third_party,high,24H perp notional volume summed across assets from the official Hyperliquid info API (project-native).
2026-08-17,Canton,Canton Network,Infra,24H Revenue,1594036.0,USD,24H,DefiLlama fees,https://api.llama.fi/summary/fees/canton?dataType=dailyRevenue,third_party,medium,24H Revenue from the same DefiLlama fees response as the 30D figure.
2026-08-17,Sky,Sky Lending,Lending,24H Revenue,442306.0,USD,24H,DefiLlama fees,https://api.llama.fi/summary/fees/sky-lending?dataType=dailyRevenue,third_party,high,24H Revenue from the same DefiLlama fees response as the 30D figure.
2026-08-17,Hyperliquid,Hyperliquid Exchange,Derivatives,24H Revenue,422613.0,USD,24H,DefiLlama fees,https://api.llama.fi/summary/fees/hyperliquid?dataType=dailyRevenue,third_party,high,24H Revenue from the same DefiLlama fees response as the 30D figure.
2026-08-17,Uniswap,Uniswap V3,Spot,24H Revenue,163996.0,USD,24H,DefiLlama fees,https://api.llama.fi/summary/fees/uniswap-v3?dataType=dailyRevenue,third_party,high,24H Revenue from the same DefiLlama fees response as the 30D figure.
2026-08-17,Aave,Aave V3,Lending,24H Revenue,141695.0,USD,24H,DefiLlama fees,https://api.llama.fi/summary/fees/aave-v3?dataType=dailyRevenue,third_party,high,24H Revenue from the same DefiLlama fees response as the 30D figure.
2026-08-17,Aerodrome,Aerodrome Slipstream,Spot,24H Revenue,78076.0,USD,24H,DefiLlama fees,https://api.llama.fi/summary/fees/aerodrome-slipstream?dataType=dailyRevenue,third_party,high,24H Revenue from the same DefiLlama fees response as the 30D figure.
2026-08-17,Aerodrome,Aerodrome V1,Spot,24H Revenue,61093.0,USD,24H,DefiLlama fees,https://api.llama.fi/summary/fees/aerodrome?dataType=dailyRevenue,third_party,high,24H Revenue from the same DefiLlama fees response as the 30D figure.
2026-08-17,EtherFi,EtherFi Cash,Asset Management,24H Revenue,35915.0,USD,24H,DefiLlama fees,https://api.llama.fi/summary/fees/etherfi-cash-liquid?dataType=dailyRevenue,third_party,medium,24H Revenue from the same DefiLlama fees response as the 30D figure.
2026-08-17,Jupiter,Jupiter Perpetual Exchange,Derivatives,24H Revenue,26618.0,USD,24H,DefiLlama fees,https://api.llama.fi/summary/fees/jupiter-perpetual-exchange?dataType=dailyRevenue,third_party,medium,24H Revenue from the same DefiLlama fees response as the 30D figure.
2026-08-17,Centrifuge,Centrifuge,Tokenization,24H Revenue,16045.0,USD,24H,DefiLlama fees,https://api.llama.fi/summary/fees/centrifuge?dataType=dailyRevenue,third_party,high,24H Revenue from the same DefiLlama fees response as the 30D figure.
2026-08-17,Hyperliquid,Hyperliquid Spot Orderbook,Derivatives,24H Revenue,10837.0,USD,24H,DefiLlama fees,https://api.llama.fi/summary/fees/hyperliquid-spot-orderbook?dataType=dailyRevenue,third_party,medium,24H Revenue from the same DefiLlama fees response as the 30D figure.
2026-08-17,Curve,Curve Finance,Spot,24H Revenue,7772.0,USD,24H,DefiLlama fees,https://api.llama.fi/summary/fees/curve-finance?dataType=dailyRevenue,third_party,high,24H Revenue from the same DefiLlama fees response as the 30D figure.
2026-08-17,Pendle,Pendle,Derivatives,24H Revenue,6284.0,USD,24H,DefiLlama fees,https://api.llama.fi/summary/fees/pendle?dataType=dailyRevenue,third_party,high,24H Revenue from the same DefiLlama fees response as the 30D figure.
2026-08-17,Euler,Euler V2,Lending,24H Revenue,2372.0,USD,24H,DefiLlama fees,https://api.llama.fi/summary/fees/euler-v2?dataType=dailyRevenue,third_party,high,24H Revenue from the same DefiLlama fees response as the 30D figure.
2026-08-17,Aave,Aave V4,Lending,24H Revenue,1559.0,USD,24H,DefiLlama fees,https://api.llama.fi/summary/fees/aave-v4?dataType=dailyRevenue,third_party,medium,24H Revenue from the same DefiLlama fees response as the 30D figure.
2026-08-17,Pendle,Pendle Boros,Derivatives,24H Revenue,780.0,USD,24H,DefiLlama fees,https://api.llama.fi/summary/fees/boros?dataType=dailyRevenue,third_party,medium,24H Revenue from the same DefiLlama fees response as the 30D figure.
2026-08-17,Kamino,Kamino,Lending,24H Revenue,154.0,USD,24H,DefiLlama fees,https://api.llama.fi/summary/fees/kamino?dataType=dailyRevenue,third_party,high,24H Revenue from the same DefiLlama fees response as the 30D figure.
2026-08-17,Ethena,Ethena USDe,Asset Management,24H Revenue,7.02,USD,24H,DefiLlama fees,https://api.llama.fi/summary/fees/ethena-usde?dataType=dailyRevenue,third_party,high,24H Revenue from the same DefiLlama fees response as the 30D figure.
2026-08-17,Morpho,MORPHO token,Lending,24H Token Performance,5.5,%,24H,CoinGecko markets,"https://api.coingecko.com/api/v3/coins/markets?vs_currency=usd&ids=aave,aerodrome-finance,canton-network,centrifuge-2,curve-dao-token,ethena,ether-fi,euler,falcon-finance-ff,hyperliquid,jupiter-exchange-solana,kamino,layerzero,morpho,ondo-finance,pendle,sky,syrup,uniswap,virtual-protocol&order=market_cap_desc&per_page=250&page=1&sparkline=false&price_change_percentage=24h%2C7d%2C30d%2C1y",third_party,high,"Token price change; market sentiment, not product adoption."
2026-08-17,Maple,SYRUP token,Tokenization,24H Token Performance,3.9,%,24H,CoinGecko markets,"https://api.coingecko.com/api/v3/coins/markets?vs_currency=usd&ids=aave,aerodrome-finance,canton-network,centrifuge-2,curve-dao-token,ethena,ether-fi,euler,falcon-finance-ff,hyperliquid,jupiter-exchange-solana,kamino,layerzero,morpho,ondo-finance,pendle,sky,syrup,uniswap,virtual-protocol&order=market_cap_desc&per_page=250&page=1&sparkline=false&price_change_percentage=24h%2C7d%2C30d%2C1y",third_party,high,"Token price change; market sentiment, not product adoption."
2026-08-17,Ondo,ONDO token,Tokenization,24H Token Performance,3.8,%,24H,CoinGecko markets,"https://api.coingecko.com/api/v3/coins/markets?vs_currency=usd&ids=aave,aerodrome-finance,canton-network,centrifuge-2,curve-dao-token,ethena,ether-fi,euler,falcon-finance-ff,hyperliquid,jupiter-exchange-solana,kamino,layerzero,morpho,ondo-finance,pendle,sky,syrup,uniswap,virtual-protocol&order=market_cap_desc&per_page=250&page=1&sparkline=false&price_change_percentage=24h%2C7d%2C30d%2C1y",third_party,high,"Token price change; market sentiment, not product adoption."
2026-08-17,EtherFi,ETHFI token,Asset Management,24H Token Performance,3.3,%,24H,CoinGecko markets,"https://api.coingecko.com/api/v3/coins/markets?vs_currency=usd&ids=aave,aerodrome-finance,canton-network,centrifuge-2,curve-dao-token,ethena,ether-fi,euler,falcon-finance-ff,hyperliquid,jupiter-exchange-solana,kamino,layerzero,morpho,ondo-finance,pendle,sky,syrup,uniswap,virtual-protocol&order=market_cap_desc&per_page=250&page=1&sparkline=false&price_change_percentage=24h%2C7d%2C30d%2C1y",third_party,high,"Token price change; market sentiment, not product adoption."
2026-08-17,Hyperliquid,HYPE token,Derivatives,24H Token Performance,3.0,%,24H,CoinGecko markets,"https://api.coingecko.com/api/v3/coins/markets?vs_currency=usd&ids=aave,aerodrome-finance,canton-network,centrifuge-2,curve-dao-token,ethena,ether-fi,euler,falcon-finance-ff,hyperliquid,jupiter-exchange-solana,kamino,layerzero,morpho,ondo-finance,pendle,sky,syrup,uniswap,virtual-protocol&order=market_cap_desc&per_page=250&page=1&sparkline=false&price_change_percentage=24h%2C7d%2C30d%2C1y",third_party,high,"Token price change; market sentiment, not product adoption."
2026-08-17,Euler,EUL token,Lending,24H Token Performance,2.8,%,24H,CoinGecko markets,"https://api.coingecko.com/api/v3/coins/markets?vs_currency=usd&ids=aave,aerodrome-finance,canton-network,centrifuge-2,curve-dao-token,ethena,ether-fi,euler,falcon-finance-ff,hyperliquid,jupiter-exchange-solana,kamino,layerzero,morpho,ondo-finance,pendle,sky,syrup,uniswap,virtual-protocol&order=market_cap_desc&per_page=250&page=1&sparkline=false&price_change_percentage=24h%2C7d%2C30d%2C1y",third_party,high,"Token price change; market sentiment, not product adoption."
2026-08-17,LayerZero,ZRO token,Infra,24H Token Performance,2.8,%,24H,CoinGecko markets,"https://api.coingecko.com/api/v3/coins/markets?vs_currency=usd&ids=aave,aerodrome-finance,canton-network,centrifuge-2,curve-dao-token,ethena,ether-fi,euler,falcon-finance-ff,hyperliquid,jupiter-exchange-solana,kamino,layerzero,morpho,ondo-finance,pendle,sky,syrup,uniswap,virtual-protocol&order=market_cap_desc&per_page=250&page=1&sparkline=false&price_change_percentage=24h%2C7d%2C30d%2C1y",third_party,high,"Token price change; market sentiment, not product adoption."
2026-08-17,Aerodrome,AERO token,Spot,24H Token Performance,2.0,%,24H,CoinGecko markets,"https://api.coingecko.com/api/v3/coins/markets?vs_currency=usd&ids=aave,aerodrome-finance,canton-network,centrifuge-2,curve-dao-token,ethena,ether-fi,euler,falcon-finance-ff,hyperliquid,jupiter-exchange-solana,kamino,layerzero,morpho,ondo-finance,pendle,sky,syrup,uniswap,virtual-protocol&order=market_cap_desc&per_page=250&page=1&sparkline=false&price_change_percentage=24h%2C7d%2C30d%2C1y",third_party,high,"Token price change; market sentiment, not product adoption."
2026-08-17,Centrifuge,CFG token,Tokenization,24H Token Performance,1.2,%,24H,CoinGecko markets,"https://api.coingecko.com/api/v3/coins/markets?vs_currency=usd&ids=aave,aerodrome-finance,canton-network,centrifuge-2,curve-dao-token,ethena,ether-fi,euler,falcon-finance-ff,hyperliquid,jupiter-exchange-solana,kamino,layerzero,morpho,ondo-finance,pendle,sky,syrup,uniswap,virtual-protocol&order=market_cap_desc&per_page=250&page=1&sparkline=false&price_change_percentage=24h%2C7d%2C30d%2C1y",third_party,high,"Token price change; market sentiment, not product adoption."
2026-08-17,Jupiter,JUP token,Spot,24H Token Performance,1.1,%,24H,CoinGecko markets,"https://api.coingecko.com/api/v3/coins/markets?vs_currency=usd&ids=aave,aerodrome-finance,canton-network,centrifuge-2,curve-dao-token,ethena,ether-fi,euler,falcon-finance-ff,hyperliquid,jupiter-exchange-solana,kamino,layerzero,morpho,ondo-finance,pendle,sky,syrup,uniswap,virtual-protocol&order=market_cap_desc&per_page=250&page=1&sparkline=false&price_change_percentage=24h%2C7d%2C30d%2C1y",third_party,high,"Token price change; market sentiment, not product adoption."
2026-08-17,Virtuals,VIRTUAL token,AI,24H Token Performance,1.0,%,24H,CoinGecko markets,"https://api.coingecko.com/api/v3/coins/markets?vs_currency=usd&ids=aave,aerodrome-finance,canton-network,centrifuge-2,curve-dao-token,ethena,ether-fi,euler,falcon-finance-ff,hyperliquid,jupiter-exchange-solana,kamino,layerzero,morpho,ondo-finance,pendle,sky,syrup,uniswap,virtual-protocol&order=market_cap_desc&per_page=250&page=1&sparkline=false&price_change_percentage=24h%2C7d%2C30d%2C1y",third_party,high,"Token price change; market sentiment, not product adoption."
2026-08-17,Sky,SKY token,Lending,24H Token Performance,0.9,%,24H,CoinGecko markets,"https://api.coingecko.com/api/v3/coins/markets?vs_currency=usd&ids=aave,aerodrome-finance,canton-network,centrifuge-2,curve-dao-token,ethena,ether-fi,euler,falcon-finance-ff,hyperliquid,jupiter-exchange-solana,kamino,layerzero,morpho,ondo-finance,pendle,sky,syrup,uniswap,virtual-protocol&order=market_cap_desc&per_page=250&page=1&sparkline=false&price_change_percentage=24h%2C7d%2C30d%2C1y",third_party,high,"Token price change; market sentiment, not product adoption."
2026-08-17,Ethena,ENA token,Asset Management,24H Token Performance,0.1,%,24H,CoinGecko markets,"https://api.coingecko.com/api/v3/coins/markets?vs_currency=usd&ids=aave,aerodrome-finance,canton-network,centrifuge-2,curve-dao-token,ethena,ether-fi,euler,falcon-finance-ff,hyperliquid,jupiter-exchange-solana,kamino,layerzero,morpho,ondo-finance,pendle,sky,syrup,uniswap,virtual-protocol&order=market_cap_desc&per_page=250&page=1&sparkline=false&price_change_percentage=24h%2C7d%2C30d%2C1y",third_party,high,"Token price change; market sentiment, not product adoption."
2026-08-17,Aave,AAVE token,Lending,24H Token Performance,0.0,%,24H,CoinGecko markets,"https://api.coingecko.com/api/v3/coins/markets?vs_currency=usd&ids=aave,aerodrome-finance,canton-network,centrifuge-2,curve-dao-token,ethena,ether-fi,euler,falcon-finance-ff,hyperliquid,jupiter-exchange-solana,kamino,layerzero,morpho,ondo-finance,pendle,sky,syrup,uniswap,virtual-protocol&order=market_cap_desc&per_page=250&page=1&sparkline=false&price_change_percentage=24h%2C7d%2C30d%2C1y",third_party,high,"Token price change; market sentiment, not product adoption."
2026-08-17,Pendle,PENDLE token,Derivatives,24H Token Performance,-0.3,%,24H,CoinGecko markets,"https://api.coingecko.com/api/v3/coins/markets?vs_currency=usd&ids=aave,aerodrome-finance,canton-network,centrifuge-2,curve-dao-token,ethena,ether-fi,euler,falcon-finance-ff,hyperliquid,jupiter-exchange-solana,kamino,layerzero,morpho,ondo-finance,pendle,sky,syrup,uniswap,virtual-protocol&order=market_cap_desc&per_page=250&page=1&sparkline=false&price_change_percentage=24h%2C7d%2C30d%2C1y",third_party,high,"Token price change; market sentiment, not product adoption."
2026-08-17,Uniswap,UNI token,Spot,24H Token Performance,-0.3,%,24H,CoinGecko markets,"https://api.coingecko.com/api/v3/coins/markets?vs_currency=usd&ids=aave,aerodrome-finance,canton-network,centrifuge-2,curve-dao-token,ethena,ether-fi,euler,falcon-finance-ff,hyperliquid,jupiter-exchange-solana,kamino,layerzero,morpho,ondo-finance,pendle,sky,syrup,uniswap,virtual-protocol&order=market_cap_desc&per_page=250&page=1&sparkline=false&price_change_percentage=24h%2C7d%2C30d%2C1y",third_party,high,"Token price change; market sentiment, not product adoption."
2026-08-17,Canton,CC token,Infra,24H Token Performance,-0.6,%,24H,CoinGecko markets,"https://api.coingecko.com/api/v3/coins/markets?vs_currency=usd&ids=aave,aerodrome-finance,canton-network,centrifuge-2,curve-dao-token,ethena,ether-fi,euler,falcon-finance-ff,hyperliquid,jupiter-exchange-solana,kamino,layerzero,morpho,ondo-finance,pendle,sky,syrup,uniswap,virtual-protocol&order=market_cap_desc&per_page=250&page=1&sparkline=false&price_change_percentage=24h%2C7d%2C30d%2C1y",third_party,high,"Token price change; market sentiment, not product adoption."
2026-08-17,Kamino,KMNO token,Lending,24H Token Performance,-0.8,%,24H,CoinGecko markets,"https://api.coingecko.com/api/v3/coins/markets?vs_currency=usd&ids=aave,aerodrome-finance,canton-network,centrifuge-2,curve-dao-token,ethena,ether-fi,euler,falcon-finance-ff,hyperliquid,jupiter-exchange-solana,kamino,layerzero,morpho,ondo-finance,pendle,sky,syrup,uniswap,virtual-protocol&order=market_cap_desc&per_page=250&page=1&sparkline=false&price_change_percentage=24h%2C7d%2C30d%2C1y",third_party,high,"Token price change; market sentiment, not product adoption."
2026-08-17,Curve,CRV token,Spot,24H Token Performance,-0.9,%,24H,CoinGecko markets,"https://api.coingecko.com/api/v3/coins/markets?vs_currency=usd&ids=aave,aerodrome-finance,canton-network,centrifuge-2,curve-dao-token,ethena,ether-fi,euler,falcon-finance-ff,hyperliquid,jupiter-exchange-solana,kamino,layerzero,morpho,ondo-finance,pendle,sky,syrup,uniswap,virtual-protocol&order=market_cap_desc&per_page=250&page=1&sparkline=false&price_change_percentage=24h%2C7d%2C30d%2C1y",third_party,high,"Token price change; market sentiment, not product adoption."
2026-08-17,Falcon,FF token,Asset Management,24H Token Performance,-1.0,%,24H,CoinGecko markets,"https://api.coingecko.com/api/v3/coins/markets?vs_currency=usd&ids=aave,aerodrome-finance,canton-network,centrifuge-2,curve-dao-token,ethena,ether-fi,euler,falcon-finance-ff,hyperliquid,jupiter-exchange-solana,kamino,layerzero,morpho,ondo-finance,pendle,sky,syrup,uniswap,virtual-protocol&order=market_cap_desc&per_page=250&page=1&sparkline=false&price_change_percentage=24h%2C7d%2C30d%2C1y",third_party,high,"Token price change; market sentiment, not product adoption."
2026-08-17,Hyperliquid,HYPE token,Derivatives,24H Token Volume,225631554.0,USD,24H,CoinGecko markets,"https://api.coingecko.com/api/v3/coins/markets?vs_currency=usd&ids=aave,aerodrome-finance,canton-network,centrifuge-2,curve-dao-token,ethena,ether-fi,euler,falcon-finance-ff,hyperliquid,jupiter-exchange-solana,kamino,layerzero,morpho,ondo-finance,pendle,sky,syrup,uniswap,virtual-protocol&order=market_cap_desc&per_page=250&page=1&sparkline=false&price_change_percentage=24h%2C7d%2C30d%2C1y",third_party,high,Token-level market metric from CoinGecko; do not treat as protocol/product usage.
2026-08-17,Uniswap,UNI token,Spot,24H Token Volume,136315157.0,USD,24H,CoinGecko markets,"https://api.coingecko.com/api/v3/coins/markets?vs_currency=usd&ids=aave,aerodrome-finance,canton-network,centrifuge-2,curve-dao-token,ethena,ether-fi,euler,falcon-finance-ff,hyperliquid,jupiter-exchange-solana,kamino,layerzero,morpho,ondo-finance,pendle,sky,syrup,uniswap,virtual-protocol&order=market_cap_desc&per_page=250&page=1&sparkline=false&price_change_percentage=24h%2C7d%2C30d%2C1y",third_party,high,Token-level market metric from CoinGecko; do not treat as protocol/product usage.
2026-08-17,Aave,AAVE token,Lending,24H Token Volume,118768449.0,USD,24H,CoinGecko markets,"https://api.coingecko.com/api/v3/coins/markets?vs_currency=usd&ids=aave,aerodrome-finance,canton-network,centrifuge-2,curve-dao-token,ethena,ether-fi,euler,falcon-finance-ff,hyperliquid,jupiter-exchange-solana,kamino,layerzero,morpho,ondo-finance,pendle,sky,syrup,uniswap,virtual-protocol&order=market_cap_desc&per_page=250&page=1&sparkline=false&price_change_percentage=24h%2C7d%2C30d%2C1y",third_party,high,Token-level market metric from CoinGecko; do not treat as protocol/product usage.
2026-08-17,Ethena,ENA token,Asset Management,24H Token Volume,57661855.0,USD,24H,CoinGecko markets,"https://api.coingecko.com/api/v3/coins/markets?vs_currency=usd&ids=aave,aerodrome-finance,canton-network,centrifuge-2,curve-dao-token,ethena,ether-fi,euler,falcon-finance-ff,hyperliquid,jupiter-exchange-solana,kamino,layerzero,morpho,ondo-finance,pendle,sky,syrup,uniswap,virtual-protocol&order=market_cap_desc&per_page=250&page=1&sparkline=false&price_change_percentage=24h%2C7d%2C30d%2C1y",third_party,high,Token-level market metric from CoinGecko; do not treat as protocol/product usage.
2026-08-17,Ondo,ONDO token,Tokenization,24H Token Volume,54863646.0,USD,24H,CoinGecko markets,"https://api.coingecko.com/api/v3/coins/markets?vs_currency=usd&ids=aave,aerodrome-finance,canton-network,centrifuge-2,curve-dao-token,ethena,ether-fi,euler,falcon-finance-ff,hyperliquid,jupiter-exchange-solana,kamino,layerzero,morpho,ondo-finance,pendle,sky,syrup,uniswap,virtual-protocol&order=market_cap_desc&per_page=250&page=1&sparkline=false&price_change_percentage=24h%2C7d%2C30d%2C1y",third_party,high,Token-level market metric from CoinGecko; do not treat as protocol/product usage.
2026-08-17,EtherFi,ETHFI token,Asset Management,24H Token Volume,44843979.0,USD,24H,CoinGecko markets,"https://api.coingecko.com/api/v3/coins/markets?vs_currency=usd&ids=aave,aerodrome-finance,canton-network,centrifuge-2,curve-dao-token,ethena,ether-fi,euler,falcon-finance-ff,hyperliquid,jupiter-exchange-solana,kamino,layerzero,morpho,ondo-finance,pendle,sky,syrup,uniswap,virtual-protocol&order=market_cap_desc&per_page=250&page=1&sparkline=false&price_change_percentage=24h%2C7d%2C30d%2C1y",third_party,high,Token-level market metric from CoinGecko; do not treat as protocol/product usage.
2026-08-17,Curve,CRV token,Spot,24H Token Volume,35593572.0,USD,24H,CoinGecko markets,"https://api.coingecko.com/api/v3/coins/markets?vs_currency=usd&ids=aave,aerodrome-finance,canton-network,centrifuge-2,curve-dao-token,ethena,ether-fi,euler,falcon-finance-ff,hyperliquid,jupiter-exchange-solana,kamino,layerzero,morpho,ondo-finance,pendle,sky,syrup,uniswap,virtual-protocol&order=market_cap_desc&per_page=250&page=1&sparkline=false&price_change_percentage=24h%2C7d%2C30d%2C1y",third_party,high,Token-level market metric from CoinGecko; do not treat as protocol/product usage.
2026-08-17,Virtuals,VIRTUAL token,AI,24H Token Volume,22095754.0,USD,24H,CoinGecko markets,"https://api.coingecko.com/api/v3/coins/markets?vs_currency=usd&ids=aave,aerodrome-finance,canton-network,centrifuge-2,curve-dao-token,ethena,ether-fi,euler,falcon-finance-ff,hyperliquid,jupiter-exchange-solana,kamino,layerzero,morpho,ondo-finance,pendle,sky,syrup,uniswap,virtual-protocol&order=market_cap_desc&per_page=250&page=1&sparkline=false&price_change_percentage=24h%2C7d%2C30d%2C1y",third_party,high,Token-level market metric from CoinGecko; do not treat as protocol/product usage.
2026-08-17,Pendle,PENDLE token,Derivatives,24H Token Volume,20551865.0,USD,24H,CoinGecko markets,"https://api.coingecko.com/api/v3/coins/markets?vs_currency=usd&ids=aave,aerodrome-finance,canton-network,centrifuge-2,curve-dao-token,ethena,ether-fi,euler,falcon-finance-ff,hyperliquid,jupiter-exchange-solana,kamino,layerzero,morpho,ondo-finance,pendle,sky,syrup,uniswap,virtual-protocol&order=market_cap_desc&per_page=250&page=1&sparkline=false&price_change_percentage=24h%2C7d%2C30d%2C1y",third_party,high,Token-level market metric from CoinGecko; do not treat as protocol/product usage.
2026-08-17,Morpho,MORPHO token,Lending,24H Token Volume,18594919.0,USD,24H,CoinGecko markets,"https://api.coingecko.com/api/v3/coins/markets?vs_currency=usd&ids=aave,aerodrome-finance,canton-network,centrifuge-2,curve-dao-token,ethena,ether-fi,euler,falcon-finance-ff,hyperliquid,jupiter-exchange-solana,kamino,layerzero,morpho,ondo-finance,pendle,sky,syrup,uniswap,virtual-protocol&order=market_cap_desc&per_page=250&page=1&sparkline=false&price_change_percentage=24h%2C7d%2C30d%2C1y",third_party,high,Token-level market metric from CoinGecko; do not treat as protocol/product usage.
2026-08-17,LayerZero,ZRO token,Infra,24H Token Volume,14041980.0,USD,24H,CoinGecko markets,"https://api.coingecko.com/api/v3/coins/markets?vs_currency=usd&ids=aave,aerodrome-finance,canton-network,centrifuge-2,curve-dao-token,ethena,ether-fi,euler,falcon-finance-ff,hyperliquid,jupiter-exchange-solana,kamino,layerzero,morpho,ondo-finance,pendle,sky,syrup,uniswap,virtual-protocol&order=market_cap_desc&per_page=250&page=1&sparkline=false&price_change_percentage=24h%2C7d%2C30d%2C1y",third_party,high,Token-level market metric from CoinGecko; do not treat as protocol/product usage.
2026-08-17,Jupiter,JUP token,Spot,24H Token Volume,12899704.0,USD,24H,CoinGecko markets,"https://api.coingecko.com/api/v3/coins/markets?vs_currency=usd&ids=aave,aerodrome-finance,canton-network,centrifuge-2,curve-dao-token,ethena,ether-fi,euler,falcon-finance-ff,hyperliquid,jupiter-exchange-solana,kamino,layerzero,morpho,ondo-finance,pendle,sky,syrup,uniswap,virtual-protocol&order=market_cap_desc&per_page=250&page=1&sparkline=false&price_change_percentage=24h%2C7d%2C30d%2C1y",third_party,high,Token-level market metric from CoinGecko; do not treat as protocol/product usage.
2026-08-17,Maple,SYRUP token,Tokenization,24H Token Volume,10795083.0,USD,24H,CoinGecko markets,"https://api.coingecko.com/api/v3/coins/markets?vs_currency=usd&ids=aave,aerodrome-finance,canton-network,centrifuge-2,curve-dao-token,ethena,ether-fi,euler,falcon-finance-ff,hyperliquid,jupiter-exchange-solana,kamino,layerzero,morpho,ondo-finance,pendle,sky,syrup,uniswap,virtual-protocol&order=market_cap_desc&per_page=250&page=1&sparkline=false&price_change_percentage=24h%2C7d%2C30d%2C1y",third_party,high,Token-level market metric from CoinGecko; do not treat as protocol/product usage.
2026-08-17,Aerodrome,AERO token,Spot,24H Token Volume,10209955.0,USD,24H,CoinGecko markets,"https://api.coingecko.com/api/v3/coins/markets?vs_currency=usd&ids=aave,aerodrome-finance,canton-network,centrifuge-2,curve-dao-token,ethena,ether-fi,euler,falcon-finance-ff,hyperliquid,jupiter-exchange-solana,kamino,layerzero,morpho,ondo-finance,pendle,sky,syrup,uniswap,virtual-protocol&order=market_cap_desc&per_page=250&page=1&sparkline=false&price_change_percentage=24h%2C7d%2C30d%2C1y",third_party,high,Token-level market metric from CoinGecko; do not treat as protocol/product usage.
2026-08-17,Euler,EUL token,Lending,24H Token Volume,7726253.0,USD,24H,CoinGecko markets,"https://api.coingecko.com/api/v3/coins/markets?vs_currency=usd&ids=aave,aerodrome-finance,canton-network,centrifuge-2,curve-dao-token,ethena,ether-fi,euler,falcon-finance-ff,hyperliquid,jupiter-exchange-solana,kamino,layerzero,morpho,ondo-finance,pendle,sky,syrup,uniswap,virtual-protocol&order=market_cap_desc&per_page=250&page=1&sparkline=false&price_change_percentage=24h%2C7d%2C30d%2C1y",third_party,high,Token-level market metric from CoinGecko; do not treat as protocol/product usage.
2026-08-17,Sky,SKY token,Lending,24H Token Volume,6627578.0,USD,24H,CoinGecko markets,"https://api.coingecko.com/api/v3/coins/markets?vs_currency=usd&ids=aave,aerodrome-finance,canton-network,centrifuge-2,curve-dao-token,ethena,ether-fi,euler,falcon-finance-ff,hyperliquid,jupiter-exchange-solana,kamino,layerzero,morpho,ondo-finance,pendle,sky,syrup,uniswap,virtual-protocol&order=market_cap_desc&per_page=250&page=1&sparkline=false&price_change_percentage=24h%2C7d%2C30d%2C1y",third_party,high,Token-level market metric from CoinGecko; do not treat as protocol/product usage.
2026-08-17,Canton,CC token,Infra,24H Token Volume,6498686.0,USD,24H,CoinGecko markets,"https://api.coingecko.com/api/v3/coins/markets?vs_currency=usd&ids=aave,aerodrome-finance,canton-network,centrifuge-2,curve-dao-token,ethena,ether-fi,euler,falcon-finance-ff,hyperliquid,jupiter-exchange-solana,kamino,layerzero,morpho,ondo-finance,pendle,sky,syrup,uniswap,virtual-protocol&order=market_cap_desc&per_page=250&page=1&sparkline=false&price_change_percentage=24h%2C7d%2C30d%2C1y",third_party,high,Token-level market metric from CoinGecko; do not treat as protocol/product usage.
2026-08-17,Falcon,FF token,Asset Management,24H Token Volume,4575318.0,USD,24H,CoinGecko markets,"https://api.coingecko.com/api/v3/coins/markets?vs_currency=usd&ids=aave,aerodrome-finance,canton-network,centrifuge-2,curve-dao-token,ethena,ether-fi,euler,falcon-finance-ff,hyperliquid,jupiter-exchange-solana,kamino,layerzero,morpho,ondo-finance,pendle,sky,syrup,uniswap,virtual-protocol&order=market_cap_desc&per_page=250&page=1&sparkline=false&price_change_percentage=24h%2C7d%2C30d%2C1y",third_party,high,Token-level market metric from CoinGecko; do not treat as protocol/product usage.
2026-08-17,Centrifuge,CFG token,Tokenization,24H Token Volume,3634747.0,USD,24H,CoinGecko markets,"https://api.coingecko.com/api/v3/coins/markets?vs_currency=usd&ids=aave,aerodrome-finance,canton-network,centrifuge-2,curve-dao-token,ethena,ether-fi,euler,falcon-finance-ff,hyperliquid,jupiter-exchange-solana,kamino,layerzero,morpho,ondo-finance,pendle,sky,syrup,uniswap,virtual-protocol&order=market_cap_desc&per_page=250&page=1&sparkline=false&price_change_percentage=24h%2C7d%2C30d%2C1y",third_party,high,Token-level market metric from CoinGecko; do not treat as protocol/product usage.
2026-08-17,Kamino,KMNO token,Lending,24H Token Volume,2122746.0,USD,24H,CoinGecko markets,"https://api.coingecko.com/api/v3/coins/markets?vs_currency=usd&ids=aave,aerodrome-finance,canton-network,centrifuge-2,curve-dao-token,ethena,ether-fi,euler,falcon-finance-ff,hyperliquid,jupiter-exchange-solana,kamino,layerzero,morpho,ondo-finance,pendle,sky,syrup,uniswap,virtual-protocol&order=market_cap_desc&per_page=250&page=1&sparkline=false&price_change_percentage=24h%2C7d%2C30d%2C1y",third_party,high,Token-level market metric from CoinGecko; do not treat as protocol/product usage.
2026-08-17,Uniswap,Uniswap V3,Spot,30D DEX Volume,21202341910.0,USD,30D,DefiLlama DEX overview,https://api.llama.fi/overview/dexs,third_party,high,DEX volume is source-comparable only for DEX records.
2026-08-17,Uniswap,Uniswap V4,Spot,30D DEX Volume,20938755262.0,USD,30D,DefiLlama DEX overview,https://api.llama.fi/overview/dexs,third_party,high,DEX volume is source-comparable only for DEX records.
2026-08-17,Aerodrome,Aerodrome Slipstream,Spot,30D DEX Volume,9996303439.0,USD,30D,DefiLlama DEX overview,https://api.llama.fi/overview/dexs,third_party,high,DEX volume is source-comparable only for DEX records.
2026-08-17,Curve,Curve Finance,Spot,30D DEX Volume,2022296543.0,USD,30D,DefiLlama DEX overview,https://api.llama.fi/overview/dexs,third_party,high,DEX volume is source-comparable only for DEX records.
2026-08-17,Uniswap,Uniswap V2,Spot,30D DEX Volume,1102532771.0,USD,30D,DefiLlama DEX overview,https://api.llama.fi/overview/dexs,third_party,high,DEX volume is source-comparable only for DEX records.
2026-08-17,Aerodrome,Aerodrome V1,Spot,30D DEX Volume,142908549.0,USD,30D,DefiLlama DEX overview,https://api.llama.fi/overview/dexs,third_party,high,DEX volume is source-comparable only for DEX records.
2026-08-17,Uniswap,Uniswap V3,Spot,30D DEX Volume Share,11.3088,%,30D,DefiLlama DEX overview,https://api.llama.fi/overview/dexs,third_party,high,"Share of all DefiLlama-tracked DEX volume over 30D; record-level, not project-blended."
2026-08-17,Uniswap,Uniswap V4,Spot,30D DEX Volume Share,11.1682,%,30D,DefiLlama DEX overview,https://api.llama.fi/overview/dexs,third_party,high,"Share of all DefiLlama-tracked DEX volume over 30D; record-level, not project-blended."
2026-08-17,Aerodrome,Aerodrome Slipstream,Spot,30D DEX Volume Share,5.3318,%,30D,DefiLlama DEX overview,https://api.llama.fi/overview/dexs,third_party,high,"Share of all DefiLlama-tracked DEX volume over 30D; record-level, not project-blended."
2026-08-17,Curve,Curve Finance,Spot,30D DEX Volume Share,1.0786,%,30D,DefiLlama DEX overview,https://api.llama.fi/overview/dexs,third_party,high,"Share of all DefiLlama-tracked DEX volume over 30D; record-level, not project-blended."
2026-08-17,Uniswap,Uniswap V2,Spot,30D DEX Volume Share,0.5881,%,30D,DefiLlama DEX overview,https://api.llama.fi/overview/dexs,third_party,high,"Share of all DefiLlama-tracked DEX volume over 30D; record-level, not project-blended."
2026-08-17,Aerodrome,Aerodrome V1,Spot,30D DEX Volume Share,0.0762,%,30D,DefiLlama DEX overview,https://api.llama.fi/overview/dexs,third_party,high,"Share of all DefiLlama-tracked DEX volume over 30D; record-level, not project-blended."
2026-08-17,Hyperliquid,Hyperliquid Perps,Derivatives,30D Derivatives Volume,38555247943.78,USD,30D,Hyperliquid info API,https://api.hyperliquid.xyz/info,third_party,high,Rolling 16-day perp volume from native API daily snapshots (target: 30 days). Source: Hyperliquid info API.
2026-08-17,Aave,Aave V4,Lending,30D Fee Growth,48.53,%,30D,DefiLlama fees overview,https://api.llama.fi/overview/fees,third_party,medium,Fee growth precomputed by DefiLlama (current window vs prior window).
2026-08-17,Pendle,Pendle Boros,Derivatives,30D Fee Growth,26.21,%,30D,DefiLlama fees overview,https://api.llama.fi/overview/fees,third_party,medium,Fee growth precomputed by DefiLlama (current window vs prior window).
2026-08-17,Aave,Aave V3,Lending,30D Fee Growth,9.3,%,30D,DefiLlama fees overview,https://api.llama.fi/overview/fees,third_party,high,Fee growth precomputed by DefiLlama (current window vs prior window).
2026-08-17,Canton,Canton Network,Infra,30D Fee Growth,-21.31,%,30D,DefiLlama fees overview,https://api.llama.fi/overview/fees,third_party,medium,Fee growth precomputed by DefiLlama (current window vs prior window).
2026-08-17,Pendle,Pendle,Derivatives,30D Fee Growth,-25.49,%,30D,DefiLlama fees overview,https://api.llama.fi/overview/fees,third_party,high,Fee growth precomputed by DefiLlama (current window vs prior window).
2026-08-17,Uniswap,Uniswap V4,Spot,30D Fee Growth,-34.17,%,30D,DefiLlama fees overview,https://api.llama.fi/overview/fees,third_party,high,Fee growth precomputed by DefiLlama (current window vs prior window).
2026-08-17,Centrifuge,Centrifuge,Tokenization,30D Fee Growth,-45.09,%,30D,DefiLlama fees overview,https://api.llama.fi/overview/fees,third_party,high,Fee growth precomputed by DefiLlama (current window vs prior window).
2026-08-17,Aerodrome,Aerodrome Slipstream,Spot,30D Fee Growth,-46.85,%,30D,DefiLlama fees overview,https://api.llama.fi/overview/fees,third_party,high,Fee growth precomputed by DefiLlama (current window vs prior window).
2026-08-17,Uniswap,Uniswap V3,Spot,30D Fee Growth,-69.26,%,30D,DefiLlama fees overview,https://api.llama.fi/overview/fees,third_party,high,Fee growth precomputed by DefiLlama (current window vs prior window).
2026-08-17,Hyperliquid,Hyperliquid HLP,Derivatives,30D Fee Growth,-70.76,%,30D,DefiLlama fees overview,https://api.llama.fi/overview/fees,third_party,medium,Fee growth precomputed by DefiLlama (current window vs prior window).
2026-08-17,Aerodrome,Aerodrome V1,Spot,30D Fee Growth,-73.75,%,30D,DefiLlama fees overview,https://api.llama.fi/overview/fees,third_party,high,Fee growth precomputed by DefiLlama (current window vs prior window).
2026-08-17,Falcon,Falcon Finance,Asset Management,30D Fee Growth,-74.99,%,30D,DefiLlama fees overview,https://api.llama.fi/overview/fees,third_party,medium,Fee growth precomputed by DefiLlama (current window vs prior window).
2026-08-17,Uniswap,Uniswap V2,Spot,30D Fee Growth,-88.08,%,30D,DefiLlama fees overview,https://api.llama.fi/overview/fees,third_party,high,Fee growth precomputed by DefiLlama (current window vs prior window).
2026-08-17,Virtuals,Virtuals Protocol,AI,30D Fee Growth,-94.87,%,30D,DefiLlama fees overview,https://api.llama.fi/overview/fees,third_party,medium,Fee growth precomputed by DefiLlama (current window vs prior window).
2026-08-17,Canton,Canton Network,Infra,30D Fee Share,2.7684,%,30D,DefiLlama fees overview,https://api.llama.fi/overview/fees,third_party,medium,"Share of all DefiLlama-tracked fees over 30D; record-level, summed per project in the dashboard."
2026-08-17,Uniswap,Uniswap V3,Spot,30D Fee Share,2.3188,%,30D,DefiLlama fees overview,https://api.llama.fi/overview/fees,third_party,high,"Share of all DefiLlama-tracked fees over 30D; record-level, summed per project in the dashboard."
2026-08-17,Uniswap,Uniswap V4,Spot,30D Fee Share,1.9637,%,30D,DefiLlama fees overview,https://api.llama.fi/overview/fees,third_party,high,"Share of all DefiLlama-tracked fees over 30D; record-level, summed per project in the dashboard."
2026-08-17,Aave,Aave V3,Lending,30D Fee Share,1.5981,%,30D,DefiLlama fees overview,https://api.llama.fi/overview/fees,third_party,high,"Share of all DefiLlama-tracked fees over 30D; record-level, summed per project in the dashboard."
2026-08-17,Centrifuge,Centrifuge,Tokenization,30D Fee Share,0.301,%,30D,DefiLlama fees overview,https://api.llama.fi/overview/fees,third_party,high,"Share of all DefiLlama-tracked fees over 30D; record-level, summed per project in the dashboard."
2026-08-17,Aerodrome,Aerodrome Slipstream,Spot,30D Fee Share,0.209,%,30D,DefiLlama fees overview,https://api.llama.fi/overview/fees,third_party,high,"Share of all DefiLlama-tracked fees over 30D; record-level, summed per project in the dashboard."
2026-08-17,Uniswap,Uniswap V2,Spot,30D Fee Share,0.2024,%,30D,DefiLlama fees overview,https://api.llama.fi/overview/fees,third_party,high,"Share of all DefiLlama-tracked fees over 30D; record-level, summed per project in the dashboard."
2026-08-17,Virtuals,Virtuals Protocol,AI,30D Fee Share,0.0616,%,30D,DefiLlama fees overview,https://api.llama.fi/overview/fees,third_party,medium,"Share of all DefiLlama-tracked fees over 30D; record-level, summed per project in the dashboard."
2026-08-17,Aerodrome,Aerodrome V1,Spot,30D Fee Share,0.0391,%,30D,DefiLlama fees overview,https://api.llama.fi/overview/fees,third_party,high,"Share of all DefiLlama-tracked fees over 30D; record-level, summed per project in the dashboard."
2026-08-17,Pendle,Pendle,Derivatives,30D Fee Share,0.0376,%,30D,DefiLlama fees overview,https://api.llama.fi/overview/fees,third_party,high,"Share of all DefiLlama-tracked fees over 30D; record-level, summed per project in the dashboard."
2026-08-17,Hyperliquid,Hyperliquid HLP,Derivatives,30D Fee Share,0.016,%,30D,DefiLlama fees overview,https://api.llama.fi/overview/fees,third_party,medium,"Share of all DefiLlama-tracked fees over 30D; record-level, summed per project in the dashboard."
2026-08-17,Aave,Aave V4,Lending,30D Fee Share,0.0144,%,30D,DefiLlama fees overview,https://api.llama.fi/overview/fees,third_party,medium,"Share of all DefiLlama-tracked fees over 30D; record-level, summed per project in the dashboard."
2026-08-17,Falcon,Falcon Finance,Asset Management,30D Fee Share,0.0141,%,30D,DefiLlama fees overview,https://api.llama.fi/overview/fees,third_party,medium,"Share of all DefiLlama-tracked fees over 30D; record-level, summed per project in the dashboard."
2026-08-17,LayerZero,LayerZero V2,Infra,30D Fee Share,0.0056,%,30D,DefiLlama fees overview,https://api.llama.fi/overview/fees,third_party,medium,"Share of all DefiLlama-tracked fees over 30D; record-level, summed per project in the dashboard."
2026-08-17,Pendle,Pendle Boros,Derivatives,30D Fee Share,0.0019,%,30D,DefiLlama fees overview,https://api.llama.fi/overview/fees,third_party,medium,"Share of all DefiLlama-tracked fees over 30D; record-level, summed per project in the dashboard."
2026-08-17,Canton,Canton Network,Infra,30D Fees,50700736.0,USD,30D,DefiLlama fees,https://api.llama.fi/summary/fees/canton?dataType=dailyFees,third_party,medium,30D Fees from DefiLlama fees endpoint. Methodology should be reviewed before final citation.
2026-08-17,Uniswap,Uniswap V3,Spot,30D Fees,42466494.0,USD,30D,DefiLlama fees,https://api.llama.fi/summary/fees/uniswap-v3?dataType=dailyFees,third_party,high,30D Fees from DefiLlama fees endpoint. Methodology should be reviewed before final citation.
2026-08-17,Hyperliquid,Hyperliquid Exchange,Derivatives,30D Fees,41686091.0,USD,30D,DefiLlama fees,https://api.llama.fi/summary/fees/hyperliquid?dataType=dailyFees,third_party,high,30D Fees from DefiLlama fees endpoint. Methodology should be reviewed before final citation.
2026-08-17,Uniswap,Uniswap V4,Spot,30D Fees,35963162.0,USD,30D,DefiLlama fees,https://api.llama.fi/summary/fees/uniswap-v4?dataType=dailyFees,third_party,high,30D Fees from DefiLlama fees endpoint. Methodology should be reviewed before final citation.
2026-08-17,Aave,Aave V3,Lending,30D Fees,29268732.0,USD,30D,DefiLlama fees,https://api.llama.fi/summary/fees/aave-v3?dataType=dailyFees,third_party,high,30D Fees from DefiLlama fees endpoint. Methodology should be reviewed before final citation.
2026-08-17,Sky,Sky Lending,Lending,30D Fees,27534390.0,USD,30D,DefiLlama fees,https://api.llama.fi/summary/fees/sky-lending?dataType=dailyFees,third_party,high,30D Fees from DefiLlama fees endpoint. Methodology should be reviewed before final citation.
2026-08-17,Morpho,Morpho Blue,Lending,30D Fees,16648012.0,USD,30D,DefiLlama fees,https://api.llama.fi/summary/fees/morpho-blue?dataType=dailyFees,third_party,high,30D Fees from DefiLlama fees endpoint. Methodology should be reviewed before final citation.
2026-08-17,Ethena,Ethena USDe,Asset Management,30D Fees,16424064.85,USD,30D,DefiLlama fees,https://api.llama.fi/summary/fees/ethena-usde?dataType=dailyFees,third_party,high,30D Fees from DefiLlama fees endpoint. Methodology should be reviewed before final citation.
2026-08-17,Maple,Maple Finance,Lending,30D Fees,8115843.0,USD,30D,DefiLlama fees,https://api.llama.fi/summary/fees/maple?dataType=dailyFees,third_party,high,30D Fees from DefiLlama fees endpoint. Methodology should be reviewed before final citation.
2026-08-17,Ondo,Ondo Yield Assets,Tokenization,30D Fees,6200101.0,USD,30D,DefiLlama fees,https://api.llama.fi/summary/fees/ondo-yield-assets?dataType=dailyFees,third_party,high,30D Fees from DefiLlama fees endpoint. Methodology should be reviewed before final citation.
2026-08-17,Centrifuge,Centrifuge,Tokenization,30D Fees,5512912.0,USD,30D,DefiLlama fees,https://api.llama.fi/summary/fees/centrifuge?dataType=dailyFees,third_party,high,30D Fees from DefiLlama fees endpoint. Methodology should be reviewed before final citation.
2026-08-17,Aerodrome,Aerodrome V1,Spot,30D Fees,4543104.0,USD,30D,DefiLlama fees,https://api.llama.fi/summary/fees/aerodrome?dataType=dailyFees,third_party,high,30D Fees from DefiLlama fees endpoint. Methodology should be reviewed before final citation.
2026-08-17,Jupiter,Jupiter Perpetual Exchange,Derivatives,30D Fees,4001962.0,USD,30D,DefiLlama fees,https://api.llama.fi/summary/fees/jupiter-perpetual-exchange?dataType=dailyFees,third_party,medium,30D Fees from DefiLlama fees endpoint. Methodology should be reviewed before final citation.
2026-08-17,Aerodrome,Aerodrome Slipstream,Spot,30D Fees,3827101.0,USD,30D,DefiLlama fees,https://api.llama.fi/summary/fees/aerodrome-slipstream?dataType=dailyFees,third_party,high,30D Fees from DefiLlama fees endpoint. Methodology should be reviewed before final citation.
2026-08-17,Uniswap,Uniswap V2,Spot,30D Fees,3706121.0,USD,30D,DefiLlama fees,https://api.llama.fi/summary/fees/uniswap-v2?dataType=dailyFees,third_party,high,30D Fees from DefiLlama fees endpoint. Methodology should be reviewed before final citation.
2026-08-17,EtherFi,EtherFi Cash,Asset Management,30D Fees,3677083.0,USD,30D,DefiLlama fees,https://api.llama.fi/summary/fees/etherfi-cash-liquid?dataType=dailyFees,third_party,medium,30D Fees from DefiLlama fees endpoint. Methodology should be reviewed before final citation.
2026-08-17,Kamino,Kamino,Lending,30D Fees,3584251.0,USD,30D,DefiLlama fees,https://api.llama.fi/summary/fees/kamino?dataType=dailyFees,third_party,high,30D Fees from DefiLlama fees endpoint. Methodology should be reviewed before final citation.
2026-08-17,Euler,Euler V2,Lending,30D Fees,2258356.0,USD,30D,DefiLlama fees,https://api.llama.fi/summary/fees/euler-v2?dataType=dailyFees,third_party,high,30D Fees from DefiLlama fees endpoint. Methodology should be reviewed before final citation.
2026-08-17,Curve,Curve Finance,Spot,30D Fees,1374524.38,USD,30D,DefiLlama fees,https://api.llama.fi/summary/fees/curve-finance?dataType=dailyFees,third_party,high,30D Fees from DefiLlama fees endpoint. Methodology should be reviewed before final citation.
2026-08-17,Hyperliquid,Hyperliquid Spot Orderbook,Derivatives,30D Fees,990448.0,USD,30D,DefiLlama fees,https://api.llama.fi/summary/fees/hyperliquid-spot-orderbook?dataType=dailyFees,third_party,medium,30D Fees from DefiLlama fees endpoint. Methodology should be reviewed before final citation.
2026-08-17,Pendle,Pendle,Derivatives,30D Fees,688931.0,USD,30D,DefiLlama fees,https://api.llama.fi/summary/fees/pendle?dataType=dailyFees,third_party,high,30D Fees from DefiLlama fees endpoint. Methodology should be reviewed before final citation.
2026-08-17,Hyperliquid,Hyperliquid HLP,Derivatives,30D Fees,293096.0,USD,30D,DefiLlama fees,https://api.llama.fi/summary/fees/hyperliquid-hlp?dataType=dailyFees,third_party,medium,30D Fees from DefiLlama fees endpoint. Methodology should be reviewed before final citation.
2026-08-17,Aave,Aave V4,Lending,30D Fees,264537.0,USD,30D,DefiLlama fees,https://api.llama.fi/summary/fees/aave-v4?dataType=dailyFees,third_party,medium,30D Fees from DefiLlama fees endpoint. Methodology should be reviewed before final citation.
2026-08-17,Falcon,Falcon Finance,Asset Management,30D Fees,257366.0,USD,30D,DefiLlama fees,https://api.llama.fi/summary/fees/falcon-finance?dataType=dailyFees,third_party,medium,30D Fees from DefiLlama fees endpoint. Methodology should be reviewed before final citation.
2026-08-17,LayerZero,LayerZero V2,Infra,30D Fees,107369.0,USD,30D,DefiLlama fees,https://api.llama.fi/summary/fees/layerzero?dataType=dailyFees,third_party,medium,30D Fees from DefiLlama fees endpoint. Methodology should be reviewed before final citation.
2026-08-17,Pendle,Pendle Boros,Derivatives,30D Fees,34290.0,USD,30D,DefiLlama fees,https://api.llama.fi/summary/fees/boros?dataType=dailyFees,third_party,medium,30D Fees from DefiLlama fees endpoint. Methodology should be reviewed before final citation.
2026-08-17,Canton,Canton Network,Infra,30D Holders Revenue,50700736.0,USD,30D,DefiLlama fees,https://api.llama.fi/summary/fees/canton?dataType=dailyHoldersRevenue,third_party,medium,30D Holders Revenue from DefiLlama fees endpoint. Methodology should be reviewed before final citation.
2026-08-17,Hyperliquid,Hyperliquid Exchange,Derivatives,30D Holders Revenue,29016112.0,USD,30D,DefiLlama fees,https://api.llama.fi/summary/fees/hyperliquid?dataType=dailyHoldersRevenue,third_party,high,30D Holders Revenue from DefiLlama fees endpoint. Methodology should be reviewed before final citation.
2026-08-17,Uniswap,Uniswap V3,Spot,30D Holders Revenue,5597061.0,USD,30D,DefiLlama fees,https://api.llama.fi/summary/fees/uniswap-v3?dataType=dailyHoldersRevenue,third_party,high,30D Holders Revenue from DefiLlama fees endpoint. Methodology should be reviewed before final citation.
2026-08-17,Aerodrome,Aerodrome V1,Spot,30D Holders Revenue,3411328.0,USD,30D,DefiLlama fees,https://api.llama.fi/summary/fees/aerodrome?dataType=dailyHoldersRevenue,third_party,high,30D Holders Revenue from DefiLlama fees endpoint. Methodology should be reviewed before final citation.
2026-08-17,Aerodrome,Aerodrome Slipstream,Spot,30D Holders Revenue,2904258.0,USD,30D,DefiLlama fees,https://api.llama.fi/summary/fees/aerodrome-slipstream?dataType=dailyHoldersRevenue,third_party,high,30D Holders Revenue from DefiLlama fees endpoint. Methodology should be reviewed before final citation.
2026-08-17,Sky,Sky Lending,Lending,30D Holders Revenue,1115285.0,USD,30D,DefiLlama fees,https://api.llama.fi/summary/fees/sky-lending?dataType=dailyHoldersRevenue,third_party,high,30D Holders Revenue from DefiLlama fees endpoint. Methodology should be reviewed before final citation.
2026-08-17,Hyperliquid,Hyperliquid Spot Orderbook,Derivatives,30D Holders Revenue,760655.0,USD,30D,DefiLlama fees,https://api.llama.fi/summary/fees/hyperliquid-spot-orderbook?dataType=dailyHoldersRevenue,third_party,medium,30D Holders Revenue from DefiLlama fees endpoint. Methodology should be reviewed before final citation.
2026-08-17,Pendle,Pendle,Derivatives,30D Holders Revenue,545432.0,USD,30D,DefiLlama fees,https://api.llama.fi/summary/fees/pendle?dataType=dailyHoldersRevenue,third_party,high,30D Holders Revenue from DefiLlama fees endpoint. Methodology should be reviewed before final citation.
2026-08-17,Jupiter,Jupiter Perpetual Exchange,Derivatives,30D Holders Revenue,500247.0,USD,30D,DefiLlama fees,https://api.llama.fi/summary/fees/jupiter-perpetual-exchange?dataType=dailyHoldersRevenue,third_party,medium,30D Holders Revenue from DefiLlama fees endpoint. Methodology should be reviewed before final citation.
2026-08-17,Curve,Curve Finance,Spot,30D Holders Revenue,406059.0,USD,30D,DefiLlama fees,https://api.llama.fi/summary/fees/curve-finance?dataType=dailyHoldersRevenue,third_party,high,30D Holders Revenue from DefiLlama fees endpoint. Methodology should be reviewed before final citation.
2026-08-17,Maple,Maple Finance,Lending,30D Holders Revenue,237994.0,USD,30D,DefiLlama fees,https://api.llama.fi/summary/fees/maple?dataType=dailyHoldersRevenue,third_party,high,30D Holders Revenue from DefiLlama fees endpoint. Methodology should be reviewed before final citation.
2026-08-17,LayerZero,LayerZero V2,Infra,30D Holders Revenue,131592.0,USD,30D,DefiLlama fees,https://api.llama.fi/summary/fees/layerzero?dataType=dailyHoldersRevenue,third_party,medium,30D Holders Revenue from DefiLlama fees endpoint. Methodology should be reviewed before final citation.
2026-08-17,Euler,Euler V2,Lending,30D Holders Revenue,1.19,USD,30D,DefiLlama fees,https://api.llama.fi/summary/fees/euler-v2?dataType=dailyHoldersRevenue,third_party,high,30D Holders Revenue from DefiLlama fees endpoint. Methodology should be reviewed before final citation.
2026-08-17,Canton,Canton Network,Infra,30D Revenue,50700736.0,USD,30D,DefiLlama fees,https://api.llama.fi/summary/fees/canton?dataType=dailyRevenue,third_party,medium,30D Revenue from DefiLlama fees endpoint. Methodology should be reviewed before final citation.
2026-08-17,Hyperliquid,Hyperliquid Exchange,Derivatives,30D Revenue,29016112.0,USD,30D,DefiLlama fees,https://api.llama.fi/summary/fees/hyperliquid?dataType=dailyRevenue,third_party,high,30D Revenue from DefiLlama fees endpoint. Methodology should be reviewed before final citation.
2026-08-17,Sky,Sky Lending,Lending,30D Revenue,13832663.0,USD,30D,DefiLlama fees,https://api.llama.fi/summary/fees/sky-lending?dataType=dailyRevenue,third_party,high,30D Revenue from DefiLlama fees endpoint. Methodology should be reviewed before final citation.
2026-08-17,Uniswap,Uniswap V3,Spot,30D Revenue,5597061.0,USD,30D,DefiLlama fees,https://api.llama.fi/summary/fees/uniswap-v3?dataType=dailyRevenue,third_party,high,30D Revenue from DefiLlama fees endpoint. Methodology should be reviewed before final citation.
2026-08-17,Aave,Aave V3,Lending,30D Revenue,3906003.0,USD,30D,DefiLlama fees,https://api.llama.fi/summary/fees/aave-v3?dataType=dailyRevenue,third_party,high,30D Revenue from DefiLlama fees endpoint. Methodology should be reviewed before final citation.
2026-08-17,Aerodrome,Aerodrome V1,Spot,30D Revenue,3411328.0,USD,30D,DefiLlama fees,https://api.llama.fi/summary/fees/aerodrome?dataType=dailyRevenue,third_party,high,30D Revenue from DefiLlama fees endpoint. Methodology should be reviewed before final citation.
2026-08-17,Aerodrome,Aerodrome Slipstream,Spot,30D Revenue,2904258.0,USD,30D,DefiLlama fees,https://api.llama.fi/summary/fees/aerodrome-slipstream?dataType=dailyRevenue,third_party,high,30D Revenue from DefiLlama fees endpoint. Methodology should be reviewed before final citation.
2026-08-17,EtherFi,EtherFi Cash,Asset Management,30D Revenue,1328471.0,USD,30D,DefiLlama fees,https://api.llama.fi/summary/fees/etherfi-cash-liquid?dataType=dailyRevenue,third_party,medium,30D Revenue from DefiLlama fees endpoint. Methodology should be reviewed before final citation.
2026-08-17,Jupiter,Jupiter Perpetual Exchange,Derivatives,30D Revenue,1000488.0,USD,30D,DefiLlama fees,https://api.llama.fi/summary/fees/jupiter-perpetual-exchange?dataType=dailyRevenue,third_party,medium,30D Revenue from DefiLlama fees endpoint. Methodology should be reviewed before final citation.
2026-08-17,Maple,Maple Finance,Lending,30D Revenue,951975.0,USD,30D,DefiLlama fees,https://api.llama.fi/summary/fees/maple?dataType=dailyRevenue,third_party,high,30D Revenue from DefiLlama fees endpoint. Methodology should be reviewed before final citation.
2026-08-17,Hyperliquid,Hyperliquid Spot Orderbook,Derivatives,30D Revenue,760655.0,USD,30D,DefiLlama fees,https://api.llama.fi/summary/fees/hyperliquid-spot-orderbook?dataType=dailyRevenue,third_party,medium,30D Revenue from DefiLlama fees endpoint. Methodology should be reviewed before final citation.
2026-08-17,Pendle,Pendle,Derivatives,30D Revenue,681786.0,USD,30D,DefiLlama fees,https://api.llama.fi/summary/fees/pendle?dataType=dailyRevenue,third_party,high,30D Revenue from DefiLlama fees endpoint. Methodology should be reviewed before final citation.
2026-08-17,Kamino,Kamino,Lending,30D Revenue,501711.0,USD,30D,DefiLlama fees,https://api.llama.fi/summary/fees/kamino?dataType=dailyRevenue,third_party,high,30D Revenue from DefiLlama fees endpoint. Methodology should be reviewed before final citation.
2026-08-17,Centrifuge,Centrifuge,Tokenization,30D Revenue,480506.0,USD,30D,DefiLlama fees,https://api.llama.fi/summary/fees/centrifuge?dataType=dailyRevenue,third_party,high,30D Revenue from DefiLlama fees endpoint. Methodology should be reviewed before final citation.
2026-08-17,Curve,Curve Finance,Spot,30D Revenue,450522.0,USD,30D,DefiLlama fees,https://api.llama.fi/summary/fees/curve-finance?dataType=dailyRevenue,third_party,high,30D Revenue from DefiLlama fees endpoint. Methodology should be reviewed before final citation.
2026-08-17,LayerZero,LayerZero V2,Infra,30D Revenue,131592.0,USD,30D,DefiLlama fees,https://api.llama.fi/summary/fees/layerzero?dataType=dailyRevenue,third_party,medium,30D Revenue from DefiLlama fees endpoint. Methodology should be reviewed before final citation.
2026-08-17,Euler,Euler V2,Lending,30D Revenue,68766.0,USD,30D,DefiLlama fees,https://api.llama.fi/summary/fees/euler-v2?dataType=dailyRevenue,third_party,high,30D Revenue from DefiLlama fees endpoint. Methodology should be reviewed before final citation.
2026-08-17,Aave,Aave V4,Lending,30D Revenue,40205.0,USD,30D,DefiLlama fees,https://api.llama.fi/summary/fees/aave-v4?dataType=dailyRevenue,third_party,medium,30D Revenue from DefiLlama fees endpoint. Methodology should be reviewed before final citation.
2026-08-17,Pendle,Pendle Boros,Derivatives,30D Revenue,34269.0,USD,30D,DefiLlama fees,https://api.llama.fi/summary/fees/boros?dataType=dailyRevenue,third_party,medium,30D Revenue from DefiLlama fees endpoint. Methodology should be reviewed before final citation.
2026-08-17,Ethena,Ethena USDe,Asset Management,30D Revenue,27491.83,USD,30D,DefiLlama fees,https://api.llama.fi/summary/fees/ethena-usde?dataType=dailyRevenue,third_party,high,30D Revenue from DefiLlama fees endpoint. Methodology should be reviewed before final citation.
2026-08-17,Euler,EUL token,Lending,30D Token Performance,21.0,%,30D,CoinGecko markets,"https://api.coingecko.com/api/v3/coins/markets?vs_currency=usd&ids=aave,aerodrome-finance,canton-network,centrifuge-2,curve-dao-token,ethena,ether-fi,euler,falcon-finance-ff,hyperliquid,jupiter-exchange-solana,kamino,layerzero,morpho,ondo-finance,pendle,sky,syrup,uniswap,virtual-protocol&order=market_cap_desc&per_page=250&page=1&sparkline=false&price_change_percentage=24h%2C7d%2C30d%2C1y",third_party,high,"Token price change; market sentiment, not product adoption."
2026-08-17,Curve,CRV token,Spot,30D Token Performance,14.0,%,30D,CoinGecko markets,"https://api.coingecko.com/api/v3/coins/markets?vs_currency=usd&ids=aave,aerodrome-finance,canton-network,centrifuge-2,curve-dao-token,ethena,ether-fi,euler,falcon-finance-ff,hyperliquid,jupiter-exchange-solana,kamino,layerzero,morpho,ondo-finance,pendle,sky,syrup,uniswap,virtual-protocol&order=market_cap_desc&per_page=250&page=1&sparkline=false&price_change_percentage=24h%2C7d%2C30d%2C1y",third_party,high,"Token price change; market sentiment, not product adoption."
2026-08-17,EtherFi,ETHFI token,Asset Management,30D Token Performance,12.4,%,30D,CoinGecko markets,"https://api.coingecko.com/api/v3/coins/markets?vs_currency=usd&ids=aave,aerodrome-finance,canton-network,centrifuge-2,curve-dao-token,ethena,ether-fi,euler,falcon-finance-ff,hyperliquid,jupiter-exchange-solana,kamino,layerzero,morpho,ondo-finance,pendle,sky,syrup,uniswap,virtual-protocol&order=market_cap_desc&per_page=250&page=1&sparkline=false&price_change_percentage=24h%2C7d%2C30d%2C1y",third_party,high,"Token price change; market sentiment, not product adoption."
2026-08-17,Morpho,MORPHO token,Lending,30D Token Performance,5.5,%,30D,CoinGecko markets,"https://api.coingecko.com/api/v3/coins/markets?vs_currency=usd&ids=aave,aerodrome-finance,canton-network,centrifuge-2,curve-dao-token,ethena,ether-fi,euler,falcon-finance-ff,hyperliquid,jupiter-exchange-solana,kamino,layerzero,morpho,ondo-finance,pendle,sky,syrup,uniswap,virtual-protocol&order=market_cap_desc&per_page=250&page=1&sparkline=false&price_change_percentage=24h%2C7d%2C30d%2C1y",third_party,high,"Token price change; market sentiment, not product adoption."
2026-08-17,Falcon,FF token,Asset Management,30D Token Performance,4.4,%,30D,CoinGecko markets,"https://api.coingecko.com/api/v3/coins/markets?vs_currency=usd&ids=aave,aerodrome-finance,canton-network,centrifuge-2,curve-dao-token,ethena,ether-fi,euler,falcon-finance-ff,hyperliquid,jupiter-exchange-solana,kamino,layerzero,morpho,ondo-finance,pendle,sky,syrup,uniswap,virtual-protocol&order=market_cap_desc&per_page=250&page=1&sparkline=false&price_change_percentage=24h%2C7d%2C30d%2C1y",third_party,high,"Token price change; market sentiment, not product adoption."
2026-08-17,Ethena,ENA token,Asset Management,30D Token Performance,3.0,%,30D,CoinGecko markets,"https://api.coingecko.com/api/v3/coins/markets?vs_currency=usd&ids=aave,aerodrome-finance,canton-network,centrifuge-2,curve-dao-token,ethena,ether-fi,euler,falcon-finance-ff,hyperliquid,jupiter-exchange-solana,kamino,layerzero,morpho,ondo-finance,pendle,sky,syrup,uniswap,virtual-protocol&order=market_cap_desc&per_page=250&page=1&sparkline=false&price_change_percentage=24h%2C7d%2C30d%2C1y",third_party,high,"Token price change; market sentiment, not product adoption."
2026-08-17,Hyperliquid,HYPE token,Derivatives,30D Token Performance,0.9,%,30D,CoinGecko markets,"https://api.coingecko.com/api/v3/coins/markets?vs_currency=usd&ids=aave,aerodrome-finance,canton-network,centrifuge-2,curve-dao-token,ethena,ether-fi,euler,falcon-finance-ff,hyperliquid,jupiter-exchange-solana,kamino,layerzero,morpho,ondo-finance,pendle,sky,syrup,uniswap,virtual-protocol&order=market_cap_desc&per_page=250&page=1&sparkline=false&price_change_percentage=24h%2C7d%2C30d%2C1y",third_party,high,"Token price change; market sentiment, not product adoption."
2026-08-17,Kamino,KMNO token,Lending,30D Token Performance,-2.4,%,30D,CoinGecko markets,"https://api.coingecko.com/api/v3/coins/markets?vs_currency=usd&ids=aave,aerodrome-finance,canton-network,centrifuge-2,curve-dao-token,ethena,ether-fi,euler,falcon-finance-ff,hyperliquid,jupiter-exchange-solana,kamino,layerzero,morpho,ondo-finance,pendle,sky,syrup,uniswap,virtual-protocol&order=market_cap_desc&per_page=250&page=1&sparkline=false&price_change_percentage=24h%2C7d%2C30d%2C1y",third_party,high,"Token price change; market sentiment, not product adoption."
2026-08-17,LayerZero,ZRO token,Infra,30D Token Performance,-2.4,%,30D,CoinGecko markets,"https://api.coingecko.com/api/v3/coins/markets?vs_currency=usd&ids=aave,aerodrome-finance,canton-network,centrifuge-2,curve-dao-token,ethena,ether-fi,euler,falcon-finance-ff,hyperliquid,jupiter-exchange-solana,kamino,layerzero,morpho,ondo-finance,pendle,sky,syrup,uniswap,virtual-protocol&order=market_cap_desc&per_page=250&page=1&sparkline=false&price_change_percentage=24h%2C7d%2C30d%2C1y",third_party,high,"Token price change; market sentiment, not product adoption."
2026-08-17,Aave,AAVE token,Lending,30D Token Performance,-2.5,%,30D,CoinGecko markets,"https://api.coingecko.com/api/v3/coins/markets?vs_currency=usd&ids=aave,aerodrome-finance,canton-network,centrifuge-2,curve-dao-token,ethena,ether-fi,euler,falcon-finance-ff,hyperliquid,jupiter-exchange-solana,kamino,layerzero,morpho,ondo-finance,pendle,sky,syrup,uniswap,virtual-protocol&order=market_cap_desc&per_page=250&page=1&sparkline=false&price_change_percentage=24h%2C7d%2C30d%2C1y",third_party,high,"Token price change; market sentiment, not product adoption."
2026-08-17,Centrifuge,CFG token,Tokenization,30D Token Performance,-5.4,%,30D,CoinGecko markets,"https://api.coingecko.com/api/v3/coins/markets?vs_currency=usd&ids=aave,aerodrome-finance,canton-network,centrifuge-2,curve-dao-token,ethena,ether-fi,euler,falcon-finance-ff,hyperliquid,jupiter-exchange-solana,kamino,layerzero,morpho,ondo-finance,pendle,sky,syrup,uniswap,virtual-protocol&order=market_cap_desc&per_page=250&page=1&sparkline=false&price_change_percentage=24h%2C7d%2C30d%2C1y",third_party,high,"Token price change; market sentiment, not product adoption."
2026-08-17,Uniswap,UNI token,Spot,30D Token Performance,-6.7,%,30D,CoinGecko markets,"https://api.coingecko.com/api/v3/coins/markets?vs_currency=usd&ids=aave,aerodrome-finance,canton-network,centrifuge-2,curve-dao-token,ethena,ether-fi,euler,falcon-finance-ff,hyperliquid,jupiter-exchange-solana,kamino,layerzero,morpho,ondo-finance,pendle,sky,syrup,uniswap,virtual-protocol&order=market_cap_desc&per_page=250&page=1&sparkline=false&price_change_percentage=24h%2C7d%2C30d%2C1y",third_party,high,"Token price change; market sentiment, not product adoption."
2026-08-17,Maple,SYRUP token,Tokenization,30D Token Performance,-7.5,%,30D,CoinGecko markets,"https://api.coingecko.com/api/v3/coins/markets?vs_currency=usd&ids=aave,aerodrome-finance,canton-network,centrifuge-2,curve-dao-token,ethena,ether-fi,euler,falcon-finance-ff,hyperliquid,jupiter-exchange-solana,kamino,layerzero,morpho,ondo-finance,pendle,sky,syrup,uniswap,virtual-protocol&order=market_cap_desc&per_page=250&page=1&sparkline=false&price_change_percentage=24h%2C7d%2C30d%2C1y",third_party,high,"Token price change; market sentiment, not product adoption."
2026-08-17,Ondo,ONDO token,Tokenization,30D Token Performance,-8.5,%,30D,CoinGecko markets,"https://api.coingecko.com/api/v3/coins/markets?vs_currency=usd&ids=aave,aerodrome-finance,canton-network,centrifuge-2,curve-dao-token,ethena,ether-fi,euler,falcon-finance-ff,hyperliquid,jupiter-exchange-solana,kamino,layerzero,morpho,ondo-finance,pendle,sky,syrup,uniswap,virtual-protocol&order=market_cap_desc&per_page=250&page=1&sparkline=false&price_change_percentage=24h%2C7d%2C30d%2C1y",third_party,high,"Token price change; market sentiment, not product adoption."
2026-08-17,Virtuals,VIRTUAL token,AI,30D Token Performance,-9.3,%,30D,CoinGecko markets,"https://api.coingecko.com/api/v3/coins/markets?vs_currency=usd&ids=aave,aerodrome-finance,canton-network,centrifuge-2,curve-dao-token,ethena,ether-fi,euler,falcon-finance-ff,hyperliquid,jupiter-exchange-solana,kamino,layerzero,morpho,ondo-finance,pendle,sky,syrup,uniswap,virtual-protocol&order=market_cap_desc&per_page=250&page=1&sparkline=false&price_change_percentage=24h%2C7d%2C30d%2C1y",third_party,high,"Token price change; market sentiment, not product adoption."
2026-08-17,Aerodrome,AERO token,Spot,30D Token Performance,-12.1,%,30D,CoinGecko markets,"https://api.coingecko.com/api/v3/coins/markets?vs_currency=usd&ids=aave,aerodrome-finance,canton-network,centrifuge-2,curve-dao-token,ethena,ether-fi,euler,falcon-finance-ff,hyperliquid,jupiter-exchange-solana,kamino,layerzero,morpho,ondo-finance,pendle,sky,syrup,uniswap,virtual-protocol&order=market_cap_desc&per_page=250&page=1&sparkline=false&price_change_percentage=24h%2C7d%2C30d%2C1y",third_party,high,"Token price change; market sentiment, not product adoption."
2026-08-17,Sky,SKY token,Lending,30D Token Performance,-12.3,%,30D,CoinGecko markets,"https://api.coingecko.com/api/v3/coins/markets?vs_currency=usd&ids=aave,aerodrome-finance,canton-network,centrifuge-2,curve-dao-token,ethena,ether-fi,euler,falcon-finance-ff,hyperliquid,jupiter-exchange-solana,kamino,layerzero,morpho,ondo-finance,pendle,sky,syrup,uniswap,virtual-protocol&order=market_cap_desc&per_page=250&page=1&sparkline=false&price_change_percentage=24h%2C7d%2C30d%2C1y",third_party,high,"Token price change; market sentiment, not product adoption."
2026-08-17,Jupiter,JUP token,Spot,30D Token Performance,-12.5,%,30D,CoinGecko markets,"https://api.coingecko.com/api/v3/coins/markets?vs_currency=usd&ids=aave,aerodrome-finance,canton-network,centrifuge-2,curve-dao-token,ethena,ether-fi,euler,falcon-finance-ff,hyperliquid,jupiter-exchange-solana,kamino,layerzero,morpho,ondo-finance,pendle,sky,syrup,uniswap,virtual-protocol&order=market_cap_desc&per_page=250&page=1&sparkline=false&price_change_percentage=24h%2C7d%2C30d%2C1y",third_party,high,"Token price change; market sentiment, not product adoption."
2026-08-17,Pendle,PENDLE token,Derivatives,30D Token Performance,-15.1,%,30D,CoinGecko markets,"https://api.coingecko.com/api/v3/coins/markets?vs_currency=usd&ids=aave,aerodrome-finance,canton-network,centrifuge-2,curve-dao-token,ethena,ether-fi,euler,falcon-finance-ff,hyperliquid,jupiter-exchange-solana,kamino,layerzero,morpho,ondo-finance,pendle,sky,syrup,uniswap,virtual-protocol&order=market_cap_desc&per_page=250&page=1&sparkline=false&price_change_percentage=24h%2C7d%2C30d%2C1y",third_party,high,"Token price change; market sentiment, not product adoption."
2026-08-17,Canton,CC token,Infra,30D Token Performance,-23.9,%,30D,CoinGecko markets,"https://api.coingecko.com/api/v3/coins/markets?vs_currency=usd&ids=aave,aerodrome-finance,canton-network,centrifuge-2,curve-dao-token,ethena,ether-fi,euler,falcon-finance-ff,hyperliquid,jupiter-exchange-solana,kamino,layerzero,morpho,ondo-finance,pendle,sky,syrup,uniswap,virtual-protocol&order=market_cap_desc&per_page=250&page=1&sparkline=false&price_change_percentage=24h%2C7d%2C30d%2C1y",third_party,high,"Token price change; market sentiment, not product adoption."
2026-08-17,Uniswap,Uniswap,Spot,7D Active Wallets,1167792.0,wallets,7D,Dune dex.trades,https://api.dune.com/api/v1/sql/execute,third_party,medium,7D active wallets from Dune dex.trades using distinct tx_from across all supported chains for this project. Treat as protocol-interaction wallets for the covered DEX surface.
2026-08-17,Aerodrome,Aerodrome,Spot,7D Active Wallets,72588.0,wallets,7D,Dune dex.trades,https://api.dune.com/api/v1/sql/execute,third_party,medium,7D active wallets from Dune dex.trades using distinct tx_from across all supported chains for this project. Treat as protocol-interaction wallets for the covered DEX surface.
2026-08-17,Curve,Curve,Spot,7D Active Wallets,14703.0,wallets,7D,Dune dex.trades,https://api.dune.com/api/v1/sql/execute,third_party,medium,7D active wallets from Dune dex.trades using distinct tx_from across all supported chains for this project. Treat as protocol-interaction wallets for the covered DEX surface.
2026-08-17,Uniswap,Uniswap V4,Spot,7D DEX Volume,4659541250.0,USD,7D,DefiLlama DEX overview,https://api.llama.fi/overview/dexs,third_party,high,DEX volume is source-comparable only for DEX records.
2026-08-17,Uniswap,Uniswap V3,Spot,7D DEX Volume,3749406864.0,USD,7D,DefiLlama DEX overview,https://api.llama.fi/overview/dexs,third_party,high,DEX volume is source-comparable only for DEX records.
2026-08-17,Aerodrome,Aerodrome Slipstream,Spot,7D DEX Volume,2178952207.0,USD,7D,DefiLlama DEX overview,https://api.llama.fi/overview/dexs,third_party,high,DEX volume is source-comparable only for DEX records.
2026-08-17,Curve,Curve Finance,Spot,7D DEX Volume,503707182.0,USD,7D,DefiLlama DEX overview,https://api.llama.fi/overview/dexs,third_party,high,DEX volume is source-comparable only for DEX records.
2026-08-17,Uniswap,Uniswap V2,Spot,7D DEX Volume,75698694.0,USD,7D,DefiLlama DEX overview,https://api.llama.fi/overview/dexs,third_party,high,DEX volume is source-comparable only for DEX records.
2026-08-17,Aerodrome,Aerodrome V1,Spot,7D DEX Volume,22793441.0,USD,7D,DefiLlama DEX overview,https://api.llama.fi/overview/dexs,third_party,high,DEX volume is source-comparable only for DEX records.
2026-08-17,Pendle,Pendle,Derivatives,7D Fee Growth,426.32,%,7D,DefiLlama fees overview,https://api.llama.fi/overview/fees,third_party,high,Fee growth precomputed by DefiLlama (current window vs prior window).
2026-08-17,Uniswap,Uniswap V4,Spot,7D Fee Growth,20.32,%,7D,DefiLlama fees overview,https://api.llama.fi/overview/fees,third_party,high,Fee growth precomputed by DefiLlama (current window vs prior window).
2026-08-17,Aerodrome,Aerodrome V1,Spot,7D Fee Growth,13.74,%,7D,DefiLlama fees overview,https://api.llama.fi/overview/fees,third_party,high,Fee growth precomputed by DefiLlama (current window vs prior window).
2026-08-17,Aave,Aave V4,Lending,7D Fee Growth,5.41,%,7D,DefiLlama fees overview,https://api.llama.fi/overview/fees,third_party,medium,Fee growth precomputed by DefiLlama (current window vs prior window).
2026-08-17,Canton,Canton Network,Infra,7D Fee Growth,5.04,%,7D,DefiLlama fees overview,https://api.llama.fi/overview/fees,third_party,medium,Fee growth precomputed by DefiLlama (current window vs prior window).
2026-08-17,Aerodrome,Aerodrome Slipstream,Spot,7D Fee Growth,2.56,%,7D,DefiLlama fees overview,https://api.llama.fi/overview/fees,third_party,high,Fee growth precomputed by DefiLlama (current window vs prior window).
2026-08-17,Aave,Aave V3,Lending,7D Fee Growth,0.8,%,7D,DefiLlama fees overview,https://api.llama.fi/overview/fees,third_party,high,Fee growth precomputed by DefiLlama (current window vs prior window).
2026-08-17,Centrifuge,Centrifuge,Tokenization,7D Fee Growth,-0.57,%,7D,DefiLlama fees overview,https://api.llama.fi/overview/fees,third_party,high,Fee growth precomputed by DefiLlama (current window vs prior window).
2026-08-17,Virtuals,Virtuals Protocol,AI,7D Fee Growth,-7.2,%,7D,DefiLlama fees overview,https://api.llama.fi/overview/fees,third_party,medium,Fee growth precomputed by DefiLlama (current window vs prior window).
2026-08-17,Hyperliquid,Hyperliquid HLP,Derivatives,7D Fee Growth,-11.07,%,7D,DefiLlama fees overview,https://api.llama.fi/overview/fees,third_party,medium,Fee growth precomputed by DefiLlama (current window vs prior window).
2026-08-17,Falcon,Falcon Finance,Asset Management,7D Fee Growth,-15.51,%,7D,DefiLlama fees overview,https://api.llama.fi/overview/fees,third_party,medium,Fee growth precomputed by DefiLlama (current window vs prior window).
2026-08-17,Pendle,Pendle Boros,Derivatives,7D Fee Growth,-17.24,%,7D,DefiLlama fees overview,https://api.llama.fi/overview/fees,third_party,medium,Fee growth precomputed by DefiLlama (current window vs prior window).
2026-08-17,Uniswap,Uniswap V2,Spot,7D Fee Growth,-20.83,%,7D,DefiLlama fees overview,https://api.llama.fi/overview/fees,third_party,high,Fee growth precomputed by DefiLlama (current window vs prior window).
2026-08-17,Uniswap,Uniswap V3,Spot,7D Fee Growth,-24.22,%,7D,DefiLlama fees overview,https://api.llama.fi/overview/fees,third_party,high,Fee growth precomputed by DefiLlama (current window vs prior window).
2026-08-17,LayerZero,LayerZero V2,Infra,7D Fee Growth,-53.55,%,7D,DefiLlama fees overview,https://api.llama.fi/overview/fees,third_party,medium,Fee growth precomputed by DefiLlama (current window vs prior window).
2026-08-17,Canton,Canton Network,Infra,7D Fee Share,2.5535,%,7D,DefiLlama fees overview,https://api.llama.fi/overview/fees,third_party,medium,"Share of all DefiLlama-tracked fees over 7D; record-level, summed per project in the dashboard."
2026-08-17,Uniswap,Uniswap V4,Spot,7D Fee Share,2.4858,%,7D,DefiLlama fees overview,https://api.llama.fi/overview/fees,third_party,high,"Share of all DefiLlama-tracked fees over 7D; record-level, summed per project in the dashboard."
2026-08-17,Aave,Aave V3,Lending,7D Fee Share,1.6454,%,7D,DefiLlama fees overview,https://api.llama.fi/overview/fees,third_party,high,"Share of all DefiLlama-tracked fees over 7D; record-level, summed per project in the dashboard."
2026-08-17,Uniswap,Uniswap V3,Spot,7D Fee Share,1.4944,%,7D,DefiLlama fees overview,https://api.llama.fi/overview/fees,third_party,high,"Share of all DefiLlama-tracked fees over 7D; record-level, summed per project in the dashboard."
2026-08-17,Centrifuge,Centrifuge,Tokenization,7D Fee Share,0.3419,%,7D,DefiLlama fees overview,https://api.llama.fi/overview/fees,third_party,high,"Share of all DefiLlama-tracked fees over 7D; record-level, summed per project in the dashboard."
2026-08-17,Aerodrome,Aerodrome Slipstream,Spot,7D Fee Share,0.1877,%,7D,DefiLlama fees overview,https://api.llama.fi/overview/fees,third_party,high,"Share of all DefiLlama-tracked fees over 7D; record-level, summed per project in the dashboard."
2026-08-17,Pendle,Pendle,Derivatives,7D Fee Share,0.0701,%,7D,DefiLlama fees overview,https://api.llama.fi/overview/fees,third_party,high,"Share of all DefiLlama-tracked fees over 7D; record-level, summed per project in the dashboard."
2026-08-17,Uniswap,Uniswap V2,Spot,7D Fee Share,0.0695,%,7D,DefiLlama fees overview,https://api.llama.fi/overview/fees,third_party,high,"Share of all DefiLlama-tracked fees over 7D; record-level, summed per project in the dashboard."
2026-08-17,Aerodrome,Aerodrome V1,Spot,7D Fee Share,0.0378,%,7D,DefiLlama fees overview,https://api.llama.fi/overview/fees,third_party,high,"Share of all DefiLlama-tracked fees over 7D; record-level, summed per project in the dashboard."
2026-08-17,Virtuals,Virtuals Protocol,AI,7D Fee Share,0.0294,%,7D,DefiLlama fees overview,https://api.llama.fi/overview/fees,third_party,medium,"Share of all DefiLlama-tracked fees over 7D; record-level, summed per project in the dashboard."
2026-08-17,Aave,Aave V4,Lending,7D Fee Share,0.0163,%,7D,DefiLlama fees overview,https://api.llama.fi/overview/fees,third_party,medium,"Share of all DefiLlama-tracked fees over 7D; record-level, summed per project in the dashboard."
2026-08-17,Hyperliquid,Hyperliquid HLP,Derivatives,7D Fee Share,0.0136,%,7D,DefiLlama fees overview,https://api.llama.fi/overview/fees,third_party,medium,"Share of all DefiLlama-tracked fees over 7D; record-level, summed per project in the dashboard."
2026-08-17,Falcon,Falcon Finance,Asset Management,7D Fee Share,0.0122,%,7D,DefiLlama fees overview,https://api.llama.fi/overview/fees,third_party,medium,"Share of all DefiLlama-tracked fees over 7D; record-level, summed per project in the dashboard."
2026-08-17,LayerZero,LayerZero V2,Infra,7D Fee Share,0.0029,%,7D,DefiLlama fees overview,https://api.llama.fi/overview/fees,third_party,medium,"Share of all DefiLlama-tracked fees over 7D; record-level, summed per project in the dashboard."
2026-08-17,Pendle,Pendle Boros,Derivatives,7D Fee Share,0.0012,%,7D,DefiLlama fees overview,https://api.llama.fi/overview/fees,third_party,medium,"Share of all DefiLlama-tracked fees over 7D; record-level, summed per project in the dashboard."
2026-08-17,Canton,Canton Network,Infra,7D Fees,10868305.0,USD,7D,DefiLlama fees,https://api.llama.fi/summary/fees/canton?dataType=dailyFees,third_party,medium,7D Fees from the same DefiLlama fees response as the 30D figure.
2026-08-17,Uniswap,Uniswap V4,Spot,7D Fees,10580190.0,USD,7D,DefiLlama fees,https://api.llama.fi/summary/fees/uniswap-v4?dataType=dailyFees,third_party,high,7D Fees from the same DefiLlama fees response as the 30D figure.
2026-08-17,Hyperliquid,Hyperliquid Exchange,Derivatives,7D Fees,7957832.0,USD,7D,DefiLlama fees,https://api.llama.fi/summary/fees/hyperliquid?dataType=dailyFees,third_party,high,7D Fees from the same DefiLlama fees response as the 30D figure.
2026-08-17,Aave,Aave V3,Lending,7D Fees,7003201.0,USD,7D,DefiLlama fees,https://api.llama.fi/summary/fees/aave-v3?dataType=dailyFees,third_party,high,7D Fees from the same DefiLlama fees response as the 30D figure.
2026-08-17,Sky,Sky Lending,Lending,7D Fees,6371295.0,USD,7D,DefiLlama fees,https://api.llama.fi/summary/fees/sky-lending?dataType=dailyFees,third_party,high,7D Fees from the same DefiLlama fees response as the 30D figure.
2026-08-17,Uniswap,Uniswap V3,Spot,7D Fees,6360260.0,USD,7D,DefiLlama fees,https://api.llama.fi/summary/fees/uniswap-v3?dataType=dailyFees,third_party,high,7D Fees from the same DefiLlama fees response as the 30D figure.
2026-08-17,Morpho,Morpho Blue,Lending,7D Fees,3837185.0,USD,7D,DefiLlama fees,https://api.llama.fi/summary/fees/morpho-blue?dataType=dailyFees,third_party,high,7D Fees from the same DefiLlama fees response as the 30D figure.
2026-08-17,Ethena,Ethena USDe,Asset Management,7D Fees,3643443.92,USD,7D,DefiLlama fees,https://api.llama.fi/summary/fees/ethena-usde?dataType=dailyFees,third_party,high,7D Fees from the same DefiLlama fees response as the 30D figure.
2026-08-17,Maple,Maple Finance,Lending,7D Fees,3505799.0,USD,7D,DefiLlama fees,https://api.llama.fi/summary/fees/maple?dataType=dailyFees,third_party,high,7D Fees from the same DefiLlama fees response as the 30D figure.
2026-08-17,Ondo,Ondo Yield Assets,Tokenization,7D Fees,1810869.0,USD,7D,DefiLlama fees,https://api.llama.fi/summary/fees/ondo-yield-assets?dataType=dailyFees,third_party,high,7D Fees from the same DefiLlama fees response as the 30D figure.
2026-08-17,Centrifuge,Centrifuge,Tokenization,7D Fees,1455081.0,USD,7D,DefiLlama fees,https://api.llama.fi/summary/fees/centrifuge?dataType=dailyFees,third_party,high,7D Fees from the same DefiLlama fees response as the 30D figure.
2026-08-17,Aerodrome,Aerodrome V1,Spot,7D Fees,959787.0,USD,7D,DefiLlama fees,https://api.llama.fi/summary/fees/aerodrome?dataType=dailyFees,third_party,high,7D Fees from the same DefiLlama fees response as the 30D figure.
2026-08-17,EtherFi,EtherFi Cash,Asset Management,7D Fees,889691.0,USD,7D,DefiLlama fees,https://api.llama.fi/summary/fees/etherfi-cash-liquid?dataType=dailyFees,third_party,medium,7D Fees from the same DefiLlama fees response as the 30D figure.
2026-08-17,Aerodrome,Aerodrome Slipstream,Spot,7D Fees,798950.0,USD,7D,DefiLlama fees,https://api.llama.fi/summary/fees/aerodrome-slipstream?dataType=dailyFees,third_party,high,7D Fees from the same DefiLlama fees response as the 30D figure.
2026-08-17,Kamino,Kamino,Lending,7D Fees,783975.0,USD,7D,DefiLlama fees,https://api.llama.fi/summary/fees/kamino?dataType=dailyFees,third_party,high,7D Fees from the same DefiLlama fees response as the 30D figure.
2026-08-17,Jupiter,Jupiter Perpetual Exchange,Derivatives,7D Fees,762324.0,USD,7D,DefiLlama fees,https://api.llama.fi/summary/fees/jupiter-perpetual-exchange?dataType=dailyFees,third_party,medium,7D Fees from the same DefiLlama fees response as the 30D figure.
2026-08-17,Euler,Euler V2,Lending,7D Fees,490174.0,USD,7D,DefiLlama fees,https://api.llama.fi/summary/fees/euler-v2?dataType=dailyFees,third_party,high,7D Fees from the same DefiLlama fees response as the 30D figure.
2026-08-17,Curve,Curve Finance,Spot,7D Fees,395844.43,USD,7D,DefiLlama fees,https://api.llama.fi/summary/fees/curve-finance?dataType=dailyFees,third_party,high,7D Fees from the same DefiLlama fees response as the 30D figure.
2026-08-17,Pendle,Pendle,Derivatives,7D Fees,298521.0,USD,7D,DefiLlama fees,https://api.llama.fi/summary/fees/pendle?dataType=dailyFees,third_party,high,7D Fees from the same DefiLlama fees response as the 30D figure.
2026-08-17,Uniswap,Uniswap V2,Spot,7D Fees,295676.0,USD,7D,DefiLlama fees,https://api.llama.fi/summary/fees/uniswap-v2?dataType=dailyFees,third_party,high,7D Fees from the same DefiLlama fees response as the 30D figure.
2026-08-17,Hyperliquid,Hyperliquid Spot Orderbook,Derivatives,7D Fees,205424.0,USD,7D,DefiLlama fees,https://api.llama.fi/summary/fees/hyperliquid-spot-orderbook?dataType=dailyFees,third_party,medium,7D Fees from the same DefiLlama fees response as the 30D figure.
2026-08-17,Aave,Aave V4,Lending,7D Fees,69440.0,USD,7D,DefiLlama fees,https://api.llama.fi/summary/fees/aave-v4?dataType=dailyFees,third_party,medium,7D Fees from the same DefiLlama fees response as the 30D figure.
2026-08-17,Hyperliquid,Hyperliquid HLP,Derivatives,7D Fees,57816.0,USD,7D,DefiLlama fees,https://api.llama.fi/summary/fees/hyperliquid-hlp?dataType=dailyFees,third_party,medium,7D Fees from the same DefiLlama fees response as the 30D figure.
2026-08-17,Falcon,Falcon Finance,Asset Management,7D Fees,51832.0,USD,7D,DefiLlama fees,https://api.llama.fi/summary/fees/falcon-finance?dataType=dailyFees,third_party,medium,7D Fees from the same DefiLlama fees response as the 30D figure.
2026-08-17,LayerZero,LayerZero V2,Infra,7D Fees,13025.0,USD,7D,DefiLlama fees,https://api.llama.fi/summary/fees/layerzero?dataType=dailyFees,third_party,medium,7D Fees from the same DefiLlama fees response as the 30D figure.
2026-08-17,Pendle,Pendle Boros,Derivatives,7D Fees,5303.0,USD,7D,DefiLlama fees,https://api.llama.fi/summary/fees/boros?dataType=dailyFees,third_party,medium,7D Fees from the same DefiLlama fees response as the 30D figure.
2026-08-17,Canton,Canton Network,Infra,7D Revenue,10868305.0,USD,7D,DefiLlama fees,https://api.llama.fi/summary/fees/canton?dataType=dailyRevenue,third_party,medium,7D Revenue from the same DefiLlama fees response as the 30D figure.
2026-08-17,Hyperliquid,Hyperliquid Exchange,Derivatives,7D Revenue,5723630.0,USD,7D,DefiLlama fees,https://api.llama.fi/summary/fees/hyperliquid?dataType=dailyRevenue,third_party,high,7D Revenue from the same DefiLlama fees response as the 30D figure.
2026-08-17,Sky,Sky Lending,Lending,7D Revenue,3129833.0,USD,7D,DefiLlama fees,https://api.llama.fi/summary/fees/sky-lending?dataType=dailyRevenue,third_party,high,7D Revenue from the same DefiLlama fees response as the 30D figure.
2026-08-17,Uniswap,Uniswap V3,Spot,7D Revenue,1377352.0,USD,7D,DefiLlama fees,https://api.llama.fi/summary/fees/uniswap-v3?dataType=dailyRevenue,third_party,high,7D Revenue from the same DefiLlama fees response as the 30D figure.
2026-08-17,Aave,Aave V3,Lending,7D Revenue,959264.0,USD,7D,DefiLlama fees,https://api.llama.fi/summary/fees/aave-v3?dataType=dailyRevenue,third_party,high,7D Revenue from the same DefiLlama fees response as the 30D figure.
2026-08-17,Aerodrome,Aerodrome V1,Spot,7D Revenue,692967.0,USD,7D,DefiLlama fees,https://api.llama.fi/summary/fees/aerodrome?dataType=dailyRevenue,third_party,high,7D Revenue from the same DefiLlama fees response as the 30D figure.
2026-08-17,Aerodrome,Aerodrome Slipstream,Spot,7D Revenue,584503.0,USD,7D,DefiLlama fees,https://api.llama.fi/summary/fees/aerodrome-slipstream?dataType=dailyRevenue,third_party,high,7D Revenue from the same DefiLlama fees response as the 30D figure.
2026-08-17,Maple,Maple Finance,Lending,7D Revenue,410702.0,USD,7D,DefiLlama fees,https://api.llama.fi/summary/fees/maple?dataType=dailyRevenue,third_party,high,7D Revenue from the same DefiLlama fees response as the 30D figure.
2026-08-17,EtherFi,EtherFi Cash,Asset Management,7D Revenue,313340.0,USD,7D,DefiLlama fees,https://api.llama.fi/summary/fees/etherfi-cash-liquid?dataType=dailyRevenue,third_party,medium,7D Revenue from the same DefiLlama fees response as the 30D figure.
2026-08-17,Pendle,Pendle,Derivatives,7D Revenue,296632.0,USD,7D,DefiLlama fees,https://api.llama.fi/summary/fees/pendle?dataType=dailyRevenue,third_party,high,7D Revenue from the same DefiLlama fees response as the 30D figure.
2026-08-17,Jupiter,Jupiter Perpetual Exchange,Derivatives,7D Revenue,190582.0,USD,7D,DefiLlama fees,https://api.llama.fi/summary/fees/jupiter-perpetual-exchange?dataType=dailyRevenue,third_party,medium,7D Revenue from the same DefiLlama fees response as the 30D figure.
2026-08-17,Curve,Curve Finance,Spot,7D Revenue,165018.0,USD,7D,DefiLlama fees,https://api.llama.fi/summary/fees/curve-finance?dataType=dailyRevenue,third_party,high,7D Revenue from the same DefiLlama fees response as the 30D figure.
2026-08-17,Hyperliquid,Hyperliquid Spot Orderbook,Derivatives,7D Revenue,149426.0,USD,7D,DefiLlama fees,https://api.llama.fi/summary/fees/hyperliquid-spot-orderbook?dataType=dailyRevenue,third_party,medium,7D Revenue from the same DefiLlama fees response as the 30D figure.
2026-08-17,Centrifuge,Centrifuge,Tokenization,7D Revenue,112068.0,USD,7D,DefiLlama fees,https://api.llama.fi/summary/fees/centrifuge?dataType=dailyRevenue,third_party,high,7D Revenue from the same DefiLlama fees response as the 30D figure.
2026-08-17,Kamino,Kamino,Lending,7D Revenue,104867.0,USD,7D,DefiLlama fees,https://api.llama.fi/summary/fees/kamino?dataType=dailyRevenue,third_party,high,7D Revenue from the same DefiLlama fees response as the 30D figure.
2026-08-17,Euler,Euler V2,Lending,7D Revenue,16456.0,USD,7D,DefiLlama fees,https://api.llama.fi/summary/fees/euler-v2?dataType=dailyRevenue,third_party,high,7D Revenue from the same DefiLlama fees response as the 30D figure.
2026-08-17,Aave,Aave V4,Lending,7D Revenue,10821.0,USD,7D,DefiLlama fees,https://api.llama.fi/summary/fees/aave-v4?dataType=dailyRevenue,third_party,medium,7D Revenue from the same DefiLlama fees response as the 30D figure.
2026-08-17,Ethena,Ethena USDe,Asset Management,7D Revenue,5838.7,USD,7D,DefiLlama fees,https://api.llama.fi/summary/fees/ethena-usde?dataType=dailyRevenue,third_party,high,7D Revenue from the same DefiLlama fees response as the 30D figure.
2026-08-17,Pendle,Pendle Boros,Derivatives,7D Revenue,5300.0,USD,7D,DefiLlama fees,https://api.llama.fi/summary/fees/boros?dataType=dailyRevenue,third_party,medium,7D Revenue from the same DefiLlama fees response as the 30D figure.
2026-08-17,Hyperliquid,Hyperliquid Spot Orderbook,Derivatives,7D TVL Growth,7.3061,%,7D,DefiLlama protocol,https://api.llama.fi/protocols,third_party,medium,"Point-in-time TVL change over 7 days, precomputed by DefiLlama."
2026-08-17,EtherFi,EtherFi Cash,Asset Management,7D TVL Growth,6.5239,%,7D,DefiLlama protocol,https://api.llama.fi/protocols,third_party,medium,"Point-in-time TVL change over 7 days, precomputed by DefiLlama."
2026-08-17,Ethena,Ethena USDtb,Asset Management,7D TVL Growth,1.4721,%,7D,DefiLlama protocol,https://api.llama.fi/protocols,third_party,medium,"Point-in-time TVL change over 7 days, precomputed by DefiLlama."
2026-08-17,Aerodrome,Aerodrome Slipstream,Spot,7D TVL Growth,1.169,%,7D,DefiLlama protocol,https://api.llama.fi/protocols,third_party,high,"Point-in-time TVL change over 7 days, precomputed by DefiLlama."
2026-08-17,Jupiter,Jupiter Lend,Lending,7D TVL Growth,0.8989,%,7D,DefiLlama protocol,https://api.llama.fi/protocols,third_party,medium,"Point-in-time TVL change over 7 days, precomputed by DefiLlama."
2026-08-17,Morpho,Morpho Blue,Lending,7D TVL Growth,0.7916,%,7D,DefiLlama protocol,https://api.llama.fi/protocols,third_party,high,"Point-in-time TVL change over 7 days, precomputed by DefiLlama."
2026-08-17,Ethena,Ethena USDe,Asset Management,7D TVL Growth,0.6956,%,7D,DefiLlama protocol,https://api.llama.fi/protocols,third_party,high,"Point-in-time TVL change over 7 days, precomputed by DefiLlama."
2026-08-17,Ondo,Ondo Yield Assets,Tokenization,7D TVL Growth,0.1101,%,7D,DefiLlama protocol,https://api.llama.fi/protocols,third_party,high,"Point-in-time TVL change over 7 days, precomputed by DefiLlama."
2026-08-17,Ondo,Ondo Global Markets,Tokenization,7D TVL Growth,-0.0309,%,7D,DefiLlama protocol,https://api.llama.fi/protocols,third_party,medium,"Point-in-time TVL change over 7 days, precomputed by DefiLlama."
2026-08-17,Centrifuge,Centrifuge,Tokenization,7D TVL Growth,-0.1377,%,7D,DefiLlama protocol,https://api.llama.fi/protocols,third_party,high,"Point-in-time TVL change over 7 days, precomputed by DefiLlama."
2026-08-17,Pendle,Pendle,Derivatives,7D TVL Growth,-0.4564,%,7D,DefiLlama protocol,https://api.llama.fi/protocols,third_party,high,"Point-in-time TVL change over 7 days, precomputed by DefiLlama."
2026-08-17,Aave,Aave V3,Lending,7D TVL Growth,-0.6215,%,7D,DefiLlama protocol,https://api.llama.fi/protocols,third_party,high,"Point-in-time TVL change over 7 days, precomputed by DefiLlama."
2026-08-17,Aave,Aave V4,Lending,7D TVL Growth,-1.0443,%,7D,DefiLlama protocol,https://api.llama.fi/protocols,third_party,medium,"Point-in-time TVL change over 7 days, precomputed by DefiLlama."
2026-08-17,Uniswap,Uniswap V2,Spot,7D TVL Growth,-1.1724,%,7D,DefiLlama protocol,https://api.llama.fi/protocols,third_party,high,"Point-in-time TVL change over 7 days, precomputed by DefiLlama."
2026-08-17,Kamino,Kamino,Lending,7D TVL Growth,-1.5157,%,7D,DefiLlama protocol,https://api.llama.fi/protocols,third_party,high,"Point-in-time TVL change over 7 days, precomputed by DefiLlama."
2026-08-17,Maple,Maple Finance,Lending,7D TVL Growth,-1.5997,%,7D,DefiLlama protocol,https://api.llama.fi/protocols,third_party,high,"Point-in-time TVL change over 7 days, precomputed by DefiLlama."
2026-08-17,Sky,Sky Money,Asset Management,7D TVL Growth,-1.8279,%,7D,DefiLlama protocol,https://api.llama.fi/protocols,third_party,medium,"Point-in-time TVL change over 7 days, precomputed by DefiLlama."
2026-08-17,Jupiter,Jupiter Staked SOL,Asset Management,7D TVL Growth,-2.1165,%,7D,DefiLlama protocol,https://api.llama.fi/protocols,third_party,medium,"Point-in-time TVL change over 7 days, precomputed by DefiLlama."
2026-08-17,Euler,Euler V2,Lending,7D TVL Growth,-2.1273,%,7D,DefiLlama protocol,https://api.llama.fi/protocols,third_party,high,"Point-in-time TVL change over 7 days, precomputed by DefiLlama."
2026-08-17,Curve,Curve Finance,Spot,7D TVL Growth,-2.2187,%,7D,DefiLlama protocol,https://api.llama.fi/protocols,third_party,high,"Point-in-time TVL change over 7 days, precomputed by DefiLlama."
2026-08-17,Sky,Sky Lending,Lending,7D TVL Growth,-3.4234,%,7D,DefiLlama protocol,https://api.llama.fi/protocols,third_party,high,"Point-in-time TVL change over 7 days, precomputed by DefiLlama."
2026-08-17,Jupiter,Jupiter Perpetual Exchange,Derivatives,7D TVL Growth,-5.4977,%,7D,DefiLlama protocol,https://api.llama.fi/protocols,third_party,medium,"Point-in-time TVL change over 7 days, precomputed by DefiLlama."
2026-08-17,Uniswap,Uniswap V3,Spot,7D TVL Growth,-5.5996,%,7D,DefiLlama protocol,https://api.llama.fi/protocols,third_party,high,"Point-in-time TVL change over 7 days, precomputed by DefiLlama."
2026-08-17,Sky,Sky RWA,Tokenization,7D TVL Growth,-6.2773,%,7D,DefiLlama protocol,https://api.llama.fi/protocols,third_party,medium,"Point-in-time TVL change over 7 days, precomputed by DefiLlama."
2026-08-17,Falcon,Falcon Finance,Asset Management,7D TVL Growth,-6.4566,%,7D,DefiLlama protocol,https://api.llama.fi/protocols,third_party,medium,"Point-in-time TVL change over 7 days, precomputed by DefiLlama."
2026-08-17,Uniswap,Uniswap V4,Spot,7D TVL Growth,-8.1573,%,7D,DefiLlama protocol,https://api.llama.fi/protocols,third_party,high,"Point-in-time TVL change over 7 days, precomputed by DefiLlama."
2026-08-17,Aerodrome,Aerodrome V1,Spot,7D TVL Growth,-10.0746,%,7D,DefiLlama protocol,https://api.llama.fi/protocols,third_party,high,"Point-in-time TVL change over 7 days, precomputed by DefiLlama."
2026-08-17,Hyperliquid,Hyperliquid HLP,Derivatives,7D TVL Growth,-12.4323,%,7D,DefiLlama protocol,https://api.llama.fi/protocols,third_party,medium,"Point-in-time TVL change over 7 days, precomputed by DefiLlama."
2026-08-17,EtherFi,ETHFI token,Asset Management,7D Token Performance,25.2,%,7D,CoinGecko markets,"https://api.coingecko.com/api/v3/coins/markets?vs_currency=usd&ids=aave,aerodrome-finance,canton-network,centrifuge-2,curve-dao-token,ethena,ether-fi,euler,falcon-finance-ff,hyperliquid,jupiter-exchange-solana,kamino,layerzero,morpho,ondo-finance,pendle,sky,syrup,uniswap,virtual-protocol&order=market_cap_desc&per_page=250&page=1&sparkline=false&price_change_percentage=24h%2C7d%2C30d%2C1y",third_party,high,"Token price change; market sentiment, not product adoption."
2026-08-17,Maple,SYRUP token,Tokenization,7D Token Performance,8.9,%,7D,CoinGecko markets,"https://api.coingecko.com/api/v3/coins/markets?vs_currency=usd&ids=aave,aerodrome-finance,canton-network,centrifuge-2,curve-dao-token,ethena,ether-fi,euler,falcon-finance-ff,hyperliquid,jupiter-exchange-solana,kamino,layerzero,morpho,ondo-finance,pendle,sky,syrup,uniswap,virtual-protocol&order=market_cap_desc&per_page=250&page=1&sparkline=false&price_change_percentage=24h%2C7d%2C30d%2C1y",third_party,high,"Token price change; market sentiment, not product adoption."
2026-08-17,Hyperliquid,HYPE token,Derivatives,7D Token Performance,8.3,%,7D,CoinGecko markets,"https://api.coingecko.com/api/v3/coins/markets?vs_currency=usd&ids=aave,aerodrome-finance,canton-network,centrifuge-2,curve-dao-token,ethena,ether-fi,euler,falcon-finance-ff,hyperliquid,jupiter-exchange-solana,kamino,layerzero,morpho,ondo-finance,pendle,sky,syrup,uniswap,virtual-protocol&order=market_cap_desc&per_page=250&page=1&sparkline=false&price_change_percentage=24h%2C7d%2C30d%2C1y",third_party,high,"Token price change; market sentiment, not product adoption."
2026-08-17,Morpho,MORPHO token,Lending,7D Token Performance,6.2,%,7D,CoinGecko markets,"https://api.coingecko.com/api/v3/coins/markets?vs_currency=usd&ids=aave,aerodrome-finance,canton-network,centrifuge-2,curve-dao-token,ethena,ether-fi,euler,falcon-finance-ff,hyperliquid,jupiter-exchange-solana,kamino,layerzero,morpho,ondo-finance,pendle,sky,syrup,uniswap,virtual-protocol&order=market_cap_desc&per_page=250&page=1&sparkline=false&price_change_percentage=24h%2C7d%2C30d%2C1y",third_party,high,"Token price change; market sentiment, not product adoption."
2026-08-17,Curve,CRV token,Spot,7D Token Performance,2.1,%,7D,CoinGecko markets,"https://api.coingecko.com/api/v3/coins/markets?vs_currency=usd&ids=aave,aerodrome-finance,canton-network,centrifuge-2,curve-dao-token,ethena,ether-fi,euler,falcon-finance-ff,hyperliquid,jupiter-exchange-solana,kamino,layerzero,morpho,ondo-finance,pendle,sky,syrup,uniswap,virtual-protocol&order=market_cap_desc&per_page=250&page=1&sparkline=false&price_change_percentage=24h%2C7d%2C30d%2C1y",third_party,high,"Token price change; market sentiment, not product adoption."
2026-08-17,Falcon,FF token,Asset Management,7D Token Performance,1.4,%,7D,CoinGecko markets,"https://api.coingecko.com/api/v3/coins/markets?vs_currency=usd&ids=aave,aerodrome-finance,canton-network,centrifuge-2,curve-dao-token,ethena,ether-fi,euler,falcon-finance-ff,hyperliquid,jupiter-exchange-solana,kamino,layerzero,morpho,ondo-finance,pendle,sky,syrup,uniswap,virtual-protocol&order=market_cap_desc&per_page=250&page=1&sparkline=false&price_change_percentage=24h%2C7d%2C30d%2C1y",third_party,high,"Token price change; market sentiment, not product adoption."
2026-08-17,Kamino,KMNO token,Lending,7D Token Performance,-0.6,%,7D,CoinGecko markets,"https://api.coingecko.com/api/v3/coins/markets?vs_currency=usd&ids=aave,aerodrome-finance,canton-network,centrifuge-2,curve-dao-token,ethena,ether-fi,euler,falcon-finance-ff,hyperliquid,jupiter-exchange-solana,kamino,layerzero,morpho,ondo-finance,pendle,sky,syrup,uniswap,virtual-protocol&order=market_cap_desc&per_page=250&page=1&sparkline=false&price_change_percentage=24h%2C7d%2C30d%2C1y",third_party,high,"Token price change; market sentiment, not product adoption."
2026-08-17,Virtuals,VIRTUAL token,AI,7D Token Performance,-1.0,%,7D,CoinGecko markets,"https://api.coingecko.com/api/v3/coins/markets?vs_currency=usd&ids=aave,aerodrome-finance,canton-network,centrifuge-2,curve-dao-token,ethena,ether-fi,euler,falcon-finance-ff,hyperliquid,jupiter-exchange-solana,kamino,layerzero,morpho,ondo-finance,pendle,sky,syrup,uniswap,virtual-protocol&order=market_cap_desc&per_page=250&page=1&sparkline=false&price_change_percentage=24h%2C7d%2C30d%2C1y",third_party,high,"Token price change; market sentiment, not product adoption."
2026-08-17,Sky,SKY token,Lending,7D Token Performance,-1.9,%,7D,CoinGecko markets,"https://api.coingecko.com/api/v3/coins/markets?vs_currency=usd&ids=aave,aerodrome-finance,canton-network,centrifuge-2,curve-dao-token,ethena,ether-fi,euler,falcon-finance-ff,hyperliquid,jupiter-exchange-solana,kamino,layerzero,morpho,ondo-finance,pendle,sky,syrup,uniswap,virtual-protocol&order=market_cap_desc&per_page=250&page=1&sparkline=false&price_change_percentage=24h%2C7d%2C30d%2C1y",third_party,high,"Token price change; market sentiment, not product adoption."
2026-08-17,Aerodrome,AERO token,Spot,7D Token Performance,-2.3,%,7D,CoinGecko markets,"https://api.coingecko.com/api/v3/coins/markets?vs_currency=usd&ids=aave,aerodrome-finance,canton-network,centrifuge-2,curve-dao-token,ethena,ether-fi,euler,falcon-finance-ff,hyperliquid,jupiter-exchange-solana,kamino,layerzero,morpho,ondo-finance,pendle,sky,syrup,uniswap,virtual-protocol&order=market_cap_desc&per_page=250&page=1&sparkline=false&price_change_percentage=24h%2C7d%2C30d%2C1y",third_party,high,"Token price change; market sentiment, not product adoption."
2026-08-17,Canton,CC token,Infra,7D Token Performance,-2.9,%,7D,CoinGecko markets,"https://api.coingecko.com/api/v3/coins/markets?vs_currency=usd&ids=aave,aerodrome-finance,canton-network,centrifuge-2,curve-dao-token,ethena,ether-fi,euler,falcon-finance-ff,hyperliquid,jupiter-exchange-solana,kamino,layerzero,morpho,ondo-finance,pendle,sky,syrup,uniswap,virtual-protocol&order=market_cap_desc&per_page=250&page=1&sparkline=false&price_change_percentage=24h%2C7d%2C30d%2C1y",third_party,high,"Token price change; market sentiment, not product adoption."
2026-08-17,Euler,EUL token,Lending,7D Token Performance,-3.5,%,7D,CoinGecko markets,"https://api.coingecko.com/api/v3/coins/markets?vs_currency=usd&ids=aave,aerodrome-finance,canton-network,centrifuge-2,curve-dao-token,ethena,ether-fi,euler,falcon-finance-ff,hyperliquid,jupiter-exchange-solana,kamino,layerzero,morpho,ondo-finance,pendle,sky,syrup,uniswap,virtual-protocol&order=market_cap_desc&per_page=250&page=1&sparkline=false&price_change_percentage=24h%2C7d%2C30d%2C1y",third_party,high,"Token price change; market sentiment, not product adoption."
2026-08-17,Ondo,ONDO token,Tokenization,7D Token Performance,-4.0,%,7D,CoinGecko markets,"https://api.coingecko.com/api/v3/coins/markets?vs_currency=usd&ids=aave,aerodrome-finance,canton-network,centrifuge-2,curve-dao-token,ethena,ether-fi,euler,falcon-finance-ff,hyperliquid,jupiter-exchange-solana,kamino,layerzero,morpho,ondo-finance,pendle,sky,syrup,uniswap,virtual-protocol&order=market_cap_desc&per_page=250&page=1&sparkline=false&price_change_percentage=24h%2C7d%2C30d%2C1y",third_party,high,"Token price change; market sentiment, not product adoption."
2026-08-17,Centrifuge,CFG token,Tokenization,7D Token Performance,-4.7,%,7D,CoinGecko markets,"https://api.coingecko.com/api/v3/coins/markets?vs_currency=usd&ids=aave,aerodrome-finance,canton-network,centrifuge-2,curve-dao-token,ethena,ether-fi,euler,falcon-finance-ff,hyperliquid,jupiter-exchange-solana,kamino,layerzero,morpho,ondo-finance,pendle,sky,syrup,uniswap,virtual-protocol&order=market_cap_desc&per_page=250&page=1&sparkline=false&price_change_percentage=24h%2C7d%2C30d%2C1y",third_party,high,"Token price change; market sentiment, not product adoption."
2026-08-17,Aave,AAVE token,Lending,7D Token Performance,-6.6,%,7D,CoinGecko markets,"https://api.coingecko.com/api/v3/coins/markets?vs_currency=usd&ids=aave,aerodrome-finance,canton-network,centrifuge-2,curve-dao-token,ethena,ether-fi,euler,falcon-finance-ff,hyperliquid,jupiter-exchange-solana,kamino,layerzero,morpho,ondo-finance,pendle,sky,syrup,uniswap,virtual-protocol&order=market_cap_desc&per_page=250&page=1&sparkline=false&price_change_percentage=24h%2C7d%2C30d%2C1y",third_party,high,"Token price change; market sentiment, not product adoption."
2026-08-17,Pendle,PENDLE token,Derivatives,7D Token Performance,-6.6,%,7D,CoinGecko markets,"https://api.coingecko.com/api/v3/coins/markets?vs_currency=usd&ids=aave,aerodrome-finance,canton-network,centrifuge-2,curve-dao-token,ethena,ether-fi,euler,falcon-finance-ff,hyperliquid,jupiter-exchange-solana,kamino,layerzero,morpho,ondo-finance,pendle,sky,syrup,uniswap,virtual-protocol&order=market_cap_desc&per_page=250&page=1&sparkline=false&price_change_percentage=24h%2C7d%2C30d%2C1y",third_party,high,"Token price change; market sentiment, not product adoption."
2026-08-17,Jupiter,JUP token,Spot,7D Token Performance,-7.9,%,7D,CoinGecko markets,"https://api.coingecko.com/api/v3/coins/markets?vs_currency=usd&ids=aave,aerodrome-finance,canton-network,centrifuge-2,curve-dao-token,ethena,ether-fi,euler,falcon-finance-ff,hyperliquid,jupiter-exchange-solana,kamino,layerzero,morpho,ondo-finance,pendle,sky,syrup,uniswap,virtual-protocol&order=market_cap_desc&per_page=250&page=1&sparkline=false&price_change_percentage=24h%2C7d%2C30d%2C1y",third_party,high,"Token price change; market sentiment, not product adoption."
2026-08-17,Ethena,ENA token,Asset Management,7D Token Performance,-8.3,%,7D,CoinGecko markets,"https://api.coingecko.com/api/v3/coins/markets?vs_currency=usd&ids=aave,aerodrome-finance,canton-network,centrifuge-2,curve-dao-token,ethena,ether-fi,euler,falcon-finance-ff,hyperliquid,jupiter-exchange-solana,kamino,layerzero,morpho,ondo-finance,pendle,sky,syrup,uniswap,virtual-protocol&order=market_cap_desc&per_page=250&page=1&sparkline=false&price_change_percentage=24h%2C7d%2C30d%2C1y",third_party,high,"Token price change; market sentiment, not product adoption."
2026-08-17,LayerZero,ZRO token,Infra,7D Token Performance,-8.4,%,7D,CoinGecko markets,"https://api.coingecko.com/api/v3/coins/markets?vs_currency=usd&ids=aave,aerodrome-finance,canton-network,centrifuge-2,curve-dao-token,ethena,ether-fi,euler,falcon-finance-ff,hyperliquid,jupiter-exchange-solana,kamino,layerzero,morpho,ondo-finance,pendle,sky,syrup,uniswap,virtual-protocol&order=market_cap_desc&per_page=250&page=1&sparkline=false&price_change_percentage=24h%2C7d%2C30d%2C1y",third_party,high,"Token price change; market sentiment, not product adoption."
2026-08-17,Uniswap,UNI token,Spot,7D Token Performance,-18.9,%,7D,CoinGecko markets,"https://api.coingecko.com/api/v3/coins/markets?vs_currency=usd&ids=aave,aerodrome-finance,canton-network,centrifuge-2,curve-dao-token,ethena,ether-fi,euler,falcon-finance-ff,hyperliquid,jupiter-exchange-solana,kamino,layerzero,morpho,ondo-finance,pendle,sky,syrup,uniswap,virtual-protocol&order=market_cap_desc&per_page=250&page=1&sparkline=false&price_change_percentage=24h%2C7d%2C30d%2C1y",third_party,high,"Token price change; market sentiment, not product adoption."
2026-08-17,Ethena,Ethena sUSDe,Asset Management,Current APY,4.4355,%,current,DefiLlama yields,https://yields.llama.fi/pools,third_party,high,Current sUSDe staking APY from DefiLlama yields; methodology is pool-level.
2026-08-17,Sky,Sky sUSDS,Asset Management,Current APY,3.52,%,current,DefiLlama yields,https://yields.llama.fi/pools,third_party,medium,Current sUSDS APY from DefiLlama yields; methodology is pool-level.
2026-08-17,Hyperliquid,HYPE token,Derivatives,FDV,59756092189.0,USD,current,CoinGecko markets,"https://api.coingecko.com/api/v3/coins/markets?vs_currency=usd&ids=aave,aerodrome-finance,canton-network,centrifuge-2,curve-dao-token,ethena,ether-fi,euler,falcon-finance-ff,hyperliquid,jupiter-exchange-solana,kamino,layerzero,morpho,ondo-finance,pendle,sky,syrup,uniswap,virtual-protocol&order=market_cap_desc&per_page=250&page=1&sparkline=false&price_change_percentage=24h%2C7d%2C30d%2C1y",third_party,high,Token-level market metric from CoinGecko; do not treat as protocol/product usage.
2026-08-17,Canton,CC token,Infra,FDV,3731078986.0,USD,current,CoinGecko markets,"https://api.coingecko.com/api/v3/coins/markets?vs_currency=usd&ids=aave,aerodrome-finance,canton-network,centrifuge-2,curve-dao-token,ethena,ether-fi,euler,falcon-finance-ff,hyperliquid,jupiter-exchange-solana,kamino,layerzero,morpho,ondo-finance,pendle,sky,syrup,uniswap,virtual-protocol&order=market_cap_desc&per_page=250&page=1&sparkline=false&price_change_percentage=24h%2C7d%2C30d%2C1y",third_party,high,Token-level market metric from CoinGecko; do not treat as protocol/product usage.
2026-08-17,Ondo,ONDO token,Tokenization,FDV,3375233626.0,USD,current,CoinGecko markets,"https://api.coingecko.com/api/v3/coins/markets?vs_currency=usd&ids=aave,aerodrome-finance,canton-network,centrifuge-2,curve-dao-token,ethena,ether-fi,euler,falcon-finance-ff,hyperliquid,jupiter-exchange-solana,kamino,layerzero,morpho,ondo-finance,pendle,sky,syrup,uniswap,virtual-protocol&order=market_cap_desc&per_page=250&page=1&sparkline=false&price_change_percentage=24h%2C7d%2C30d%2C1y",third_party,high,Token-level market metric from CoinGecko; do not treat as protocol/product usage.
2026-08-17,Uniswap,UNI token,Spot,FDV,2939125756.0,USD,current,CoinGecko markets,"https://api.coingecko.com/api/v3/coins/markets?vs_currency=usd&ids=aave,aerodrome-finance,canton-network,centrifuge-2,curve-dao-token,ethena,ether-fi,euler,falcon-finance-ff,hyperliquid,jupiter-exchange-solana,kamino,layerzero,morpho,ondo-finance,pendle,sky,syrup,uniswap,virtual-protocol&order=market_cap_desc&per_page=250&page=1&sparkline=false&price_change_percentage=24h%2C7d%2C30d%2C1y",third_party,high,Token-level market metric from CoinGecko; do not treat as protocol/product usage.
2026-08-17,Morpho,MORPHO token,Lending,FDV,2100227283.0,USD,current,CoinGecko markets,"https://api.coingecko.com/api/v3/coins/markets?vs_currency=usd&ids=aave,aerodrome-finance,canton-network,centrifuge-2,curve-dao-token,ethena,ether-fi,euler,falcon-finance-ff,hyperliquid,jupiter-exchange-solana,kamino,layerzero,morpho,ondo-finance,pendle,sky,syrup,uniswap,virtual-protocol&order=market_cap_desc&per_page=250&page=1&sparkline=false&price_change_percentage=24h%2C7d%2C30d%2C1y",third_party,high,Token-level market metric from CoinGecko; do not treat as protocol/product usage.
2026-08-17,Aave,AAVE token,Lending,FDV,1384713784.0,USD,current,CoinGecko markets,"https://api.coingecko.com/api/v3/coins/markets?vs_currency=usd&ids=aave,aerodrome-finance,canton-network,centrifuge-2,curve-dao-token,ethena,ether-fi,euler,falcon-finance-ff,hyperliquid,jupiter-exchange-solana,kamino,layerzero,morpho,ondo-finance,pendle,sky,syrup,uniswap,virtual-protocol&order=market_cap_desc&per_page=250&page=1&sparkline=false&price_change_percentage=24h%2C7d%2C30d%2C1y",third_party,high,Token-level market metric from CoinGecko; do not treat as protocol/product usage.
2026-08-17,Ethena,ENA token,Asset Management,FDV,1255459604.0,USD,current,CoinGecko markets,"https://api.coingecko.com/api/v3/coins/markets?vs_currency=usd&ids=aave,aerodrome-finance,canton-network,centrifuge-2,curve-dao-token,ethena,ether-fi,euler,falcon-finance-ff,hyperliquid,jupiter-exchange-solana,kamino,layerzero,morpho,ondo-finance,pendle,sky,syrup,uniswap,virtual-protocol&order=market_cap_desc&per_page=250&page=1&sparkline=false&price_change_percentage=24h%2C7d%2C30d%2C1y",third_party,high,Token-level market metric from CoinGecko; do not treat as protocol/product usage.
2026-08-17,Sky,SKY token,Lending,FDV,1233102381.0,USD,current,CoinGecko markets,"https://api.coingecko.com/api/v3/coins/markets?vs_currency=usd&ids=aave,aerodrome-finance,canton-network,centrifuge-2,curve-dao-token,ethena,ether-fi,euler,falcon-finance-ff,hyperliquid,jupiter-exchange-solana,kamino,layerzero,morpho,ondo-finance,pendle,sky,syrup,uniswap,virtual-protocol&order=market_cap_desc&per_page=250&page=1&sparkline=false&price_change_percentage=24h%2C7d%2C30d%2C1y",third_party,high,Token-level market metric from CoinGecko; do not treat as protocol/product usage.
2026-08-17,Jupiter,JUP token,Spot,FDV,1163279858.0,USD,current,CoinGecko markets,"https://api.coingecko.com/api/v3/coins/markets?vs_currency=usd&ids=aave,aerodrome-finance,canton-network,centrifuge-2,curve-dao-token,ethena,ether-fi,euler,falcon-finance-ff,hyperliquid,jupiter-exchange-solana,kamino,layerzero,morpho,ondo-finance,pendle,sky,syrup,uniswap,virtual-protocol&order=market_cap_desc&per_page=250&page=1&sparkline=false&price_change_percentage=24h%2C7d%2C30d%2C1y",third_party,high,Token-level market metric from CoinGecko; do not treat as protocol/product usage.
2026-08-17,Aerodrome,AERO token,Spot,FDV,806748843.0,USD,current,CoinGecko markets,"https://api.coingecko.com/api/v3/coins/markets?vs_currency=usd&ids=aave,aerodrome-finance,canton-network,centrifuge-2,curve-dao-token,ethena,ether-fi,euler,falcon-finance-ff,hyperliquid,jupiter-exchange-solana,kamino,layerzero,morpho,ondo-finance,pendle,sky,syrup,uniswap,virtual-protocol&order=market_cap_desc&per_page=250&page=1&sparkline=false&price_change_percentage=24h%2C7d%2C30d%2C1y",third_party,high,Token-level market metric from CoinGecko; do not treat as protocol/product usage.
2026-08-17,LayerZero,ZRO token,Infra,FDV,795042328.0,USD,current,CoinGecko markets,"https://api.coingecko.com/api/v3/coins/markets?vs_currency=usd&ids=aave,aerodrome-finance,canton-network,centrifuge-2,curve-dao-token,ethena,ether-fi,euler,falcon-finance-ff,hyperliquid,jupiter-exchange-solana,kamino,layerzero,morpho,ondo-finance,pendle,sky,syrup,uniswap,virtual-protocol&order=market_cap_desc&per_page=250&page=1&sparkline=false&price_change_percentage=24h%2C7d%2C30d%2C1y",third_party,high,Token-level market metric from CoinGecko; do not treat as protocol/product usage.
2026-08-17,Falcon,FF token,Asset Management,FDV,646937493.0,USD,current,CoinGecko markets,"https://api.coingecko.com/api/v3/coins/markets?vs_currency=usd&ids=aave,aerodrome-finance,canton-network,centrifuge-2,curve-dao-token,ethena,ether-fi,euler,falcon-finance-ff,hyperliquid,jupiter-exchange-solana,kamino,layerzero,morpho,ondo-finance,pendle,sky,syrup,uniswap,virtual-protocol&order=market_cap_desc&per_page=250&page=1&sparkline=false&price_change_percentage=24h%2C7d%2C30d%2C1y",third_party,high,Token-level market metric from CoinGecko; do not treat as protocol/product usage.
2026-08-17,Curve,CRV token,Spot,FDV,591391367.0,USD,current,CoinGecko markets,"https://api.coingecko.com/api/v3/coins/markets?vs_currency=usd&ids=aave,aerodrome-finance,canton-network,centrifuge-2,curve-dao-token,ethena,ether-fi,euler,falcon-finance-ff,hyperliquid,jupiter-exchange-solana,kamino,layerzero,morpho,ondo-finance,pendle,sky,syrup,uniswap,virtual-protocol&order=market_cap_desc&per_page=250&page=1&sparkline=false&price_change_percentage=24h%2C7d%2C30d%2C1y",third_party,high,Token-level market metric from CoinGecko; do not treat as protocol/product usage.
2026-08-17,Virtuals,VIRTUAL token,AI,FDV,562524823.0,USD,current,CoinGecko markets,"https://api.coingecko.com/api/v3/coins/markets?vs_currency=usd&ids=aave,aerodrome-finance,canton-network,centrifuge-2,curve-dao-token,ethena,ether-fi,euler,falcon-finance-ff,hyperliquid,jupiter-exchange-solana,kamino,layerzero,morpho,ondo-finance,pendle,sky,syrup,uniswap,virtual-protocol&order=market_cap_desc&per_page=250&page=1&sparkline=false&price_change_percentage=24h%2C7d%2C30d%2C1y",third_party,high,Token-level market metric from CoinGecko; do not treat as protocol/product usage.
2026-08-17,EtherFi,ETHFI token,Asset Management,FDV,501348174.0,USD,current,CoinGecko markets,"https://api.coingecko.com/api/v3/coins/markets?vs_currency=usd&ids=aave,aerodrome-finance,canton-network,centrifuge-2,curve-dao-token,ethena,ether-fi,euler,falcon-finance-ff,hyperliquid,jupiter-exchange-solana,kamino,layerzero,morpho,ondo-finance,pendle,sky,syrup,uniswap,virtual-protocol&order=market_cap_desc&per_page=250&page=1&sparkline=false&price_change_percentage=24h%2C7d%2C30d%2C1y",third_party,high,Token-level market metric from CoinGecko; do not treat as protocol/product usage.
2026-08-17,Pendle,PENDLE token,Derivatives,FDV,363115905.0,USD,current,CoinGecko markets,"https://api.coingecko.com/api/v3/coins/markets?vs_currency=usd&ids=aave,aerodrome-finance,canton-network,centrifuge-2,curve-dao-token,ethena,ether-fi,euler,falcon-finance-ff,hyperliquid,jupiter-exchange-solana,kamino,layerzero,morpho,ondo-finance,pendle,sky,syrup,uniswap,virtual-protocol&order=market_cap_desc&per_page=250&page=1&sparkline=false&price_change_percentage=24h%2C7d%2C30d%2C1y",third_party,high,Token-level market metric from CoinGecko; do not treat as protocol/product usage.
2026-08-17,Maple,SYRUP token,Tokenization,FDV,205112058.0,USD,current,CoinGecko markets,"https://api.coingecko.com/api/v3/coins/markets?vs_currency=usd&ids=aave,aerodrome-finance,canton-network,centrifuge-2,curve-dao-token,ethena,ether-fi,euler,falcon-finance-ff,hyperliquid,jupiter-exchange-solana,kamino,layerzero,morpho,ondo-finance,pendle,sky,syrup,uniswap,virtual-protocol&order=market_cap_desc&per_page=250&page=1&sparkline=false&price_change_percentage=24h%2C7d%2C30d%2C1y",third_party,high,Token-level market metric from CoinGecko; do not treat as protocol/product usage.
2026-08-17,Kamino,KMNO token,Lending,FDV,179248557.0,USD,current,CoinGecko markets,"https://api.coingecko.com/api/v3/coins/markets?vs_currency=usd&ids=aave,aerodrome-finance,canton-network,centrifuge-2,curve-dao-token,ethena,ether-fi,euler,falcon-finance-ff,hyperliquid,jupiter-exchange-solana,kamino,layerzero,morpho,ondo-finance,pendle,sky,syrup,uniswap,virtual-protocol&order=market_cap_desc&per_page=250&page=1&sparkline=false&price_change_percentage=24h%2C7d%2C30d%2C1y",third_party,high,Token-level market metric from CoinGecko; do not treat as protocol/product usage.
2026-08-17,Centrifuge,CFG token,Tokenization,FDV,108508811.0,USD,current,CoinGecko markets,"https://api.coingecko.com/api/v3/coins/markets?vs_currency=usd&ids=aave,aerodrome-finance,canton-network,centrifuge-2,curve-dao-token,ethena,ether-fi,euler,falcon-finance-ff,hyperliquid,jupiter-exchange-solana,kamino,layerzero,morpho,ondo-finance,pendle,sky,syrup,uniswap,virtual-protocol&order=market_cap_desc&per_page=250&page=1&sparkline=false&price_change_percentage=24h%2C7d%2C30d%2C1y",third_party,high,Token-level market metric from CoinGecko; do not treat as protocol/product usage.
2026-08-17,Euler,EUL token,Lending,FDV,31411826.0,USD,current,CoinGecko markets,"https://api.coingecko.com/api/v3/coins/markets?vs_currency=usd&ids=aave,aerodrome-finance,canton-network,centrifuge-2,curve-dao-token,ethena,ether-fi,euler,falcon-finance-ff,hyperliquid,jupiter-exchange-solana,kamino,layerzero,morpho,ondo-finance,pendle,sky,syrup,uniswap,virtual-protocol&order=market_cap_desc&per_page=250&page=1&sparkline=false&price_change_percentage=24h%2C7d%2C30d%2C1y",third_party,high,Token-level market metric from CoinGecko; do not treat as protocol/product usage.
2026-08-17,Hyperliquid,HYPE token,Derivatives,Market Cap,13294677421.0,USD,current,CoinGecko markets,"https://api.coingecko.com/api/v3/coins/markets?vs_currency=usd&ids=aave,aerodrome-finance,canton-network,centrifuge-2,curve-dao-token,ethena,ether-fi,euler,falcon-finance-ff,hyperliquid,jupiter-exchange-solana,kamino,layerzero,morpho,ondo-finance,pendle,sky,syrup,uniswap,virtual-protocol&order=market_cap_desc&per_page=250&page=1&sparkline=false&price_change_percentage=24h%2C7d%2C30d%2C1y",third_party,high,Token-level market metric from CoinGecko; do not treat as protocol/product usage.
2026-08-17,Canton,CC token,Infra,Market Cap,3731078986.0,USD,current,CoinGecko markets,"https://api.coingecko.com/api/v3/coins/markets?vs_currency=usd&ids=aave,aerodrome-finance,canton-network,centrifuge-2,curve-dao-token,ethena,ether-fi,euler,falcon-finance-ff,hyperliquid,jupiter-exchange-solana,kamino,layerzero,morpho,ondo-finance,pendle,sky,syrup,uniswap,virtual-protocol&order=market_cap_desc&per_page=250&page=1&sparkline=false&price_change_percentage=24h%2C7d%2C30d%2C1y",third_party,high,Token-level market metric from CoinGecko; do not treat as protocol/product usage.
2026-08-17,Uniswap,UNI token,Spot,Market Cap,2057787494.0,USD,current,CoinGecko markets,"https://api.coingecko.com/api/v3/coins/markets?vs_currency=usd&ids=aave,aerodrome-finance,canton-network,centrifuge-2,curve-dao-token,ethena,ether-fi,euler,falcon-finance-ff,hyperliquid,jupiter-exchange-solana,kamino,layerzero,morpho,ondo-finance,pendle,sky,syrup,uniswap,virtual-protocol&order=market_cap_desc&per_page=250&page=1&sparkline=false&price_change_percentage=24h%2C7d%2C30d%2C1y",third_party,high,Token-level market metric from CoinGecko; do not treat as protocol/product usage.
2026-08-17,Ondo,ONDO token,Tokenization,Market Cap,1643512854.0,USD,current,CoinGecko markets,"https://api.coingecko.com/api/v3/coins/markets?vs_currency=usd&ids=aave,aerodrome-finance,canton-network,centrifuge-2,curve-dao-token,ethena,ether-fi,euler,falcon-finance-ff,hyperliquid,jupiter-exchange-solana,kamino,layerzero,morpho,ondo-finance,pendle,sky,syrup,uniswap,virtual-protocol&order=market_cap_desc&per_page=250&page=1&sparkline=false&price_change_percentage=24h%2C7d%2C30d%2C1y",third_party,high,Token-level market metric from CoinGecko; do not treat as protocol/product usage.
2026-08-17,Morpho,MORPHO token,Lending,Market Cap,1378948823.0,USD,current,CoinGecko markets,"https://api.coingecko.com/api/v3/coins/markets?vs_currency=usd&ids=aave,aerodrome-finance,canton-network,centrifuge-2,curve-dao-token,ethena,ether-fi,euler,falcon-finance-ff,hyperliquid,jupiter-exchange-solana,kamino,layerzero,morpho,ondo-finance,pendle,sky,syrup,uniswap,virtual-protocol&order=market_cap_desc&per_page=250&page=1&sparkline=false&price_change_percentage=24h%2C7d%2C30d%2C1y",third_party,high,Token-level market metric from CoinGecko; do not treat as protocol/product usage.
2026-08-17,Aave,AAVE token,Lending,Market Cap,1334760045.0,USD,current,CoinGecko markets,"https://api.coingecko.com/api/v3/coins/markets?vs_currency=usd&ids=aave,aerodrome-finance,canton-network,centrifuge-2,curve-dao-token,ethena,ether-fi,euler,falcon-finance-ff,hyperliquid,jupiter-exchange-solana,kamino,layerzero,morpho,ondo-finance,pendle,sky,syrup,uniswap,virtual-protocol&order=market_cap_desc&per_page=250&page=1&sparkline=false&price_change_percentage=24h%2C7d%2C30d%2C1y",third_party,high,Token-level market metric from CoinGecko; do not treat as protocol/product usage.
2026-08-17,Sky,SKY token,Lending,Market Cap,1230192109.0,USD,current,CoinGecko markets,"https://api.coingecko.com/api/v3/coins/markets?vs_currency=usd&ids=aave,aerodrome-finance,canton-network,centrifuge-2,curve-dao-token,ethena,ether-fi,euler,falcon-finance-ff,hyperliquid,jupiter-exchange-solana,kamino,layerzero,morpho,ondo-finance,pendle,sky,syrup,uniswap,virtual-protocol&order=market_cap_desc&per_page=250&page=1&sparkline=false&price_change_percentage=24h%2C7d%2C30d%2C1y",third_party,high,Token-level market metric from CoinGecko; do not treat as protocol/product usage.
2026-08-17,Ethena,ENA token,Asset Management,Market Cap,822587594.0,USD,current,CoinGecko markets,"https://api.coingecko.com/api/v3/coins/markets?vs_currency=usd&ids=aave,aerodrome-finance,canton-network,centrifuge-2,curve-dao-token,ethena,ether-fi,euler,falcon-finance-ff,hyperliquid,jupiter-exchange-solana,kamino,layerzero,morpho,ondo-finance,pendle,sky,syrup,uniswap,virtual-protocol&order=market_cap_desc&per_page=250&page=1&sparkline=false&price_change_percentage=24h%2C7d%2C30d%2C1y",third_party,high,Token-level market metric from CoinGecko; do not treat as protocol/product usage.
2026-08-17,Jupiter,JUP token,Spot,Market Cap,562840346.0,USD,current,CoinGecko markets,"https://api.coingecko.com/api/v3/coins/markets?vs_currency=usd&ids=aave,aerodrome-finance,canton-network,centrifuge-2,curve-dao-token,ethena,ether-fi,euler,falcon-finance-ff,hyperliquid,jupiter-exchange-solana,kamino,layerzero,morpho,ondo-finance,pendle,sky,syrup,uniswap,virtual-protocol&order=market_cap_desc&per_page=250&page=1&sparkline=false&price_change_percentage=24h%2C7d%2C30d%2C1y",third_party,high,Token-level market metric from CoinGecko; do not treat as protocol/product usage.
2026-08-17,EtherFi,ETHFI token,Asset Management,Market Cap,511205352.0,USD,current,CoinGecko markets,"https://api.coingecko.com/api/v3/coins/markets?vs_currency=usd&ids=aave,aerodrome-finance,canton-network,centrifuge-2,curve-dao-token,ethena,ether-fi,euler,falcon-finance-ff,hyperliquid,jupiter-exchange-solana,kamino,layerzero,morpho,ondo-finance,pendle,sky,syrup,uniswap,virtual-protocol&order=market_cap_desc&per_page=250&page=1&sparkline=false&price_change_percentage=24h%2C7d%2C30d%2C1y",third_party,high,Token-level market metric from CoinGecko; do not treat as protocol/product usage.
2026-08-17,Aerodrome,AERO token,Spot,Market Cap,402265087.0,USD,current,CoinGecko markets,"https://api.coingecko.com/api/v3/coins/markets?vs_currency=usd&ids=aave,aerodrome-finance,canton-network,centrifuge-2,curve-dao-token,ethena,ether-fi,euler,falcon-finance-ff,hyperliquid,jupiter-exchange-solana,kamino,layerzero,morpho,ondo-finance,pendle,sky,syrup,uniswap,virtual-protocol&order=market_cap_desc&per_page=250&page=1&sparkline=false&price_change_percentage=24h%2C7d%2C30d%2C1y",third_party,high,Token-level market metric from CoinGecko; do not treat as protocol/product usage.
2026-08-17,Curve,CRV token,Spot,Market Cap,379896372.0,USD,current,CoinGecko markets,"https://api.coingecko.com/api/v3/coins/markets?vs_currency=usd&ids=aave,aerodrome-finance,canton-network,centrifuge-2,curve-dao-token,ethena,ether-fi,euler,falcon-finance-ff,hyperliquid,jupiter-exchange-solana,kamino,layerzero,morpho,ondo-finance,pendle,sky,syrup,uniswap,virtual-protocol&order=market_cap_desc&per_page=250&page=1&sparkline=false&price_change_percentage=24h%2C7d%2C30d%2C1y",third_party,high,Token-level market metric from CoinGecko; do not treat as protocol/product usage.
2026-08-17,Virtuals,VIRTUAL token,AI,Market Cap,370091200.0,USD,current,CoinGecko markets,"https://api.coingecko.com/api/v3/coins/markets?vs_currency=usd&ids=aave,aerodrome-finance,canton-network,centrifuge-2,curve-dao-token,ethena,ether-fi,euler,falcon-finance-ff,hyperliquid,jupiter-exchange-solana,kamino,layerzero,morpho,ondo-finance,pendle,sky,syrup,uniswap,virtual-protocol&order=market_cap_desc&per_page=250&page=1&sparkline=false&price_change_percentage=24h%2C7d%2C30d%2C1y",third_party,high,Token-level market metric from CoinGecko; do not treat as protocol/product usage.
2026-08-17,LayerZero,ZRO token,Infra,Market Cap,280899049.0,USD,current,CoinGecko markets,"https://api.coingecko.com/api/v3/coins/markets?vs_currency=usd&ids=aave,aerodrome-finance,canton-network,centrifuge-2,curve-dao-token,ethena,ether-fi,euler,falcon-finance-ff,hyperliquid,jupiter-exchange-solana,kamino,layerzero,morpho,ondo-finance,pendle,sky,syrup,uniswap,virtual-protocol&order=market_cap_desc&per_page=250&page=1&sparkline=false&price_change_percentage=24h%2C7d%2C30d%2C1y",third_party,high,Token-level market metric from CoinGecko; do not treat as protocol/product usage.
2026-08-17,Pendle,PENDLE token,Derivatives,Market Cap,222050807.0,USD,current,CoinGecko markets,"https://api.coingecko.com/api/v3/coins/markets?vs_currency=usd&ids=aave,aerodrome-finance,canton-network,centrifuge-2,curve-dao-token,ethena,ether-fi,euler,falcon-finance-ff,hyperliquid,jupiter-exchange-solana,kamino,layerzero,morpho,ondo-finance,pendle,sky,syrup,uniswap,virtual-protocol&order=market_cap_desc&per_page=250&page=1&sparkline=false&price_change_percentage=24h%2C7d%2C30d%2C1y",third_party,high,Token-level market metric from CoinGecko; do not treat as protocol/product usage.
2026-08-17,Falcon,FF token,Asset Management,Market Cap,198286342.0,USD,current,CoinGecko markets,"https://api.coingecko.com/api/v3/coins/markets?vs_currency=usd&ids=aave,aerodrome-finance,canton-network,centrifuge-2,curve-dao-token,ethena,ether-fi,euler,falcon-finance-ff,hyperliquid,jupiter-exchange-solana,kamino,layerzero,morpho,ondo-finance,pendle,sky,syrup,uniswap,virtual-protocol&order=market_cap_desc&per_page=250&page=1&sparkline=false&price_change_percentage=24h%2C7d%2C30d%2C1y",third_party,high,Token-level market metric from CoinGecko; do not treat as protocol/product usage.
2026-08-17,Maple,SYRUP token,Tokenization,Market Cap,192342114.0,USD,current,CoinGecko markets,"https://api.coingecko.com/api/v3/coins/markets?vs_currency=usd&ids=aave,aerodrome-finance,canton-network,centrifuge-2,curve-dao-token,ethena,ether-fi,euler,falcon-finance-ff,hyperliquid,jupiter-exchange-solana,kamino,layerzero,morpho,ondo-finance,pendle,sky,syrup,uniswap,virtual-protocol&order=market_cap_desc&per_page=250&page=1&sparkline=false&price_change_percentage=24h%2C7d%2C30d%2C1y",third_party,high,Token-level market metric from CoinGecko; do not treat as protocol/product usage.
2026-08-17,Kamino,KMNO token,Lending,Market Cap,95247695.0,USD,current,CoinGecko markets,"https://api.coingecko.com/api/v3/coins/markets?vs_currency=usd&ids=aave,aerodrome-finance,canton-network,centrifuge-2,curve-dao-token,ethena,ether-fi,euler,falcon-finance-ff,hyperliquid,jupiter-exchange-solana,kamino,layerzero,morpho,ondo-finance,pendle,sky,syrup,uniswap,virtual-protocol&order=market_cap_desc&per_page=250&page=1&sparkline=false&price_change_percentage=24h%2C7d%2C30d%2C1y",third_party,high,Token-level market metric from CoinGecko; do not treat as protocol/product usage.
2026-08-17,Centrifuge,CFG token,Tokenization,Market Cap,60698555.0,USD,current,CoinGecko markets,"https://api.coingecko.com/api/v3/coins/markets?vs_currency=usd&ids=aave,aerodrome-finance,canton-network,centrifuge-2,curve-dao-token,ethena,ether-fi,euler,falcon-finance-ff,hyperliquid,jupiter-exchange-solana,kamino,layerzero,morpho,ondo-finance,pendle,sky,syrup,uniswap,virtual-protocol&order=market_cap_desc&per_page=250&page=1&sparkline=false&price_change_percentage=24h%2C7d%2C30d%2C1y",third_party,high,Token-level market metric from CoinGecko; do not treat as protocol/product usage.
2026-08-17,Euler,EUL token,Lending,Market Cap,27751161.0,USD,current,CoinGecko markets,"https://api.coingecko.com/api/v3/coins/markets?vs_currency=usd&ids=aave,aerodrome-finance,canton-network,centrifuge-2,curve-dao-token,ethena,ether-fi,euler,falcon-finance-ff,hyperliquid,jupiter-exchange-solana,kamino,layerzero,morpho,ondo-finance,pendle,sky,syrup,uniswap,virtual-protocol&order=market_cap_desc&per_page=250&page=1&sparkline=false&price_change_percentage=24h%2C7d%2C30d%2C1y",third_party,high,Token-level market metric from CoinGecko; do not treat as protocol/product usage.
2026-08-17,Aave,Aave V3,Lending,Outstanding Borrows,11106161418.08,USD,current,DefiLlama protocol,https://api.llama.fi/protocol/aave-v3,third_party,high,Outstanding borrows (current stock) from DefiLlama borrowed TVL; not daily new-borrow flow.
2026-08-17,Morpho,Morpho Blue,Lending,Outstanding Borrows,4457407411.13,USD,current,DefiLlama protocol,https://api.llama.fi/protocol/morpho-blue,third_party,high,Outstanding borrows (current stock) from DefiLlama borrowed TVL; not daily new-borrow flow.
2026-08-17,Maple,Maple Finance,Lending,Outstanding Borrows,1892701721.29,USD,current,DefiLlama protocol,https://api.llama.fi/protocol/maple,third_party,medium,Outstanding borrows (current stock) from DefiLlama borrowed TVL; institutional credit pools.
2026-08-17,Kamino,Kamino,Lending,Outstanding Borrows,927963406.51,USD,current,DefiLlama protocol,https://api.llama.fi/protocol/kamino-lend,third_party,high,Outstanding borrows (current stock) from DefiLlama borrowed TVL; Solana lending pools.
2026-08-17,Jupiter,Jupiter Lend,Lending,Outstanding Borrows,854583251.27,USD,current,DefiLlama protocol,https://api.llama.fi/protocol/jupiter-lend,third_party,medium,Outstanding borrows (current stock) from DefiLlama borrowed TVL; not daily new-borrow flow.
2026-08-17,Euler,Euler V2,Lending,Outstanding Borrows,589829547.47,USD,current,DefiLlama protocol,https://api.llama.fi/protocol/euler-v2,third_party,high,Outstanding borrows (current stock) from DefiLlama borrowed TVL; not daily new-borrow flow.
2026-08-17,Curve,Curve Finance,Spot,Outstanding Borrows,46193253.0,USD,current,DefiLlama protocol,https://api.llama.fi/protocol/curve-finance,third_party,medium,Outstanding borrows (current stock) from DefiLlama borrowed TVL; crvUSD lending markets. (Ian: include Curve in borrows.)
2026-08-17,Sky,Sky USDS,Asset Management,Stablecoin Supply,6699185572.46,USD,current,DefiLlama stablecoins,https://stablecoins.llama.fi/stablecoins,third_party,high,"Circulating stablecoin supply; product metric, not token market cap."
2026-08-17,Ethena,Ethena USDe,Asset Management,Stablecoin Supply,3954388919.09,USD,current,DefiLlama stablecoins,https://stablecoins.llama.fi/stablecoins,third_party,high,"Circulating stablecoin supply; product metric, not token market cap."
2026-08-17,Ondo,Ondo USDY,Tokenization,Stablecoin Supply,2144209159.54,USD,current,DefiLlama stablecoins,https://stablecoins.llama.fi/stablecoins,third_party,high,Tokenized yield-asset supply via DefiLlama stablecoins.
2026-08-17,Falcon,Falcon USDf,Asset Management,Stablecoin Supply,1173323528.38,USD,current,DefiLlama stablecoins,https://stablecoins.llama.fi/stablecoins,third_party,medium,Circulating stablecoin supply; reserve attestations need separate review.
2026-08-17,Sky,Sky USDS,Asset Management,Stablecoin Supply,18040129.4,USD,current,DefiLlama stablecoins,https://stablecoins.llama.fi/stablecoins,third_party,high,"Circulating stablecoin supply; product metric, not token market cap."
2026-08-17,Sky,Sky USDS,Asset Management,Stablecoin Supply,513476.63,USD,current,DefiLlama stablecoins,https://stablecoins.llama.fi/stablecoins,third_party,high,"Circulating stablecoin supply; product metric, not token market cap."
2026-08-17,Sky,Sky USDS,Asset Management,Stablecoin Supply,100769.65,USD,current,DefiLlama stablecoins,https://stablecoins.llama.fi/stablecoins,third_party,high,"Circulating stablecoin supply; product metric, not token market cap."
2026-08-17,Sky,Sky USDS,Asset Management,Stablecoin Supply,97219.58,USD,current,DefiLlama stablecoins,https://stablecoins.llama.fi/stablecoins,third_party,high,"Circulating stablecoin supply; product metric, not token market cap."
2026-08-17,Aave,Aave V3,Lending,TVL,14204694819.56,USD,current,DefiLlama protocol,https://api.llama.fi/protocol/aave-v3,third_party,high,Primary Aave MVP lending record.
2026-08-17,Morpho,Morpho Blue,Lending,TVL,8029921346.6,USD,current,DefiLlama protocol,https://api.llama.fi/protocol/morpho-blue,third_party,high,Curator data needs Morpho-native or Dune source.
2026-08-17,Sky,Sky Lending,Lending,TVL,5459747781.38,USD,current,DefiLlama protocol,https://api.llama.fi/protocol/sky-lending,third_party,high,Lending/CDP record; APY and Agent metrics need native source checks.
2026-08-17,Ethena,Ethena USDe,Asset Management,TVL,3954462867.98,USD,current,DefiLlama protocol,https://api.llama.fi/protocol/ethena-usde,third_party,high,USDe-specific record; reserves and APY need native source checks.
2026-08-17,Ondo,Ondo Yield Assets,Tokenization,TVL,2520415486.34,USD,current,DefiLlama protocol,https://api.llama.fi/protocol/ondo-yield-assets,third_party,high,Good tokenized-assets starter record.
2026-08-17,Maple,Maple Finance,Lending,TVL,2428726380.64,USD,current,DefiLlama protocol,https://api.llama.fi/protocol/maple,third_party,high,Maple institutional lending TVL and fees; syrup stablecoin products tracked via stablecoins endpoint.
2026-08-17,Centrifuge,Centrifuge,Tokenization,TVL,1635866883.16,USD,current,DefiLlama protocol,https://api.llama.fi/protocol/centrifuge-protocol,third_party,high,Centrifuge RWA tokenization TVL and fees; asset-class detail needs RWA.xyz source.
2026-08-17,Uniswap,Uniswap V3,Spot,TVL,1333768014.63,USD,current,DefiLlama protocol,https://api.llama.fi/protocol/uniswap-v3,third_party,high,Version-specific record; do not silently blend with V2/V4.
2026-08-17,Curve,Curve Finance,Spot,TVL,1270230224.22,USD,current,DefiLlama protocol,https://api.llama.fi/protocol/curve-dex,third_party,high,"Curve DEX TVL, fees, and volume; active users via Dune dex.trades."
2026-08-17,Pendle,Pendle,Derivatives,TVL,1174452509.78,USD,current,DefiLlama protocol,https://api.llama.fi/protocol/pendle,third_party,high,PT/YT volume and vePENDLE yield require separate source discovery.
2026-08-17,Falcon,Falcon Finance,Asset Management,TVL,1173285154.67,USD,current,DefiLlama protocol,https://api.llama.fi/protocol/falcon-finance,third_party,medium,Falcon Finance USDf/sUSDf TVL and fees; sUSDf APY needs native source.
2026-08-17,Kamino,Kamino,Lending,TVL,1043362978.67,USD,current,DefiLlama protocol,https://api.llama.fi/protocol/kamino-lend,third_party,high,Kamino Solana lending TVL and fees; outstanding borrows tracked separately.
2026-08-17,Ondo,Ondo Global Markets,Tokenization,TVL,966435075.92,USD,current,DefiLlama protocol,https://api.llama.fi/protocol/ondo-global-markets,third_party,medium,Separate Ondo product; confirm MVP scope.
2026-08-17,Jupiter,Jupiter Lend,Lending,TVL,932259176.57,USD,current,DefiLlama protocol,https://api.llama.fi/protocol/jupiter-lend,third_party,medium,Separate product record; not aggregator usage.
2026-08-17,Uniswap,Uniswap V2,Spot,TVL,785857589.53,USD,current,DefiLlama protocol,https://api.llama.fi/protocol/uniswap-v2,third_party,high,Version-specific legacy liquidity record.
2026-08-17,Uniswap,Uniswap V4,Spot,TVL,754908483.99,USD,current,DefiLlama protocol,https://api.llama.fi/protocol/uniswap-v4,third_party,high,Version-specific record; aggregation rule needs to stay visible.
2026-08-17,Jupiter,Jupiter Perpetual Exchange,Derivatives,TVL,677832078.72,USD,current,DefiLlama protocol,https://api.llama.fi/protocol/jupiter-perpetual-exchange,third_party,medium,Perps product record; derivatives overview access may be restricted.
2026-08-17,Jupiter,Jupiter Staked SOL,Asset Management,TVL,389689450.52,USD,current,DefiLlama protocol,https://api.llama.fi/protocol/jupiter-staked-sol,third_party,medium,Liquid-staking product record.
2026-08-17,Ethena,Ethena USDtb,Asset Management,TVL,357654870.07,USD,current,DefiLlama protocol,https://api.llama.fi/protocol/ethena-usdtb,third_party,medium,Separate Ethena stablecoin product.
2026-08-17,Euler,Euler V2,Lending,TVL,344472745.36,USD,current,DefiLlama protocol,https://api.llama.fi/protocol/euler-v2,third_party,high,Euler V2 lending TVL and fees; outstanding borrows tracked separately.
2026-08-17,Aave,Aave V4,Lending,TVL,223348155.4,USD,current,DefiLlama protocol,https://api.llama.fi/protocol/aave-v4,third_party,medium,V4 hub/spoke detail still needs native source discovery.
2026-08-17,Hyperliquid,Hyperliquid HLP,Derivatives,TVL,186866724.67,USD,current,DefiLlama protocol,https://api.llama.fi/protocol/hyperliquid-hlp,third_party,medium,HLP liquidity vault record; not total Hyperliquid perps activity.
2026-08-17,Hyperliquid,Hyperliquid Spot Orderbook,Derivatives,TVL,145547164.36,USD,current,DefiLlama protocol,https://api.llama.fi/protocol/hyperliquid-spot-orderbook,third_party,medium,Spot-orderbook record; keep separate from HLP and perps.
2026-08-17,EtherFi,EtherFi Cash,Asset Management,TVL,133075705.8,USD,current,DefiLlama protocol,https://api.llama.fi/protocol/etherfi-cash-liquid,third_party,medium,EtherFi liquid restaking and Cash card product; card metrics need PaymentScan source.
2026-08-17,Aerodrome,Aerodrome Slipstream,Spot,TVL,132607394.8,USD,current,DefiLlama protocol,https://api.llama.fi/protocol/aerodrome-slipstream,third_party,high,Concentrated-liquidity record; keep separate from V1 unless labeled.
2026-08-17,Sky,Sky Money,Asset Management,TVL,117390816.79,USD,current,DefiLlama protocol,https://api.llama.fi/protocol/sky-money,third_party,medium,Separate Sky money product record.
2026-08-17,Aerodrome,Aerodrome V1,Spot,TVL,106266297.71,USD,current,DefiLlama protocol,https://api.llama.fi/protocol/aerodrome-v1,third_party,high,V1 record; keep version labels.
2026-08-17,Sky,Sky RWA,Tokenization,TVL,73725761.25,USD,current,DefiLlama protocol,https://api.llama.fi/protocol/sky-rwa,third_party,medium,Separate Sky RWA record.
2026-08-17,Aave,AAVE token,Lending,Token Price,86.53,USD,current,CoinGecko markets,"https://api.coingecko.com/api/v3/coins/markets?vs_currency=usd&ids=aave,aerodrome-finance,canton-network,centrifuge-2,curve-dao-token,ethena,ether-fi,euler,falcon-finance-ff,hyperliquid,jupiter-exchange-solana,kamino,layerzero,morpho,ondo-finance,pendle,sky,syrup,uniswap,virtual-protocol&order=market_cap_desc&per_page=250&page=1&sparkline=false&price_change_percentage=24h%2C7d%2C30d%2C1y",third_party,high,Token-level market metric from CoinGecko; do not treat as protocol/product usage.
2026-08-17,Hyperliquid,HYPE token,Derivatives,Token Price,59.76,USD,current,CoinGecko markets,"https://api.coingecko.com/api/v3/coins/markets?vs_currency=usd&ids=aave,aerodrome-finance,canton-network,centrifuge-2,curve-dao-token,ethena,ether-fi,euler,falcon-finance-ff,hyperliquid,jupiter-exchange-solana,kamino,layerzero,morpho,ondo-finance,pendle,sky,syrup,uniswap,virtual-protocol&order=market_cap_desc&per_page=250&page=1&sparkline=false&price_change_percentage=24h%2C7d%2C30d%2C1y",third_party,high,Token-level market metric from CoinGecko; do not treat as protocol/product usage.
2026-08-17,Uniswap,UNI token,Spot,Token Price,3.3,USD,current,CoinGecko markets,"https://api.coingecko.com/api/v3/coins/markets?vs_currency=usd&ids=aave,aerodrome-finance,canton-network,centrifuge-2,curve-dao-token,ethena,ether-fi,euler,falcon-finance-ff,hyperliquid,jupiter-exchange-solana,kamino,layerzero,morpho,ondo-finance,pendle,sky,syrup,uniswap,virtual-protocol&order=market_cap_desc&per_page=250&page=1&sparkline=false&price_change_percentage=24h%2C7d%2C30d%2C1y",third_party,high,Token-level market metric from CoinGecko; do not treat as protocol/product usage.
2026-08-17,Morpho,MORPHO token,Lending,Token Price,2.1,USD,current,CoinGecko markets,"https://api.coingecko.com/api/v3/coins/markets?vs_currency=usd&ids=aave,aerodrome-finance,canton-network,centrifuge-2,curve-dao-token,ethena,ether-fi,euler,falcon-finance-ff,hyperliquid,jupiter-exchange-solana,kamino,layerzero,morpho,ondo-finance,pendle,sky,syrup,uniswap,virtual-protocol&order=market_cap_desc&per_page=250&page=1&sparkline=false&price_change_percentage=24h%2C7d%2C30d%2C1y",third_party,high,Token-level market metric from CoinGecko; do not treat as protocol/product usage.
2026-08-17,Pendle,PENDLE token,Derivatives,Token Price,1.29,USD,current,CoinGecko markets,"https://api.coingecko.com/api/v3/coins/markets?vs_currency=usd&ids=aave,aerodrome-finance,canton-network,centrifuge-2,curve-dao-token,ethena,ether-fi,euler,falcon-finance-ff,hyperliquid,jupiter-exchange-solana,kamino,layerzero,morpho,ondo-finance,pendle,sky,syrup,uniswap,virtual-protocol&order=market_cap_desc&per_page=250&page=1&sparkline=false&price_change_percentage=24h%2C7d%2C30d%2C1y",third_party,high,Token-level market metric from CoinGecko; do not treat as protocol/product usage.
2026-08-17,Euler,EUL token,Lending,Token Price,1.16,USD,current,CoinGecko markets,"https://api.coingecko.com/api/v3/coins/markets?vs_currency=usd&ids=aave,aerodrome-finance,canton-network,centrifuge-2,curve-dao-token,ethena,ether-fi,euler,falcon-finance-ff,hyperliquid,jupiter-exchange-solana,kamino,layerzero,morpho,ondo-finance,pendle,sky,syrup,uniswap,virtual-protocol&order=market_cap_desc&per_page=250&page=1&sparkline=false&price_change_percentage=24h%2C7d%2C30d%2C1y",third_party,high,Token-level market metric from CoinGecko; do not treat as protocol/product usage.
2026-08-17,LayerZero,ZRO token,Infra,Token Price,0.8,USD,current,CoinGecko markets,"https://api.coingecko.com/api/v3/coins/markets?vs_currency=usd&ids=aave,aerodrome-finance,canton-network,centrifuge-2,curve-dao-token,ethena,ether-fi,euler,falcon-finance-ff,hyperliquid,jupiter-exchange-solana,kamino,layerzero,morpho,ondo-finance,pendle,sky,syrup,uniswap,virtual-protocol&order=market_cap_desc&per_page=250&page=1&sparkline=false&price_change_percentage=24h%2C7d%2C30d%2C1y",third_party,high,Token-level market metric from CoinGecko; do not treat as protocol/product usage.
2026-08-17,Virtuals,VIRTUAL token,AI,Token Price,0.56,USD,current,CoinGecko markets,"https://api.coingecko.com/api/v3/coins/markets?vs_currency=usd&ids=aave,aerodrome-finance,canton-network,centrifuge-2,curve-dao-token,ethena,ether-fi,euler,falcon-finance-ff,hyperliquid,jupiter-exchange-solana,kamino,layerzero,morpho,ondo-finance,pendle,sky,syrup,uniswap,virtual-protocol&order=market_cap_desc&per_page=250&page=1&sparkline=false&price_change_percentage=24h%2C7d%2C30d%2C1y",third_party,high,Token-level market metric from CoinGecko; do not treat as protocol/product usage.
2026-08-17,EtherFi,ETHFI token,Asset Management,Token Price,0.5,USD,current,CoinGecko markets,"https://api.coingecko.com/api/v3/coins/markets?vs_currency=usd&ids=aave,aerodrome-finance,canton-network,centrifuge-2,curve-dao-token,ethena,ether-fi,euler,falcon-finance-ff,hyperliquid,jupiter-exchange-solana,kamino,layerzero,morpho,ondo-finance,pendle,sky,syrup,uniswap,virtual-protocol&order=market_cap_desc&per_page=250&page=1&sparkline=false&price_change_percentage=24h%2C7d%2C30d%2C1y",third_party,high,Token-level market metric from CoinGecko; do not treat as protocol/product usage.
2026-08-17,Aerodrome,AERO token,Spot,Token Price,0.41,USD,current,CoinGecko markets,"https://api.coingecko.com/api/v3/coins/markets?vs_currency=usd&ids=aave,aerodrome-finance,canton-network,centrifuge-2,curve-dao-token,ethena,ether-fi,euler,falcon-finance-ff,hyperliquid,jupiter-exchange-solana,kamino,layerzero,morpho,ondo-finance,pendle,sky,syrup,uniswap,virtual-protocol&order=market_cap_desc&per_page=250&page=1&sparkline=false&price_change_percentage=24h%2C7d%2C30d%2C1y",third_party,high,Token-level market metric from CoinGecko; do not treat as protocol/product usage.
2026-08-17,Ondo,ONDO token,Tokenization,Token Price,0.34,USD,current,CoinGecko markets,"https://api.coingecko.com/api/v3/coins/markets?vs_currency=usd&ids=aave,aerodrome-finance,canton-network,centrifuge-2,curve-dao-token,ethena,ether-fi,euler,falcon-finance-ff,hyperliquid,jupiter-exchange-solana,kamino,layerzero,morpho,ondo-finance,pendle,sky,syrup,uniswap,virtual-protocol&order=market_cap_desc&per_page=250&page=1&sparkline=false&price_change_percentage=24h%2C7d%2C30d%2C1y",third_party,high,Token-level market metric from CoinGecko; do not treat as protocol/product usage.
2026-08-17,Curve,CRV token,Spot,Token Price,0.25,USD,current,CoinGecko markets,"https://api.coingecko.com/api/v3/coins/markets?vs_currency=usd&ids=aave,aerodrome-finance,canton-network,centrifuge-2,curve-dao-token,ethena,ether-fi,euler,falcon-finance-ff,hyperliquid,jupiter-exchange-solana,kamino,layerzero,morpho,ondo-finance,pendle,sky,syrup,uniswap,virtual-protocol&order=market_cap_desc&per_page=250&page=1&sparkline=false&price_change_percentage=24h%2C7d%2C30d%2C1y",third_party,high,Token-level market metric from CoinGecko; do not treat as protocol/product usage.
2026-08-17,Jupiter,JUP token,Spot,Token Price,0.17,USD,current,CoinGecko markets,"https://api.coingecko.com/api/v3/coins/markets?vs_currency=usd&ids=aave,aerodrome-finance,canton-network,centrifuge-2,curve-dao-token,ethena,ether-fi,euler,falcon-finance-ff,hyperliquid,jupiter-exchange-solana,kamino,layerzero,morpho,ondo-finance,pendle,sky,syrup,uniswap,virtual-protocol&order=market_cap_desc&per_page=250&page=1&sparkline=false&price_change_percentage=24h%2C7d%2C30d%2C1y",third_party,high,Token-level market metric from CoinGecko; do not treat as protocol/product usage.
2026-08-17,Centrifuge,CFG token,Tokenization,Token Price,0.16,USD,current,CoinGecko markets,"https://api.coingecko.com/api/v3/coins/markets?vs_currency=usd&ids=aave,aerodrome-finance,canton-network,centrifuge-2,curve-dao-token,ethena,ether-fi,euler,falcon-finance-ff,hyperliquid,jupiter-exchange-solana,kamino,layerzero,morpho,ondo-finance,pendle,sky,syrup,uniswap,virtual-protocol&order=market_cap_desc&per_page=250&page=1&sparkline=false&price_change_percentage=24h%2C7d%2C30d%2C1y",third_party,high,Token-level market metric from CoinGecko; do not treat as protocol/product usage.
2026-08-17,Maple,SYRUP token,Tokenization,Token Price,0.16,USD,current,CoinGecko markets,"https://api.coingecko.com/api/v3/coins/markets?vs_currency=usd&ids=aave,aerodrome-finance,canton-network,centrifuge-2,curve-dao-token,ethena,ether-fi,euler,falcon-finance-ff,hyperliquid,jupiter-exchange-solana,kamino,layerzero,morpho,ondo-finance,pendle,sky,syrup,uniswap,virtual-protocol&order=market_cap_desc&per_page=250&page=1&sparkline=false&price_change_percentage=24h%2C7d%2C30d%2C1y",third_party,high,Token-level market metric from CoinGecko; do not treat as protocol/product usage.
2026-08-17,Canton,CC token,Infra,Token Price,0.09,USD,current,CoinGecko markets,"https://api.coingecko.com/api/v3/coins/markets?vs_currency=usd&ids=aave,aerodrome-finance,canton-network,centrifuge-2,curve-dao-token,ethena,ether-fi,euler,falcon-finance-ff,hyperliquid,jupiter-exchange-solana,kamino,layerzero,morpho,ondo-finance,pendle,sky,syrup,uniswap,virtual-protocol&order=market_cap_desc&per_page=250&page=1&sparkline=false&price_change_percentage=24h%2C7d%2C30d%2C1y",third_party,high,Token-level market metric from CoinGecko; do not treat as protocol/product usage.
2026-08-17,Ethena,ENA token,Asset Management,Token Price,0.08,USD,current,CoinGecko markets,"https://api.coingecko.com/api/v3/coins/markets?vs_currency=usd&ids=aave,aerodrome-finance,canton-network,centrifuge-2,curve-dao-token,ethena,ether-fi,euler,falcon-finance-ff,hyperliquid,jupiter-exchange-solana,kamino,layerzero,morpho,ondo-finance,pendle,sky,syrup,uniswap,virtual-protocol&order=market_cap_desc&per_page=250&page=1&sparkline=false&price_change_percentage=24h%2C7d%2C30d%2C1y",third_party,high,Token-level market metric from CoinGecko; do not treat as protocol/product usage.
2026-08-17,Falcon,FF token,Asset Management,Token Price,0.06,USD,current,CoinGecko markets,"https://api.coingecko.com/api/v3/coins/markets?vs_currency=usd&ids=aave,aerodrome-finance,canton-network,centrifuge-2,curve-dao-token,ethena,ether-fi,euler,falcon-finance-ff,hyperliquid,jupiter-exchange-solana,kamino,layerzero,morpho,ondo-finance,pendle,sky,syrup,uniswap,virtual-protocol&order=market_cap_desc&per_page=250&page=1&sparkline=false&price_change_percentage=24h%2C7d%2C30d%2C1y",third_party,high,Token-level market metric from CoinGecko; do not treat as protocol/product usage.
2026-08-17,Sky,SKY token,Lending,Token Price,0.05,USD,current,CoinGecko markets,"https://api.coingecko.com/api/v3/coins/markets?vs_currency=usd&ids=aave,aerodrome-finance,canton-network,centrifuge-2,curve-dao-token,ethena,ether-fi,euler,falcon-finance-ff,hyperliquid,jupiter-exchange-solana,kamino,layerzero,morpho,ondo-finance,pendle,sky,syrup,uniswap,virtual-protocol&order=market_cap_desc&per_page=250&page=1&sparkline=false&price_change_percentage=24h%2C7d%2C30d%2C1y",third_party,high,Token-level market metric from CoinGecko; do not treat as protocol/product usage.
2026-08-17,Kamino,KMNO token,Lending,Token Price,0.02,USD,current,CoinGecko markets,"https://api.coingecko.com/api/v3/coins/markets?vs_currency=usd&ids=aave,aerodrome-finance,canton-network,centrifuge-2,curve-dao-token,ethena,ether-fi,euler,falcon-finance-ff,hyperliquid,jupiter-exchange-solana,kamino,layerzero,morpho,ondo-finance,pendle,sky,syrup,uniswap,virtual-protocol&order=market_cap_desc&per_page=250&page=1&sparkline=false&price_change_percentage=24h%2C7d%2C30d%2C1y",third_party,high,Token-level market metric from CoinGecko; do not treat as protocol/product usage.
