pulled_date,project,record,sector,metric,value,unit,period,source_name,source,source_relationship,confidence,notes
2026-06-28,Hyperliquid,HYPE token,Derivatives,1Y Token Performance,69.9682,%,1Y,CoinGecko markets,"https://api.coingecko.com/api/v3/coins/markets?vs_currency=usd&ids=aave,aerodrome-finance,canton-network,centrifuge-2,curve-dao-token,ethena,ether-fi,euler,falcon-finance-ff,hyperliquid,jupiter-exchange-solana,kamino,layerzero,morpho,ondo-finance,pendle,sky,syrup,uniswap,virtual-protocol&order=market_cap_desc&per_page=250&page=1&sparkline=false&price_change_percentage=24h%2C7d%2C30d%2C1y",third_party,high,"Token price change; market sentiment, not product adoption."
2026-06-28,Morpho,MORPHO token,Lending,1Y Token Performance,30.6244,%,1Y,CoinGecko markets,"https://api.coingecko.com/api/v3/coins/markets?vs_currency=usd&ids=aave,aerodrome-finance,canton-network,centrifuge-2,curve-dao-token,ethena,ether-fi,euler,falcon-finance-ff,hyperliquid,jupiter-exchange-solana,kamino,layerzero,morpho,ondo-finance,pendle,sky,syrup,uniswap,virtual-protocol&order=market_cap_desc&per_page=250&page=1&sparkline=false&price_change_percentage=24h%2C7d%2C30d%2C1y",third_party,high,"Token price change; market sentiment, not product adoption."
2026-06-28,Centrifuge,CFG token,Tokenization,1Y Token Performance,19.2407,%,1Y,CoinGecko markets,"https://api.coingecko.com/api/v3/coins/markets?vs_currency=usd&ids=aave,aerodrome-finance,canton-network,centrifuge-2,curve-dao-token,ethena,ether-fi,euler,falcon-finance-ff,hyperliquid,jupiter-exchange-solana,kamino,layerzero,morpho,ondo-finance,pendle,sky,syrup,uniswap,virtual-protocol&order=market_cap_desc&per_page=250&page=1&sparkline=false&price_change_percentage=24h%2C7d%2C30d%2C1y",third_party,high,"Token price change; market sentiment, not product adoption."
2026-06-28,Sky,SKY token,Lending,1Y Token Performance,-37.8212,%,1Y,CoinGecko markets,"https://api.coingecko.com/api/v3/coins/markets?vs_currency=usd&ids=aave,aerodrome-finance,canton-network,centrifuge-2,curve-dao-token,ethena,ether-fi,euler,falcon-finance-ff,hyperliquid,jupiter-exchange-solana,kamino,layerzero,morpho,ondo-finance,pendle,sky,syrup,uniswap,virtual-protocol&order=market_cap_desc&per_page=250&page=1&sparkline=false&price_change_percentage=24h%2C7d%2C30d%2C1y",third_party,high,"Token price change; market sentiment, not product adoption."
2026-06-28,Aerodrome,AERO token,Spot,1Y Token Performance,-38.3147,%,1Y,CoinGecko markets,"https://api.coingecko.com/api/v3/coins/markets?vs_currency=usd&ids=aave,aerodrome-finance,canton-network,centrifuge-2,curve-dao-token,ethena,ether-fi,euler,falcon-finance-ff,hyperliquid,jupiter-exchange-solana,kamino,layerzero,morpho,ondo-finance,pendle,sky,syrup,uniswap,virtual-protocol&order=market_cap_desc&per_page=250&page=1&sparkline=false&price_change_percentage=24h%2C7d%2C30d%2C1y",third_party,high,"Token price change; market sentiment, not product adoption."
2026-06-28,Jupiter,JUP token,Spot,1Y Token Performance,-48.9122,%,1Y,CoinGecko markets,"https://api.coingecko.com/api/v3/coins/markets?vs_currency=usd&ids=aave,aerodrome-finance,canton-network,centrifuge-2,curve-dao-token,ethena,ether-fi,euler,falcon-finance-ff,hyperliquid,jupiter-exchange-solana,kamino,layerzero,morpho,ondo-finance,pendle,sky,syrup,uniswap,virtual-protocol&order=market_cap_desc&per_page=250&page=1&sparkline=false&price_change_percentage=24h%2C7d%2C30d%2C1y",third_party,high,"Token price change; market sentiment, not product adoption."
2026-06-28,LayerZero,ZRO token,Infra,1Y Token Performance,-56.653,%,1Y,CoinGecko markets,"https://api.coingecko.com/api/v3/coins/markets?vs_currency=usd&ids=aave,aerodrome-finance,canton-network,centrifuge-2,curve-dao-token,ethena,ether-fi,euler,falcon-finance-ff,hyperliquid,jupiter-exchange-solana,kamino,layerzero,morpho,ondo-finance,pendle,sky,syrup,uniswap,virtual-protocol&order=market_cap_desc&per_page=250&page=1&sparkline=false&price_change_percentage=24h%2C7d%2C30d%2C1y",third_party,high,"Token price change; market sentiment, not product adoption."
2026-06-28,Uniswap,UNI token,Spot,1Y Token Performance,-58.5606,%,1Y,CoinGecko markets,"https://api.coingecko.com/api/v3/coins/markets?vs_currency=usd&ids=aave,aerodrome-finance,canton-network,centrifuge-2,curve-dao-token,ethena,ether-fi,euler,falcon-finance-ff,hyperliquid,jupiter-exchange-solana,kamino,layerzero,morpho,ondo-finance,pendle,sky,syrup,uniswap,virtual-protocol&order=market_cap_desc&per_page=250&page=1&sparkline=false&price_change_percentage=24h%2C7d%2C30d%2C1y",third_party,high,"Token price change; market sentiment, not product adoption."
2026-06-28,Ondo,ONDO token,Tokenization,1Y Token Performance,-59.0796,%,1Y,CoinGecko markets,"https://api.coingecko.com/api/v3/coins/markets?vs_currency=usd&ids=aave,aerodrome-finance,canton-network,centrifuge-2,curve-dao-token,ethena,ether-fi,euler,falcon-finance-ff,hyperliquid,jupiter-exchange-solana,kamino,layerzero,morpho,ondo-finance,pendle,sky,syrup,uniswap,virtual-protocol&order=market_cap_desc&per_page=250&page=1&sparkline=false&price_change_percentage=24h%2C7d%2C30d%2C1y",third_party,high,"Token price change; market sentiment, not product adoption."
2026-06-28,EtherFi,ETHFI token,Asset Management,1Y Token Performance,-61.4412,%,1Y,CoinGecko markets,"https://api.coingecko.com/api/v3/coins/markets?vs_currency=usd&ids=aave,aerodrome-finance,canton-network,centrifuge-2,curve-dao-token,ethena,ether-fi,euler,falcon-finance-ff,hyperliquid,jupiter-exchange-solana,kamino,layerzero,morpho,ondo-finance,pendle,sky,syrup,uniswap,virtual-protocol&order=market_cap_desc&per_page=250&page=1&sparkline=false&price_change_percentage=24h%2C7d%2C30d%2C1y",third_party,high,"Token price change; market sentiment, not product adoption."
2026-06-28,Curve,CRV token,Spot,1Y Token Performance,-62.4587,%,1Y,CoinGecko markets,"https://api.coingecko.com/api/v3/coins/markets?vs_currency=usd&ids=aave,aerodrome-finance,canton-network,centrifuge-2,curve-dao-token,ethena,ether-fi,euler,falcon-finance-ff,hyperliquid,jupiter-exchange-solana,kamino,layerzero,morpho,ondo-finance,pendle,sky,syrup,uniswap,virtual-protocol&order=market_cap_desc&per_page=250&page=1&sparkline=false&price_change_percentage=24h%2C7d%2C30d%2C1y",third_party,high,"Token price change; market sentiment, not product adoption."
2026-06-28,Virtuals,VIRTUAL token,AI,1Y Token Performance,-63.6291,%,1Y,CoinGecko markets,"https://api.coingecko.com/api/v3/coins/markets?vs_currency=usd&ids=aave,aerodrome-finance,canton-network,centrifuge-2,curve-dao-token,ethena,ether-fi,euler,falcon-finance-ff,hyperliquid,jupiter-exchange-solana,kamino,layerzero,morpho,ondo-finance,pendle,sky,syrup,uniswap,virtual-protocol&order=market_cap_desc&per_page=250&page=1&sparkline=false&price_change_percentage=24h%2C7d%2C30d%2C1y",third_party,high,"Token price change; market sentiment, not product adoption."
2026-06-28,Pendle,PENDLE token,Derivatives,1Y Token Performance,-64.6891,%,1Y,CoinGecko markets,"https://api.coingecko.com/api/v3/coins/markets?vs_currency=usd&ids=aave,aerodrome-finance,canton-network,centrifuge-2,curve-dao-token,ethena,ether-fi,euler,falcon-finance-ff,hyperliquid,jupiter-exchange-solana,kamino,layerzero,morpho,ondo-finance,pendle,sky,syrup,uniswap,virtual-protocol&order=market_cap_desc&per_page=250&page=1&sparkline=false&price_change_percentage=24h%2C7d%2C30d%2C1y",third_party,high,"Token price change; market sentiment, not product adoption."
2026-06-28,Aave,AAVE token,Lending,1Y Token Performance,-65.2806,%,1Y,CoinGecko markets,"https://api.coingecko.com/api/v3/coins/markets?vs_currency=usd&ids=aave,aerodrome-finance,canton-network,centrifuge-2,curve-dao-token,ethena,ether-fi,euler,falcon-finance-ff,hyperliquid,jupiter-exchange-solana,kamino,layerzero,morpho,ondo-finance,pendle,sky,syrup,uniswap,virtual-protocol&order=market_cap_desc&per_page=250&page=1&sparkline=false&price_change_percentage=24h%2C7d%2C30d%2C1y",third_party,high,"Token price change; market sentiment, not product adoption."
2026-06-28,Kamino,KMNO token,Lending,1Y Token Performance,-66.7011,%,1Y,CoinGecko markets,"https://api.coingecko.com/api/v3/coins/markets?vs_currency=usd&ids=aave,aerodrome-finance,canton-network,centrifuge-2,curve-dao-token,ethena,ether-fi,euler,falcon-finance-ff,hyperliquid,jupiter-exchange-solana,kamino,layerzero,morpho,ondo-finance,pendle,sky,syrup,uniswap,virtual-protocol&order=market_cap_desc&per_page=250&page=1&sparkline=false&price_change_percentage=24h%2C7d%2C30d%2C1y",third_party,high,"Token price change; market sentiment, not product adoption."
2026-06-28,Ethena,ENA token,Asset Management,1Y Token Performance,-70.5981,%,1Y,CoinGecko markets,"https://api.coingecko.com/api/v3/coins/markets?vs_currency=usd&ids=aave,aerodrome-finance,canton-network,centrifuge-2,curve-dao-token,ethena,ether-fi,euler,falcon-finance-ff,hyperliquid,jupiter-exchange-solana,kamino,layerzero,morpho,ondo-finance,pendle,sky,syrup,uniswap,virtual-protocol&order=market_cap_desc&per_page=250&page=1&sparkline=false&price_change_percentage=24h%2C7d%2C30d%2C1y",third_party,high,"Token price change; market sentiment, not product adoption."
2026-06-28,Maple,SYRUP token,Tokenization,1Y Token Performance,-74.6098,%,1Y,CoinGecko markets,"https://api.coingecko.com/api/v3/coins/markets?vs_currency=usd&ids=aave,aerodrome-finance,canton-network,centrifuge-2,curve-dao-token,ethena,ether-fi,euler,falcon-finance-ff,hyperliquid,jupiter-exchange-solana,kamino,layerzero,morpho,ondo-finance,pendle,sky,syrup,uniswap,virtual-protocol&order=market_cap_desc&per_page=250&page=1&sparkline=false&price_change_percentage=24h%2C7d%2C30d%2C1y",third_party,high,"Token price change; market sentiment, not product adoption."
2026-06-28,Euler,EUL token,Lending,1Y Token Performance,-90.8417,%,1Y,CoinGecko markets,"https://api.coingecko.com/api/v3/coins/markets?vs_currency=usd&ids=aave,aerodrome-finance,canton-network,centrifuge-2,curve-dao-token,ethena,ether-fi,euler,falcon-finance-ff,hyperliquid,jupiter-exchange-solana,kamino,layerzero,morpho,ondo-finance,pendle,sky,syrup,uniswap,virtual-protocol&order=market_cap_desc&per_page=250&page=1&sparkline=false&price_change_percentage=24h%2C7d%2C30d%2C1y",third_party,high,"Token price change; market sentiment, not product adoption."
2026-06-28,Uniswap,Uniswap V4,Spot,24H DEX Volume,623032580.0,USD,24H,DefiLlama DEX overview,https://api.llama.fi/overview/dexs,third_party,high,DEX volume is source-comparable only for DEX records.
2026-06-28,Aerodrome,Aerodrome Slipstream,Spot,24H DEX Volume,285393617.0,USD,24H,DefiLlama DEX overview,https://api.llama.fi/overview/dexs,third_party,high,DEX volume is source-comparable only for DEX records.
2026-06-28,Uniswap,Uniswap V3,Spot,24H DEX Volume,250753324.0,USD,24H,DefiLlama DEX overview,https://api.llama.fi/overview/dexs,third_party,high,DEX volume is source-comparable only for DEX records.
2026-06-28,Curve,Curve Finance,Spot,24H DEX Volume,30751678.0,USD,24H,DefiLlama DEX overview,https://api.llama.fi/overview/dexs,third_party,high,DEX volume is source-comparable only for DEX records.
2026-06-28,Uniswap,Uniswap V2,Spot,24H DEX Volume,6184902.0,USD,24H,DefiLlama DEX overview,https://api.llama.fi/overview/dexs,third_party,high,DEX volume is source-comparable only for DEX records.
2026-06-28,Aerodrome,Aerodrome V1,Spot,24H DEX Volume,5745613.0,USD,24H,DefiLlama DEX overview,https://api.llama.fi/overview/dexs,third_party,high,DEX volume is source-comparable only for DEX records.
2026-06-28,Canton,Canton Network,Infra,24H Fee Share,3.7359,%,24H,DefiLlama fees overview,https://api.llama.fi/overview/fees,third_party,medium,"Share of all DefiLlama-tracked fees over 24H; record-level, summed per project in the dashboard."
2026-06-28,Aave,Aave V3,Lending,24H Fee Share,1.7416,%,24H,DefiLlama fees overview,https://api.llama.fi/overview/fees,third_party,high,"Share of all DefiLlama-tracked fees over 24H; record-level, summed per project in the dashboard."
2026-06-28,Uniswap,Uniswap V3,Spot,24H Fee Share,0.6358,%,24H,DefiLlama fees overview,https://api.llama.fi/overview/fees,third_party,high,"Share of all DefiLlama-tracked fees over 24H; record-level, summed per project in the dashboard."
2026-06-28,Uniswap,Uniswap V4,Spot,24H Fee Share,0.5704,%,24H,DefiLlama fees overview,https://api.llama.fi/overview/fees,third_party,high,"Share of all DefiLlama-tracked fees over 24H; record-level, summed per project in the dashboard."
2026-06-28,Aerodrome,Aerodrome Slipstream,Spot,24H Fee Share,0.225,%,24H,DefiLlama fees overview,https://api.llama.fi/overview/fees,third_party,high,"Share of all DefiLlama-tracked fees over 24H; record-level, summed per project in the dashboard."
2026-06-28,Aerodrome,Aerodrome V1,Spot,24H Fee Share,0.0482,%,24H,DefiLlama fees overview,https://api.llama.fi/overview/fees,third_party,high,"Share of all DefiLlama-tracked fees over 24H; record-level, summed per project in the dashboard."
2026-06-28,Uniswap,Uniswap V2,Spot,24H Fee Share,0.0391,%,24H,DefiLlama fees overview,https://api.llama.fi/overview/fees,third_party,high,"Share of all DefiLlama-tracked fees over 24H; record-level, summed per project in the dashboard."
2026-06-28,Centrifuge,Centrifuge,Tokenization,24H Fee Share,0.0329,%,24H,DefiLlama fees overview,https://api.llama.fi/overview/fees,third_party,high,"Share of all DefiLlama-tracked fees over 24H; record-level, summed per project in the dashboard."
2026-06-28,Pendle,Pendle,Derivatives,24H Fee Share,0.017,%,24H,DefiLlama fees overview,https://api.llama.fi/overview/fees,third_party,high,"Share of all DefiLlama-tracked fees over 24H; record-level, summed per project in the dashboard."
2026-06-28,Hyperliquid,Hyperliquid HLP,Derivatives,24H Fee Share,0.0146,%,24H,DefiLlama fees overview,https://api.llama.fi/overview/fees,third_party,medium,"Share of all DefiLlama-tracked fees over 24H; record-level, summed per project in the dashboard."
2026-06-28,Falcon,Falcon Finance,Asset Management,24H Fee Share,0.0084,%,24H,DefiLlama fees overview,https://api.llama.fi/overview/fees,third_party,medium,"Share of all DefiLlama-tracked fees over 24H; record-level, summed per project in the dashboard."
2026-06-28,Virtuals,Virtuals Protocol,AI,24H Fee Share,0.0073,%,24H,DefiLlama fees overview,https://api.llama.fi/overview/fees,third_party,medium,"Share of all DefiLlama-tracked fees over 24H; record-level, summed per project in the dashboard."
2026-06-28,Aave,Aave V4,Lending,24H Fee Share,0.0069,%,24H,DefiLlama fees overview,https://api.llama.fi/overview/fees,third_party,medium,"Share of all DefiLlama-tracked fees over 24H; record-level, summed per project in the dashboard."
2026-06-28,Pendle,Pendle Boros,Derivatives,24H Fee Share,0.0006,%,24H,DefiLlama fees overview,https://api.llama.fi/overview/fees,third_party,medium,"Share of all DefiLlama-tracked fees over 24H; record-level, summed per project in the dashboard."
2026-06-28,Canton,Canton Network,Infra,24H Fees,1818153.0,USD,24H,DefiLlama fees,https://api.llama.fi/summary/fees/canton?dataType=dailyFees,third_party,medium,24H Fees from the same DefiLlama fees response as the 30D figure.
2026-06-28,Sky,Sky Lending,Lending,24H Fees,1033992.0,USD,24H,DefiLlama fees,https://api.llama.fi/summary/fees/sky-lending?dataType=dailyFees,third_party,high,24H Fees from the same DefiLlama fees response as the 30D figure.
2026-06-28,Hyperliquid,Hyperliquid Exchange,Derivatives,24H Fees,958728.0,USD,24H,DefiLlama fees,https://api.llama.fi/summary/fees/hyperliquid?dataType=dailyFees,third_party,high,24H Fees from the same DefiLlama fees response as the 30D figure.
2026-06-28,Aave,Aave V3,Lending,24H Fees,847565.0,USD,24H,DefiLlama fees,https://api.llama.fi/summary/fees/aave-v3?dataType=dailyFees,third_party,high,24H Fees from the same DefiLlama fees response as the 30D figure.
2026-06-28,Morpho,Morpho Blue,Lending,24H Fees,469264.0,USD,24H,DefiLlama fees,https://api.llama.fi/summary/fees/morpho-blue?dataType=dailyFees,third_party,high,24H Fees from the same DefiLlama fees response as the 30D figure.
2026-06-28,Uniswap,Uniswap V3,Spot,24H Fees,309411.0,USD,24H,DefiLlama fees,https://api.llama.fi/summary/fees/uniswap-v3?dataType=dailyFees,third_party,high,24H Fees from the same DefiLlama fees response as the 30D figure.
2026-06-28,Uniswap,Uniswap V4,Spot,24H Fees,277574.0,USD,24H,DefiLlama fees,https://api.llama.fi/summary/fees/uniswap-v4?dataType=dailyFees,third_party,high,24H Fees from the same DefiLlama fees response as the 30D figure.
2026-06-28,Ondo,Ondo Yield Assets,Tokenization,24H Fees,205828.0,USD,24H,DefiLlama fees,https://api.llama.fi/summary/fees/ondo-yield-assets?dataType=dailyFees,third_party,high,24H Fees from the same DefiLlama fees response as the 30D figure.
2026-06-28,Aerodrome,Aerodrome V1,Spot,24H Fees,129903.0,USD,24H,DefiLlama fees,https://api.llama.fi/summary/fees/aerodrome?dataType=dailyFees,third_party,high,24H Fees from the same DefiLlama fees response as the 30D figure.
2026-06-28,Kamino,Kamino,Lending,24H Fees,128695.0,USD,24H,DefiLlama fees,https://api.llama.fi/summary/fees/kamino?dataType=dailyFees,third_party,high,24H Fees from the same DefiLlama fees response as the 30D figure.
2026-06-28,Jupiter,Jupiter Perpetual Exchange,Derivatives,24H Fees,121785.0,USD,24H,DefiLlama fees,https://api.llama.fi/summary/fees/jupiter-perpetual-exchange?dataType=dailyFees,third_party,medium,24H Fees from the same DefiLlama fees response as the 30D figure.
2026-06-28,Aerodrome,Aerodrome Slipstream,Spot,24H Fees,109498.0,USD,24H,DefiLlama fees,https://api.llama.fi/summary/fees/aerodrome-slipstream?dataType=dailyFees,third_party,high,24H Fees from the same DefiLlama fees response as the 30D figure.
2026-06-28,EtherFi,EtherFi Cash,Asset Management,24H Fees,89795.0,USD,24H,DefiLlama fees,https://api.llama.fi/summary/fees/etherfi-cash-liquid?dataType=dailyFees,third_party,medium,24H Fees from the same DefiLlama fees response as the 30D figure.
2026-06-28,Euler,Euler V2,Lending,24H Fees,67797.0,USD,24H,DefiLlama fees,https://api.llama.fi/summary/fees/euler-v2?dataType=dailyFees,third_party,high,24H Fees from the same DefiLlama fees response as the 30D figure.
2026-06-28,Curve,Curve Finance,Spot,24H Fees,45907.0,USD,24H,DefiLlama fees,https://api.llama.fi/summary/fees/curve-finance?dataType=dailyFees,third_party,high,24H Fees from the same DefiLlama fees response as the 30D figure.
2026-06-28,Hyperliquid,Hyperliquid Spot Orderbook,Derivatives,24H Fees,37431.0,USD,24H,DefiLlama fees,https://api.llama.fi/summary/fees/hyperliquid-spot-orderbook?dataType=dailyFees,third_party,medium,24H Fees from the same DefiLlama fees response as the 30D figure.
2026-06-28,Uniswap,Uniswap V2,Spot,24H Fees,19042.0,USD,24H,DefiLlama fees,https://api.llama.fi/summary/fees/uniswap-v2?dataType=dailyFees,third_party,high,24H Fees from the same DefiLlama fees response as the 30D figure.
2026-06-28,Centrifuge,Centrifuge,Tokenization,24H Fees,16022.0,USD,24H,DefiLlama fees,https://api.llama.fi/summary/fees/centrifuge?dataType=dailyFees,third_party,high,24H Fees from the same DefiLlama fees response as the 30D figure.
2026-06-28,Pendle,Pendle,Derivatives,24H Fees,8275.0,USD,24H,DefiLlama fees,https://api.llama.fi/summary/fees/pendle?dataType=dailyFees,third_party,high,24H Fees from the same DefiLlama fees response as the 30D figure.
2026-06-28,Hyperliquid,Hyperliquid HLP,Derivatives,24H Fees,7116.0,USD,24H,DefiLlama fees,https://api.llama.fi/summary/fees/hyperliquid-hlp?dataType=dailyFees,third_party,medium,24H Fees from the same DefiLlama fees response as the 30D figure.
2026-06-28,Falcon,Falcon Finance,Asset Management,24H Fees,4100.0,USD,24H,DefiLlama fees,https://api.llama.fi/summary/fees/falcon-finance?dataType=dailyFees,third_party,medium,24H Fees from the same DefiLlama fees response as the 30D figure.
2026-06-28,Aave,Aave V4,Lending,24H Fees,3371.0,USD,24H,DefiLlama fees,https://api.llama.fi/summary/fees/aave-v4?dataType=dailyFees,third_party,medium,24H Fees from the same DefiLlama fees response as the 30D figure.
2026-06-28,LayerZero,LayerZero V2,Infra,24H Fees,1741.0,USD,24H,DefiLlama fees,https://api.llama.fi/summary/fees/layerzero?dataType=dailyFees,third_party,medium,24H Fees from the same DefiLlama fees response as the 30D figure.
2026-06-28,Maple,Maple Finance,Lending,24H Fees,1446.0,USD,24H,DefiLlama fees,https://api.llama.fi/summary/fees/maple?dataType=dailyFees,third_party,high,24H Fees from the same DefiLlama fees response as the 30D figure.
2026-06-28,Pendle,Pendle Boros,Derivatives,24H Fees,269.0,USD,24H,DefiLlama fees,https://api.llama.fi/summary/fees/boros?dataType=dailyFees,third_party,medium,24H Fees from the same DefiLlama fees response as the 30D figure.
2026-06-28,Ethena,Ethena USDe,Asset Management,24H Fees,193.0,USD,24H,DefiLlama fees,https://api.llama.fi/summary/fees/ethena-usde?dataType=dailyFees,third_party,high,24H Fees from the same DefiLlama fees response as the 30D figure.
2026-06-28,Hyperliquid,Hyperliquid Perps,Derivatives,24H Perps Volume,2036683527.48,USD,24H,Hyperliquid info API,https://api.hyperliquid.xyz/info,third_party,high,24H perp notional volume summed across assets from the official Hyperliquid info API (project-native).
2026-06-28,Canton,Canton Network,Infra,24H Revenue,1818153.0,USD,24H,DefiLlama fees,https://api.llama.fi/summary/fees/canton?dataType=dailyRevenue,third_party,medium,24H Revenue from the same DefiLlama fees response as the 30D figure.
2026-06-28,Hyperliquid,Hyperliquid Exchange,Derivatives,24H Revenue,704479.0,USD,24H,DefiLlama fees,https://api.llama.fi/summary/fees/hyperliquid?dataType=dailyRevenue,third_party,high,24H Revenue from the same DefiLlama fees response as the 30D figure.
2026-06-28,Sky,Sky Lending,Lending,24H Revenue,478227.0,USD,24H,DefiLlama fees,https://api.llama.fi/summary/fees/sky-lending?dataType=dailyRevenue,third_party,high,24H Revenue from the same DefiLlama fees response as the 30D figure.
2026-06-28,Aave,Aave V3,Lending,24H Revenue,108490.0,USD,24H,DefiLlama fees,https://api.llama.fi/summary/fees/aave-v3?dataType=dailyRevenue,third_party,high,24H Revenue from the same DefiLlama fees response as the 30D figure.
2026-06-28,Aerodrome,Aerodrome V1,Spot,24H Revenue,76953.0,USD,24H,DefiLlama fees,https://api.llama.fi/summary/fees/aerodrome?dataType=dailyRevenue,third_party,high,24H Revenue from the same DefiLlama fees response as the 30D figure.
2026-06-28,Uniswap,Uniswap V3,Spot,24H Revenue,70005.0,USD,24H,DefiLlama fees,https://api.llama.fi/summary/fees/uniswap-v3?dataType=dailyRevenue,third_party,high,24H Revenue from the same DefiLlama fees response as the 30D figure.
2026-06-28,Aerodrome,Aerodrome Slipstream,Spot,24H Revenue,69231.0,USD,24H,DefiLlama fees,https://api.llama.fi/summary/fees/aerodrome-slipstream?dataType=dailyRevenue,third_party,high,24H Revenue from the same DefiLlama fees response as the 30D figure.
2026-06-28,EtherFi,EtherFi Cash,Asset Management,24H Revenue,33388.0,USD,24H,DefiLlama fees,https://api.llama.fi/summary/fees/etherfi-cash-liquid?dataType=dailyRevenue,third_party,medium,24H Revenue from the same DefiLlama fees response as the 30D figure.
2026-06-28,Jupiter,Jupiter Perpetual Exchange,Derivatives,24H Revenue,30446.0,USD,24H,DefiLlama fees,https://api.llama.fi/summary/fees/jupiter-perpetual-exchange?dataType=dailyRevenue,third_party,medium,24H Revenue from the same DefiLlama fees response as the 30D figure.
2026-06-28,Hyperliquid,Hyperliquid Spot Orderbook,Derivatives,24H Revenue,26849.0,USD,24H,DefiLlama fees,https://api.llama.fi/summary/fees/hyperliquid-spot-orderbook?dataType=dailyRevenue,third_party,medium,24H Revenue from the same DefiLlama fees response as the 30D figure.
2026-06-28,Kamino,Kamino,Lending,24H Revenue,17504.0,USD,24H,DefiLlama fees,https://api.llama.fi/summary/fees/kamino?dataType=dailyRevenue,third_party,high,24H Revenue from the same DefiLlama fees response as the 30D figure.
2026-06-28,Centrifuge,Centrifuge,Tokenization,24H Revenue,16022.0,USD,24H,DefiLlama fees,https://api.llama.fi/summary/fees/centrifuge?dataType=dailyRevenue,third_party,high,24H Revenue from the same DefiLlama fees response as the 30D figure.
2026-06-28,Pendle,Pendle,Derivatives,24H Revenue,7997.0,USD,24H,DefiLlama fees,https://api.llama.fi/summary/fees/pendle?dataType=dailyRevenue,third_party,high,24H Revenue from the same DefiLlama fees response as the 30D figure.
2026-06-28,Curve,Curve Finance,Spot,24H Revenue,7100.0,USD,24H,DefiLlama fees,https://api.llama.fi/summary/fees/curve-finance?dataType=dailyRevenue,third_party,high,24H Revenue from the same DefiLlama fees response as the 30D figure.
2026-06-28,Euler,Euler V2,Lending,24H Revenue,2106.0,USD,24H,DefiLlama fees,https://api.llama.fi/summary/fees/euler-v2?dataType=dailyRevenue,third_party,high,24H Revenue from the same DefiLlama fees response as the 30D figure.
2026-06-28,Aave,Aave V4,Lending,24H Revenue,482.0,USD,24H,DefiLlama fees,https://api.llama.fi/summary/fees/aave-v4?dataType=dailyRevenue,third_party,medium,24H Revenue from the same DefiLlama fees response as the 30D figure.
2026-06-28,Pendle,Pendle Boros,Derivatives,24H Revenue,269.0,USD,24H,DefiLlama fees,https://api.llama.fi/summary/fees/boros?dataType=dailyRevenue,third_party,medium,24H Revenue from the same DefiLlama fees response as the 30D figure.
2026-06-28,Maple,Maple Finance,Lending,24H Revenue,235.0,USD,24H,DefiLlama fees,https://api.llama.fi/summary/fees/maple?dataType=dailyRevenue,third_party,high,24H Revenue from the same DefiLlama fees response as the 30D figure.
2026-06-28,Ethena,Ethena USDe,Asset Management,24H Revenue,193.0,USD,24H,DefiLlama fees,https://api.llama.fi/summary/fees/ethena-usde?dataType=dailyRevenue,third_party,high,24H Revenue from the same DefiLlama fees response as the 30D figure.
2026-06-28,Sky,SKY token,Lending,24H Token Performance,2.5451,%,24H,CoinGecko markets,"https://api.coingecko.com/api/v3/coins/markets?vs_currency=usd&ids=aave,aerodrome-finance,canton-network,centrifuge-2,curve-dao-token,ethena,ether-fi,euler,falcon-finance-ff,hyperliquid,jupiter-exchange-solana,kamino,layerzero,morpho,ondo-finance,pendle,sky,syrup,uniswap,virtual-protocol&order=market_cap_desc&per_page=250&page=1&sparkline=false&price_change_percentage=24h%2C7d%2C30d%2C1y",third_party,high,"Token price change; market sentiment, not product adoption."
2026-06-28,Euler,EUL token,Lending,24H Token Performance,2.1493,%,24H,CoinGecko markets,"https://api.coingecko.com/api/v3/coins/markets?vs_currency=usd&ids=aave,aerodrome-finance,canton-network,centrifuge-2,curve-dao-token,ethena,ether-fi,euler,falcon-finance-ff,hyperliquid,jupiter-exchange-solana,kamino,layerzero,morpho,ondo-finance,pendle,sky,syrup,uniswap,virtual-protocol&order=market_cap_desc&per_page=250&page=1&sparkline=false&price_change_percentage=24h%2C7d%2C30d%2C1y",third_party,high,"Token price change; market sentiment, not product adoption."
2026-06-28,Canton,CC token,Infra,24H Token Performance,1.293,%,24H,CoinGecko markets,"https://api.coingecko.com/api/v3/coins/markets?vs_currency=usd&ids=aave,aerodrome-finance,canton-network,centrifuge-2,curve-dao-token,ethena,ether-fi,euler,falcon-finance-ff,hyperliquid,jupiter-exchange-solana,kamino,layerzero,morpho,ondo-finance,pendle,sky,syrup,uniswap,virtual-protocol&order=market_cap_desc&per_page=250&page=1&sparkline=false&price_change_percentage=24h%2C7d%2C30d%2C1y",third_party,high,"Token price change; market sentiment, not product adoption."
2026-06-28,Pendle,PENDLE token,Derivatives,24H Token Performance,0.532,%,24H,CoinGecko markets,"https://api.coingecko.com/api/v3/coins/markets?vs_currency=usd&ids=aave,aerodrome-finance,canton-network,centrifuge-2,curve-dao-token,ethena,ether-fi,euler,falcon-finance-ff,hyperliquid,jupiter-exchange-solana,kamino,layerzero,morpho,ondo-finance,pendle,sky,syrup,uniswap,virtual-protocol&order=market_cap_desc&per_page=250&page=1&sparkline=false&price_change_percentage=24h%2C7d%2C30d%2C1y",third_party,high,"Token price change; market sentiment, not product adoption."
2026-06-28,Centrifuge,CFG token,Tokenization,24H Token Performance,0.4807,%,24H,CoinGecko markets,"https://api.coingecko.com/api/v3/coins/markets?vs_currency=usd&ids=aave,aerodrome-finance,canton-network,centrifuge-2,curve-dao-token,ethena,ether-fi,euler,falcon-finance-ff,hyperliquid,jupiter-exchange-solana,kamino,layerzero,morpho,ondo-finance,pendle,sky,syrup,uniswap,virtual-protocol&order=market_cap_desc&per_page=250&page=1&sparkline=false&price_change_percentage=24h%2C7d%2C30d%2C1y",third_party,high,"Token price change; market sentiment, not product adoption."
2026-06-28,Falcon,FF token,Asset Management,24H Token Performance,0.272,%,24H,CoinGecko markets,"https://api.coingecko.com/api/v3/coins/markets?vs_currency=usd&ids=aave,aerodrome-finance,canton-network,centrifuge-2,curve-dao-token,ethena,ether-fi,euler,falcon-finance-ff,hyperliquid,jupiter-exchange-solana,kamino,layerzero,morpho,ondo-finance,pendle,sky,syrup,uniswap,virtual-protocol&order=market_cap_desc&per_page=250&page=1&sparkline=false&price_change_percentage=24h%2C7d%2C30d%2C1y",third_party,high,"Token price change; market sentiment, not product adoption."
2026-06-28,Curve,CRV token,Spot,24H Token Performance,0.2591,%,24H,CoinGecko markets,"https://api.coingecko.com/api/v3/coins/markets?vs_currency=usd&ids=aave,aerodrome-finance,canton-network,centrifuge-2,curve-dao-token,ethena,ether-fi,euler,falcon-finance-ff,hyperliquid,jupiter-exchange-solana,kamino,layerzero,morpho,ondo-finance,pendle,sky,syrup,uniswap,virtual-protocol&order=market_cap_desc&per_page=250&page=1&sparkline=false&price_change_percentage=24h%2C7d%2C30d%2C1y",third_party,high,"Token price change; market sentiment, not product adoption."
2026-06-28,Uniswap,UNI token,Spot,24H Token Performance,0.2231,%,24H,CoinGecko markets,"https://api.coingecko.com/api/v3/coins/markets?vs_currency=usd&ids=aave,aerodrome-finance,canton-network,centrifuge-2,curve-dao-token,ethena,ether-fi,euler,falcon-finance-ff,hyperliquid,jupiter-exchange-solana,kamino,layerzero,morpho,ondo-finance,pendle,sky,syrup,uniswap,virtual-protocol&order=market_cap_desc&per_page=250&page=1&sparkline=false&price_change_percentage=24h%2C7d%2C30d%2C1y",third_party,high,"Token price change; market sentiment, not product adoption."
2026-06-28,Virtuals,VIRTUAL token,AI,24H Token Performance,0.219,%,24H,CoinGecko markets,"https://api.coingecko.com/api/v3/coins/markets?vs_currency=usd&ids=aave,aerodrome-finance,canton-network,centrifuge-2,curve-dao-token,ethena,ether-fi,euler,falcon-finance-ff,hyperliquid,jupiter-exchange-solana,kamino,layerzero,morpho,ondo-finance,pendle,sky,syrup,uniswap,virtual-protocol&order=market_cap_desc&per_page=250&page=1&sparkline=false&price_change_percentage=24h%2C7d%2C30d%2C1y",third_party,high,"Token price change; market sentiment, not product adoption."
2026-06-28,Maple,SYRUP token,Tokenization,24H Token Performance,-0.3235,%,24H,CoinGecko markets,"https://api.coingecko.com/api/v3/coins/markets?vs_currency=usd&ids=aave,aerodrome-finance,canton-network,centrifuge-2,curve-dao-token,ethena,ether-fi,euler,falcon-finance-ff,hyperliquid,jupiter-exchange-solana,kamino,layerzero,morpho,ondo-finance,pendle,sky,syrup,uniswap,virtual-protocol&order=market_cap_desc&per_page=250&page=1&sparkline=false&price_change_percentage=24h%2C7d%2C30d%2C1y",third_party,high,"Token price change; market sentiment, not product adoption."
2026-06-28,Hyperliquid,HYPE token,Derivatives,24H Token Performance,-0.3259,%,24H,CoinGecko markets,"https://api.coingecko.com/api/v3/coins/markets?vs_currency=usd&ids=aave,aerodrome-finance,canton-network,centrifuge-2,curve-dao-token,ethena,ether-fi,euler,falcon-finance-ff,hyperliquid,jupiter-exchange-solana,kamino,layerzero,morpho,ondo-finance,pendle,sky,syrup,uniswap,virtual-protocol&order=market_cap_desc&per_page=250&page=1&sparkline=false&price_change_percentage=24h%2C7d%2C30d%2C1y",third_party,high,"Token price change; market sentiment, not product adoption."
2026-06-28,Aerodrome,AERO token,Spot,24H Token Performance,-0.587,%,24H,CoinGecko markets,"https://api.coingecko.com/api/v3/coins/markets?vs_currency=usd&ids=aave,aerodrome-finance,canton-network,centrifuge-2,curve-dao-token,ethena,ether-fi,euler,falcon-finance-ff,hyperliquid,jupiter-exchange-solana,kamino,layerzero,morpho,ondo-finance,pendle,sky,syrup,uniswap,virtual-protocol&order=market_cap_desc&per_page=250&page=1&sparkline=false&price_change_percentage=24h%2C7d%2C30d%2C1y",third_party,high,"Token price change; market sentiment, not product adoption."
2026-06-28,Morpho,MORPHO token,Lending,24H Token Performance,-0.7656,%,24H,CoinGecko markets,"https://api.coingecko.com/api/v3/coins/markets?vs_currency=usd&ids=aave,aerodrome-finance,canton-network,centrifuge-2,curve-dao-token,ethena,ether-fi,euler,falcon-finance-ff,hyperliquid,jupiter-exchange-solana,kamino,layerzero,morpho,ondo-finance,pendle,sky,syrup,uniswap,virtual-protocol&order=market_cap_desc&per_page=250&page=1&sparkline=false&price_change_percentage=24h%2C7d%2C30d%2C1y",third_party,high,"Token price change; market sentiment, not product adoption."
2026-06-28,Kamino,KMNO token,Lending,24H Token Performance,-1.9272,%,24H,CoinGecko markets,"https://api.coingecko.com/api/v3/coins/markets?vs_currency=usd&ids=aave,aerodrome-finance,canton-network,centrifuge-2,curve-dao-token,ethena,ether-fi,euler,falcon-finance-ff,hyperliquid,jupiter-exchange-solana,kamino,layerzero,morpho,ondo-finance,pendle,sky,syrup,uniswap,virtual-protocol&order=market_cap_desc&per_page=250&page=1&sparkline=false&price_change_percentage=24h%2C7d%2C30d%2C1y",third_party,high,"Token price change; market sentiment, not product adoption."
2026-06-28,Jupiter,JUP token,Spot,24H Token Performance,-2.1347,%,24H,CoinGecko markets,"https://api.coingecko.com/api/v3/coins/markets?vs_currency=usd&ids=aave,aerodrome-finance,canton-network,centrifuge-2,curve-dao-token,ethena,ether-fi,euler,falcon-finance-ff,hyperliquid,jupiter-exchange-solana,kamino,layerzero,morpho,ondo-finance,pendle,sky,syrup,uniswap,virtual-protocol&order=market_cap_desc&per_page=250&page=1&sparkline=false&price_change_percentage=24h%2C7d%2C30d%2C1y",third_party,high,"Token price change; market sentiment, not product adoption."
2026-06-28,Ondo,ONDO token,Tokenization,24H Token Performance,-2.47,%,24H,CoinGecko markets,"https://api.coingecko.com/api/v3/coins/markets?vs_currency=usd&ids=aave,aerodrome-finance,canton-network,centrifuge-2,curve-dao-token,ethena,ether-fi,euler,falcon-finance-ff,hyperliquid,jupiter-exchange-solana,kamino,layerzero,morpho,ondo-finance,pendle,sky,syrup,uniswap,virtual-protocol&order=market_cap_desc&per_page=250&page=1&sparkline=false&price_change_percentage=24h%2C7d%2C30d%2C1y",third_party,high,"Token price change; market sentiment, not product adoption."
2026-06-28,Ethena,ENA token,Asset Management,24H Token Performance,-3.0258,%,24H,CoinGecko markets,"https://api.coingecko.com/api/v3/coins/markets?vs_currency=usd&ids=aave,aerodrome-finance,canton-network,centrifuge-2,curve-dao-token,ethena,ether-fi,euler,falcon-finance-ff,hyperliquid,jupiter-exchange-solana,kamino,layerzero,morpho,ondo-finance,pendle,sky,syrup,uniswap,virtual-protocol&order=market_cap_desc&per_page=250&page=1&sparkline=false&price_change_percentage=24h%2C7d%2C30d%2C1y",third_party,high,"Token price change; market sentiment, not product adoption."
2026-06-28,EtherFi,ETHFI token,Asset Management,24H Token Performance,-3.7424,%,24H,CoinGecko markets,"https://api.coingecko.com/api/v3/coins/markets?vs_currency=usd&ids=aave,aerodrome-finance,canton-network,centrifuge-2,curve-dao-token,ethena,ether-fi,euler,falcon-finance-ff,hyperliquid,jupiter-exchange-solana,kamino,layerzero,morpho,ondo-finance,pendle,sky,syrup,uniswap,virtual-protocol&order=market_cap_desc&per_page=250&page=1&sparkline=false&price_change_percentage=24h%2C7d%2C30d%2C1y",third_party,high,"Token price change; market sentiment, not product adoption."
2026-06-28,LayerZero,ZRO token,Infra,24H Token Performance,-3.8669,%,24H,CoinGecko markets,"https://api.coingecko.com/api/v3/coins/markets?vs_currency=usd&ids=aave,aerodrome-finance,canton-network,centrifuge-2,curve-dao-token,ethena,ether-fi,euler,falcon-finance-ff,hyperliquid,jupiter-exchange-solana,kamino,layerzero,morpho,ondo-finance,pendle,sky,syrup,uniswap,virtual-protocol&order=market_cap_desc&per_page=250&page=1&sparkline=false&price_change_percentage=24h%2C7d%2C30d%2C1y",third_party,high,"Token price change; market sentiment, not product adoption."
2026-06-28,Aave,AAVE token,Lending,24H Token Performance,-7.5718,%,24H,CoinGecko markets,"https://api.coingecko.com/api/v3/coins/markets?vs_currency=usd&ids=aave,aerodrome-finance,canton-network,centrifuge-2,curve-dao-token,ethena,ether-fi,euler,falcon-finance-ff,hyperliquid,jupiter-exchange-solana,kamino,layerzero,morpho,ondo-finance,pendle,sky,syrup,uniswap,virtual-protocol&order=market_cap_desc&per_page=250&page=1&sparkline=false&price_change_percentage=24h%2C7d%2C30d%2C1y",third_party,high,"Token price change; market sentiment, not product adoption."
2026-06-28,Hyperliquid,HYPE token,Derivatives,24H Token Volume,357988247.0,USD,24H,CoinGecko markets,"https://api.coingecko.com/api/v3/coins/markets?vs_currency=usd&ids=aave,aerodrome-finance,canton-network,centrifuge-2,curve-dao-token,ethena,ether-fi,euler,falcon-finance-ff,hyperliquid,jupiter-exchange-solana,kamino,layerzero,morpho,ondo-finance,pendle,sky,syrup,uniswap,virtual-protocol&order=market_cap_desc&per_page=250&page=1&sparkline=false&price_change_percentage=24h%2C7d%2C30d%2C1y",third_party,high,Token-level market metric from CoinGecko; do not treat as protocol/product usage.
2026-06-28,Aave,AAVE token,Lending,24H Token Volume,304501592.0,USD,24H,CoinGecko markets,"https://api.coingecko.com/api/v3/coins/markets?vs_currency=usd&ids=aave,aerodrome-finance,canton-network,centrifuge-2,curve-dao-token,ethena,ether-fi,euler,falcon-finance-ff,hyperliquid,jupiter-exchange-solana,kamino,layerzero,morpho,ondo-finance,pendle,sky,syrup,uniswap,virtual-protocol&order=market_cap_desc&per_page=250&page=1&sparkline=false&price_change_percentage=24h%2C7d%2C30d%2C1y",third_party,high,Token-level market metric from CoinGecko; do not treat as protocol/product usage.
2026-06-28,Uniswap,UNI token,Spot,24H Token Volume,133754685.0,USD,24H,CoinGecko markets,"https://api.coingecko.com/api/v3/coins/markets?vs_currency=usd&ids=aave,aerodrome-finance,canton-network,centrifuge-2,curve-dao-token,ethena,ether-fi,euler,falcon-finance-ff,hyperliquid,jupiter-exchange-solana,kamino,layerzero,morpho,ondo-finance,pendle,sky,syrup,uniswap,virtual-protocol&order=market_cap_desc&per_page=250&page=1&sparkline=false&price_change_percentage=24h%2C7d%2C30d%2C1y",third_party,high,Token-level market metric from CoinGecko; do not treat as protocol/product usage.
2026-06-28,Ethena,ENA token,Asset Management,24H Token Volume,81999363.0,USD,24H,CoinGecko markets,"https://api.coingecko.com/api/v3/coins/markets?vs_currency=usd&ids=aave,aerodrome-finance,canton-network,centrifuge-2,curve-dao-token,ethena,ether-fi,euler,falcon-finance-ff,hyperliquid,jupiter-exchange-solana,kamino,layerzero,morpho,ondo-finance,pendle,sky,syrup,uniswap,virtual-protocol&order=market_cap_desc&per_page=250&page=1&sparkline=false&price_change_percentage=24h%2C7d%2C30d%2C1y",third_party,high,Token-level market metric from CoinGecko; do not treat as protocol/product usage.
2026-06-28,Virtuals,VIRTUAL token,AI,24H Token Volume,36907276.0,USD,24H,CoinGecko markets,"https://api.coingecko.com/api/v3/coins/markets?vs_currency=usd&ids=aave,aerodrome-finance,canton-network,centrifuge-2,curve-dao-token,ethena,ether-fi,euler,falcon-finance-ff,hyperliquid,jupiter-exchange-solana,kamino,layerzero,morpho,ondo-finance,pendle,sky,syrup,uniswap,virtual-protocol&order=market_cap_desc&per_page=250&page=1&sparkline=false&price_change_percentage=24h%2C7d%2C30d%2C1y",third_party,high,Token-level market metric from CoinGecko; do not treat as protocol/product usage.
2026-06-28,Ondo,ONDO token,Tokenization,24H Token Volume,35460572.0,USD,24H,CoinGecko markets,"https://api.coingecko.com/api/v3/coins/markets?vs_currency=usd&ids=aave,aerodrome-finance,canton-network,centrifuge-2,curve-dao-token,ethena,ether-fi,euler,falcon-finance-ff,hyperliquid,jupiter-exchange-solana,kamino,layerzero,morpho,ondo-finance,pendle,sky,syrup,uniswap,virtual-protocol&order=market_cap_desc&per_page=250&page=1&sparkline=false&price_change_percentage=24h%2C7d%2C30d%2C1y",third_party,high,Token-level market metric from CoinGecko; do not treat as protocol/product usage.
2026-06-28,Jupiter,JUP token,Spot,24H Token Volume,33440217.0,USD,24H,CoinGecko markets,"https://api.coingecko.com/api/v3/coins/markets?vs_currency=usd&ids=aave,aerodrome-finance,canton-network,centrifuge-2,curve-dao-token,ethena,ether-fi,euler,falcon-finance-ff,hyperliquid,jupiter-exchange-solana,kamino,layerzero,morpho,ondo-finance,pendle,sky,syrup,uniswap,virtual-protocol&order=market_cap_desc&per_page=250&page=1&sparkline=false&price_change_percentage=24h%2C7d%2C30d%2C1y",third_party,high,Token-level market metric from CoinGecko; do not treat as protocol/product usage.
2026-06-28,Maple,SYRUP token,Tokenization,24H Token Volume,32935947.0,USD,24H,CoinGecko markets,"https://api.coingecko.com/api/v3/coins/markets?vs_currency=usd&ids=aave,aerodrome-finance,canton-network,centrifuge-2,curve-dao-token,ethena,ether-fi,euler,falcon-finance-ff,hyperliquid,jupiter-exchange-solana,kamino,layerzero,morpho,ondo-finance,pendle,sky,syrup,uniswap,virtual-protocol&order=market_cap_desc&per_page=250&page=1&sparkline=false&price_change_percentage=24h%2C7d%2C30d%2C1y",third_party,high,Token-level market metric from CoinGecko; do not treat as protocol/product usage.
2026-06-28,LayerZero,ZRO token,Infra,24H Token Volume,20948473.0,USD,24H,CoinGecko markets,"https://api.coingecko.com/api/v3/coins/markets?vs_currency=usd&ids=aave,aerodrome-finance,canton-network,centrifuge-2,curve-dao-token,ethena,ether-fi,euler,falcon-finance-ff,hyperliquid,jupiter-exchange-solana,kamino,layerzero,morpho,ondo-finance,pendle,sky,syrup,uniswap,virtual-protocol&order=market_cap_desc&per_page=250&page=1&sparkline=false&price_change_percentage=24h%2C7d%2C30d%2C1y",third_party,high,Token-level market metric from CoinGecko; do not treat as protocol/product usage.
2026-06-28,Pendle,PENDLE token,Derivatives,24H Token Volume,20925717.0,USD,24H,CoinGecko markets,"https://api.coingecko.com/api/v3/coins/markets?vs_currency=usd&ids=aave,aerodrome-finance,canton-network,centrifuge-2,curve-dao-token,ethena,ether-fi,euler,falcon-finance-ff,hyperliquid,jupiter-exchange-solana,kamino,layerzero,morpho,ondo-finance,pendle,sky,syrup,uniswap,virtual-protocol&order=market_cap_desc&per_page=250&page=1&sparkline=false&price_change_percentage=24h%2C7d%2C30d%2C1y",third_party,high,Token-level market metric from CoinGecko; do not treat as protocol/product usage.
2026-06-28,EtherFi,ETHFI token,Asset Management,24H Token Volume,20417982.0,USD,24H,CoinGecko markets,"https://api.coingecko.com/api/v3/coins/markets?vs_currency=usd&ids=aave,aerodrome-finance,canton-network,centrifuge-2,curve-dao-token,ethena,ether-fi,euler,falcon-finance-ff,hyperliquid,jupiter-exchange-solana,kamino,layerzero,morpho,ondo-finance,pendle,sky,syrup,uniswap,virtual-protocol&order=market_cap_desc&per_page=250&page=1&sparkline=false&price_change_percentage=24h%2C7d%2C30d%2C1y",third_party,high,Token-level market metric from CoinGecko; do not treat as protocol/product usage.
2026-06-28,Curve,CRV token,Spot,24H Token Volume,18008372.0,USD,24H,CoinGecko markets,"https://api.coingecko.com/api/v3/coins/markets?vs_currency=usd&ids=aave,aerodrome-finance,canton-network,centrifuge-2,curve-dao-token,ethena,ether-fi,euler,falcon-finance-ff,hyperliquid,jupiter-exchange-solana,kamino,layerzero,morpho,ondo-finance,pendle,sky,syrup,uniswap,virtual-protocol&order=market_cap_desc&per_page=250&page=1&sparkline=false&price_change_percentage=24h%2C7d%2C30d%2C1y",third_party,high,Token-level market metric from CoinGecko; do not treat as protocol/product usage.
2026-06-28,Aerodrome,AERO token,Spot,24H Token Volume,13549849.0,USD,24H,CoinGecko markets,"https://api.coingecko.com/api/v3/coins/markets?vs_currency=usd&ids=aave,aerodrome-finance,canton-network,centrifuge-2,curve-dao-token,ethena,ether-fi,euler,falcon-finance-ff,hyperliquid,jupiter-exchange-solana,kamino,layerzero,morpho,ondo-finance,pendle,sky,syrup,uniswap,virtual-protocol&order=market_cap_desc&per_page=250&page=1&sparkline=false&price_change_percentage=24h%2C7d%2C30d%2C1y",third_party,high,Token-level market metric from CoinGecko; do not treat as protocol/product usage.
2026-06-28,Falcon,FF token,Asset Management,24H Token Volume,9292940.0,USD,24H,CoinGecko markets,"https://api.coingecko.com/api/v3/coins/markets?vs_currency=usd&ids=aave,aerodrome-finance,canton-network,centrifuge-2,curve-dao-token,ethena,ether-fi,euler,falcon-finance-ff,hyperliquid,jupiter-exchange-solana,kamino,layerzero,morpho,ondo-finance,pendle,sky,syrup,uniswap,virtual-protocol&order=market_cap_desc&per_page=250&page=1&sparkline=false&price_change_percentage=24h%2C7d%2C30d%2C1y",third_party,high,Token-level market metric from CoinGecko; do not treat as protocol/product usage.
2026-06-28,Morpho,MORPHO token,Lending,24H Token Volume,7690736.0,USD,24H,CoinGecko markets,"https://api.coingecko.com/api/v3/coins/markets?vs_currency=usd&ids=aave,aerodrome-finance,canton-network,centrifuge-2,curve-dao-token,ethena,ether-fi,euler,falcon-finance-ff,hyperliquid,jupiter-exchange-solana,kamino,layerzero,morpho,ondo-finance,pendle,sky,syrup,uniswap,virtual-protocol&order=market_cap_desc&per_page=250&page=1&sparkline=false&price_change_percentage=24h%2C7d%2C30d%2C1y",third_party,high,Token-level market metric from CoinGecko; do not treat as protocol/product usage.
2026-06-28,Sky,SKY token,Lending,24H Token Volume,6141488.0,USD,24H,CoinGecko markets,"https://api.coingecko.com/api/v3/coins/markets?vs_currency=usd&ids=aave,aerodrome-finance,canton-network,centrifuge-2,curve-dao-token,ethena,ether-fi,euler,falcon-finance-ff,hyperliquid,jupiter-exchange-solana,kamino,layerzero,morpho,ondo-finance,pendle,sky,syrup,uniswap,virtual-protocol&order=market_cap_desc&per_page=250&page=1&sparkline=false&price_change_percentage=24h%2C7d%2C30d%2C1y",third_party,high,Token-level market metric from CoinGecko; do not treat as protocol/product usage.
2026-06-28,Canton,CC token,Infra,24H Token Volume,6063115.0,USD,24H,CoinGecko markets,"https://api.coingecko.com/api/v3/coins/markets?vs_currency=usd&ids=aave,aerodrome-finance,canton-network,centrifuge-2,curve-dao-token,ethena,ether-fi,euler,falcon-finance-ff,hyperliquid,jupiter-exchange-solana,kamino,layerzero,morpho,ondo-finance,pendle,sky,syrup,uniswap,virtual-protocol&order=market_cap_desc&per_page=250&page=1&sparkline=false&price_change_percentage=24h%2C7d%2C30d%2C1y",third_party,high,Token-level market metric from CoinGecko; do not treat as protocol/product usage.
2026-06-28,Centrifuge,CFG token,Tokenization,24H Token Volume,4852252.0,USD,24H,CoinGecko markets,"https://api.coingecko.com/api/v3/coins/markets?vs_currency=usd&ids=aave,aerodrome-finance,canton-network,centrifuge-2,curve-dao-token,ethena,ether-fi,euler,falcon-finance-ff,hyperliquid,jupiter-exchange-solana,kamino,layerzero,morpho,ondo-finance,pendle,sky,syrup,uniswap,virtual-protocol&order=market_cap_desc&per_page=250&page=1&sparkline=false&price_change_percentage=24h%2C7d%2C30d%2C1y",third_party,high,Token-level market metric from CoinGecko; do not treat as protocol/product usage.
2026-06-28,Kamino,KMNO token,Lending,24H Token Volume,4468140.0,USD,24H,CoinGecko markets,"https://api.coingecko.com/api/v3/coins/markets?vs_currency=usd&ids=aave,aerodrome-finance,canton-network,centrifuge-2,curve-dao-token,ethena,ether-fi,euler,falcon-finance-ff,hyperliquid,jupiter-exchange-solana,kamino,layerzero,morpho,ondo-finance,pendle,sky,syrup,uniswap,virtual-protocol&order=market_cap_desc&per_page=250&page=1&sparkline=false&price_change_percentage=24h%2C7d%2C30d%2C1y",third_party,high,Token-level market metric from CoinGecko; do not treat as protocol/product usage.
2026-06-28,Euler,EUL token,Lending,24H Token Volume,2348755.0,USD,24H,CoinGecko markets,"https://api.coingecko.com/api/v3/coins/markets?vs_currency=usd&ids=aave,aerodrome-finance,canton-network,centrifuge-2,curve-dao-token,ethena,ether-fi,euler,falcon-finance-ff,hyperliquid,jupiter-exchange-solana,kamino,layerzero,morpho,ondo-finance,pendle,sky,syrup,uniswap,virtual-protocol&order=market_cap_desc&per_page=250&page=1&sparkline=false&price_change_percentage=24h%2C7d%2C30d%2C1y",third_party,high,Token-level market metric from CoinGecko; do not treat as protocol/product usage.
2026-06-28,Uniswap,Uniswap V4,Spot,30D DEX Volume,24650546751.0,USD,30D,DefiLlama DEX overview,https://api.llama.fi/overview/dexs,third_party,high,DEX volume is source-comparable only for DEX records.
2026-06-28,Uniswap,Uniswap V3,Spot,30D DEX Volume,17466269209.0,USD,30D,DefiLlama DEX overview,https://api.llama.fi/overview/dexs,third_party,high,DEX volume is source-comparable only for DEX records.
2026-06-28,Aerodrome,Aerodrome Slipstream,Spot,30D DEX Volume,15939072774.0,USD,30D,DefiLlama DEX overview,https://api.llama.fi/overview/dexs,third_party,high,DEX volume is source-comparable only for DEX records.
2026-06-28,Curve,Curve Finance,Spot,30D DEX Volume,3560126041.0,USD,30D,DefiLlama DEX overview,https://api.llama.fi/overview/dexs,third_party,high,DEX volume is source-comparable only for DEX records.
2026-06-28,Uniswap,Uniswap V2,Spot,30D DEX Volume,407389246.0,USD,30D,DefiLlama DEX overview,https://api.llama.fi/overview/dexs,third_party,high,DEX volume is source-comparable only for DEX records.
2026-06-28,Aerodrome,Aerodrome V1,Spot,30D DEX Volume,321085976.0,USD,30D,DefiLlama DEX overview,https://api.llama.fi/overview/dexs,third_party,high,DEX volume is source-comparable only for DEX records.
2026-06-28,Uniswap,Uniswap V4,Spot,30D DEX Volume Share,11.1059,%,30D,DefiLlama DEX overview,https://api.llama.fi/overview/dexs,third_party,high,"Share of all DefiLlama-tracked DEX volume over 30D; record-level, not project-blended."
2026-06-28,Uniswap,Uniswap V3,Spot,30D DEX Volume Share,7.8691,%,30D,DefiLlama DEX overview,https://api.llama.fi/overview/dexs,third_party,high,"Share of all DefiLlama-tracked DEX volume over 30D; record-level, not project-blended."
2026-06-28,Aerodrome,Aerodrome Slipstream,Spot,30D DEX Volume Share,7.1811,%,30D,DefiLlama DEX overview,https://api.llama.fi/overview/dexs,third_party,high,"Share of all DefiLlama-tracked DEX volume over 30D; record-level, not project-blended."
2026-06-28,Curve,Curve Finance,Spot,30D DEX Volume Share,1.6039,%,30D,DefiLlama DEX overview,https://api.llama.fi/overview/dexs,third_party,high,"Share of all DefiLlama-tracked DEX volume over 30D; record-level, not project-blended."
2026-06-28,Uniswap,Uniswap V2,Spot,30D DEX Volume Share,0.1835,%,30D,DefiLlama DEX overview,https://api.llama.fi/overview/dexs,third_party,high,"Share of all DefiLlama-tracked DEX volume over 30D; record-level, not project-blended."
2026-06-28,Aerodrome,Aerodrome V1,Spot,30D DEX Volume Share,0.1447,%,30D,DefiLlama DEX overview,https://api.llama.fi/overview/dexs,third_party,high,"Share of all DefiLlama-tracked DEX volume over 30D; record-level, not project-blended."
2026-06-28,Hyperliquid,Hyperliquid Perps,Derivatives,30D Derivatives Volume,74840321420.03,USD,30D,Hyperliquid info API,https://api.hyperliquid.xyz/info,third_party,high,Rolling 16-day perp volume from native API daily snapshots (target: 30 days). Source: Hyperliquid info API.
2026-06-28,Canton,Canton Network,Infra,30D Fee Growth,-10.41,%,30D,DefiLlama fees overview,https://api.llama.fi/overview/fees,third_party,medium,Fee growth precomputed by DefiLlama (current window vs prior window).
2026-06-28,Aave,Aave V3,Lending,30D Fee Growth,-24.29,%,30D,DefiLlama fees overview,https://api.llama.fi/overview/fees,third_party,high,Fee growth precomputed by DefiLlama (current window vs prior window).
2026-06-28,Aave,Aave V4,Lending,30D Fee Growth,-33.6,%,30D,DefiLlama fees overview,https://api.llama.fi/overview/fees,third_party,medium,Fee growth precomputed by DefiLlama (current window vs prior window).
2026-06-28,Uniswap,Uniswap V4,Spot,30D Fee Growth,-53.7,%,30D,DefiLlama fees overview,https://api.llama.fi/overview/fees,third_party,high,Fee growth precomputed by DefiLlama (current window vs prior window).
2026-06-28,Falcon,Falcon Finance,Asset Management,30D Fee Growth,-55.31,%,30D,DefiLlama fees overview,https://api.llama.fi/overview/fees,third_party,medium,Fee growth precomputed by DefiLlama (current window vs prior window).
2026-06-28,Uniswap,Uniswap V3,Spot,30D Fee Growth,-56.78,%,30D,DefiLlama fees overview,https://api.llama.fi/overview/fees,third_party,high,Fee growth precomputed by DefiLlama (current window vs prior window).
2026-06-28,Uniswap,Uniswap V2,Spot,30D Fee Growth,-57.64,%,30D,DefiLlama fees overview,https://api.llama.fi/overview/fees,third_party,high,Fee growth precomputed by DefiLlama (current window vs prior window).
2026-06-28,Pendle,Pendle,Derivatives,30D Fee Growth,-63.12,%,30D,DefiLlama fees overview,https://api.llama.fi/overview/fees,third_party,high,Fee growth precomputed by DefiLlama (current window vs prior window).
2026-06-28,Aerodrome,Aerodrome Slipstream,Spot,30D Fee Growth,-63.24,%,30D,DefiLlama fees overview,https://api.llama.fi/overview/fees,third_party,high,Fee growth precomputed by DefiLlama (current window vs prior window).
2026-06-28,Hyperliquid,Hyperliquid HLP,Derivatives,30D Fee Growth,-64.82,%,30D,DefiLlama fees overview,https://api.llama.fi/overview/fees,third_party,medium,Fee growth precomputed by DefiLlama (current window vs prior window).
2026-06-28,Aerodrome,Aerodrome V1,Spot,30D Fee Growth,-67.64,%,30D,DefiLlama fees overview,https://api.llama.fi/overview/fees,third_party,high,Fee growth precomputed by DefiLlama (current window vs prior window).
2026-06-28,Virtuals,Virtuals Protocol,AI,30D Fee Growth,-74.65,%,30D,DefiLlama fees overview,https://api.llama.fi/overview/fees,third_party,medium,Fee growth precomputed by DefiLlama (current window vs prior window).
2026-06-28,Pendle,Pendle Boros,Derivatives,30D Fee Growth,-77.68,%,30D,DefiLlama fees overview,https://api.llama.fi/overview/fees,third_party,medium,Fee growth precomputed by DefiLlama (current window vs prior window).
2026-06-28,Centrifuge,Centrifuge,Tokenization,30D Fee Growth,-84.77,%,30D,DefiLlama fees overview,https://api.llama.fi/overview/fees,third_party,high,Fee growth precomputed by DefiLlama (current window vs prior window).
2026-06-28,Canton,Canton Network,Infra,30D Fee Share,3.361,%,30D,DefiLlama fees overview,https://api.llama.fi/overview/fees,third_party,medium,"Share of all DefiLlama-tracked fees over 30D; record-level, summed per project in the dashboard."
2026-06-28,Aave,Aave V3,Lending,30D Fee Share,2.2539,%,30D,DefiLlama fees overview,https://api.llama.fi/overview/fees,third_party,high,"Share of all DefiLlama-tracked fees over 30D; record-level, summed per project in the dashboard."
2026-06-28,Uniswap,Uniswap V3,Spot,30D Fee Share,1.2518,%,30D,DefiLlama fees overview,https://api.llama.fi/overview/fees,third_party,high,"Share of all DefiLlama-tracked fees over 30D; record-level, summed per project in the dashboard."
2026-06-28,Uniswap,Uniswap V4,Spot,30D Fee Share,1.1112,%,30D,DefiLlama fees overview,https://api.llama.fi/overview/fees,third_party,high,"Share of all DefiLlama-tracked fees over 30D; record-level, summed per project in the dashboard."
2026-06-28,Aerodrome,Aerodrome Slipstream,Spot,30D Fee Share,0.4378,%,30D,DefiLlama fees overview,https://api.llama.fi/overview/fees,third_party,high,"Share of all DefiLlama-tracked fees over 30D; record-level, summed per project in the dashboard."
2026-06-28,Centrifuge,Centrifuge,Tokenization,30D Fee Share,0.2304,%,30D,DefiLlama fees overview,https://api.llama.fi/overview/fees,third_party,high,"Share of all DefiLlama-tracked fees over 30D; record-level, summed per project in the dashboard."
2026-06-28,Aerodrome,Aerodrome V1,Spot,30D Fee Share,0.0799,%,30D,DefiLlama fees overview,https://api.llama.fi/overview/fees,third_party,high,"Share of all DefiLlama-tracked fees over 30D; record-level, summed per project in the dashboard."
2026-06-28,Uniswap,Uniswap V2,Spot,30D Fee Share,0.0743,%,30D,DefiLlama fees overview,https://api.llama.fi/overview/fees,third_party,high,"Share of all DefiLlama-tracked fees over 30D; record-level, summed per project in the dashboard."
2026-06-28,Pendle,Pendle,Derivatives,30D Fee Share,0.0538,%,30D,DefiLlama fees overview,https://api.llama.fi/overview/fees,third_party,high,"Share of all DefiLlama-tracked fees over 30D; record-level, summed per project in the dashboard."
2026-06-28,Hyperliquid,Hyperliquid HLP,Derivatives,30D Fee Share,0.0355,%,30D,DefiLlama fees overview,https://api.llama.fi/overview/fees,third_party,medium,"Share of all DefiLlama-tracked fees over 30D; record-level, summed per project in the dashboard."
2026-06-28,Falcon,Falcon Finance,Asset Management,30D Fee Share,0.018,%,30D,DefiLlama fees overview,https://api.llama.fi/overview/fees,third_party,medium,"Share of all DefiLlama-tracked fees over 30D; record-level, summed per project in the dashboard."
2026-06-28,Virtuals,Virtuals Protocol,AI,30D Fee Share,0.0166,%,30D,DefiLlama fees overview,https://api.llama.fi/overview/fees,third_party,medium,"Share of all DefiLlama-tracked fees over 30D; record-level, summed per project in the dashboard."
2026-06-28,Aave,Aave V4,Lending,30D Fee Share,0.0089,%,30D,DefiLlama fees overview,https://api.llama.fi/overview/fees,third_party,medium,"Share of all DefiLlama-tracked fees over 30D; record-level, summed per project in the dashboard."
2026-06-28,LayerZero,LayerZero V2,Infra,30D Fee Share,0.0053,%,30D,DefiLlama fees overview,https://api.llama.fi/overview/fees,third_party,medium,"Share of all DefiLlama-tracked fees over 30D; record-level, summed per project in the dashboard."
2026-06-28,Pendle,Pendle Boros,Derivatives,30D Fee Share,0.0025,%,30D,DefiLlama fees overview,https://api.llama.fi/overview/fees,third_party,medium,"Share of all DefiLlama-tracked fees over 30D; record-level, summed per project in the dashboard."
2026-06-28,Hyperliquid,Hyperliquid Exchange,Derivatives,30D Fees,79859228.0,USD,30D,DefiLlama fees,https://api.llama.fi/summary/fees/hyperliquid?dataType=dailyFees,third_party,high,30D Fees from DefiLlama fees endpoint. Methodology should be reviewed before final citation.
2026-06-28,Canton,Canton Network,Infra,30D Fees,59912214.0,USD,30D,DefiLlama fees,https://api.llama.fi/summary/fees/canton?dataType=dailyFees,third_party,medium,30D Fees from DefiLlama fees endpoint. Methodology should be reviewed before final citation.
2026-06-28,Aave,Aave V3,Lending,30D Fees,40178749.0,USD,30D,DefiLlama fees,https://api.llama.fi/summary/fees/aave-v3?dataType=dailyFees,third_party,high,30D Fees from DefiLlama fees endpoint. Methodology should be reviewed before final citation.
2026-06-28,Sky,Sky Lending,Lending,30D Fees,30684231.0,USD,30D,DefiLlama fees,https://api.llama.fi/summary/fees/sky-lending?dataType=dailyFees,third_party,high,30D Fees from DefiLlama fees endpoint. Methodology should be reviewed before final citation.
2026-06-28,Uniswap,Uniswap V3,Spot,30D Fees,22314324.0,USD,30D,DefiLlama fees,https://api.llama.fi/summary/fees/uniswap-v3?dataType=dailyFees,third_party,high,30D Fees from DefiLlama fees endpoint. Methodology should be reviewed before final citation.
2026-06-28,Morpho,Morpho Blue,Lending,30D Fees,20447795.0,USD,30D,DefiLlama fees,https://api.llama.fi/summary/fees/morpho-blue?dataType=dailyFees,third_party,high,30D Fees from DefiLlama fees endpoint. Methodology should be reviewed before final citation.
2026-06-28,Uniswap,Uniswap V4,Spot,30D Fees,19807802.0,USD,30D,DefiLlama fees,https://api.llama.fi/summary/fees/uniswap-v4?dataType=dailyFees,third_party,high,30D Fees from DefiLlama fees endpoint. Methodology should be reviewed before final citation.
2026-06-28,Ethena,Ethena USDe,Asset Management,30D Fees,16537624.0,USD,30D,DefiLlama fees,https://api.llama.fi/summary/fees/ethena-usde?dataType=dailyFees,third_party,high,30D Fees from DefiLlama fees endpoint. Methodology should be reviewed before final citation.
2026-06-28,Jupiter,Jupiter Perpetual Exchange,Derivatives,30D Fees,11115762.0,USD,30D,DefiLlama fees,https://api.llama.fi/summary/fees/jupiter-perpetual-exchange?dataType=dailyFees,third_party,medium,30D Fees from DefiLlama fees endpoint. Methodology should be reviewed before final citation.
2026-06-28,Maple,Maple Finance,Lending,30D Fees,9353941.0,USD,30D,DefiLlama fees,https://api.llama.fi/summary/fees/maple?dataType=dailyFees,third_party,high,30D Fees from DefiLlama fees endpoint. Methodology should be reviewed before final citation.
2026-06-28,Aerodrome,Aerodrome V1,Spot,30D Fees,9228478.0,USD,30D,DefiLlama fees,https://api.llama.fi/summary/fees/aerodrome?dataType=dailyFees,third_party,high,30D Fees from DefiLlama fees endpoint. Methodology should be reviewed before final citation.
2026-06-28,Aerodrome,Aerodrome Slipstream,Spot,30D Fees,7803799.0,USD,30D,DefiLlama fees,https://api.llama.fi/summary/fees/aerodrome-slipstream?dataType=dailyFees,third_party,high,30D Fees from DefiLlama fees endpoint. Methodology should be reviewed before final citation.
2026-06-28,Curve,Curve Finance,Spot,30D Fees,5490453.0,USD,30D,DefiLlama fees,https://api.llama.fi/summary/fees/curve-finance?dataType=dailyFees,third_party,high,30D Fees from DefiLlama fees endpoint. Methodology should be reviewed before final citation.
2026-06-28,Ondo,Ondo Yield Assets,Tokenization,30D Fees,5056711.0,USD,30D,DefiLlama fees,https://api.llama.fi/summary/fees/ondo-yield-assets?dataType=dailyFees,third_party,high,30D Fees from DefiLlama fees endpoint. Methodology should be reviewed before final citation.
2026-06-28,Kamino,Kamino,Lending,30D Fees,4398789.0,USD,30D,DefiLlama fees,https://api.llama.fi/summary/fees/kamino?dataType=dailyFees,third_party,high,30D Fees from DefiLlama fees endpoint. Methodology should be reviewed before final citation.
2026-06-28,Centrifuge,Centrifuge,Tokenization,30D Fees,4106919.0,USD,30D,DefiLlama fees,https://api.llama.fi/summary/fees/centrifuge?dataType=dailyFees,third_party,high,30D Fees from DefiLlama fees endpoint. Methodology should be reviewed before final citation.
2026-06-28,EtherFi,EtherFi Cash,Asset Management,30D Fees,3172754.0,USD,30D,DefiLlama fees,https://api.llama.fi/summary/fees/etherfi-cash-liquid?dataType=dailyFees,third_party,medium,30D Fees from DefiLlama fees endpoint. Methodology should be reviewed before final citation.
2026-06-28,Hyperliquid,Hyperliquid Spot Orderbook,Derivatives,30D Fees,2820133.0,USD,30D,DefiLlama fees,https://api.llama.fi/summary/fees/hyperliquid-spot-orderbook?dataType=dailyFees,third_party,medium,30D Fees from DefiLlama fees endpoint. Methodology should be reviewed before final citation.
2026-06-28,Euler,Euler V2,Lending,30D Fees,2105779.0,USD,30D,DefiLlama fees,https://api.llama.fi/summary/fees/euler-v2?dataType=dailyFees,third_party,high,30D Fees from DefiLlama fees endpoint. Methodology should be reviewed before final citation.
2026-06-28,Uniswap,Uniswap V2,Spot,30D Fees,1323604.0,USD,30D,DefiLlama fees,https://api.llama.fi/summary/fees/uniswap-v2?dataType=dailyFees,third_party,high,30D Fees from DefiLlama fees endpoint. Methodology should be reviewed before final citation.
2026-06-28,Pendle,Pendle,Derivatives,30D Fees,959226.0,USD,30D,DefiLlama fees,https://api.llama.fi/summary/fees/pendle?dataType=dailyFees,third_party,high,30D Fees from DefiLlama fees endpoint. Methodology should be reviewed before final citation.
2026-06-28,Hyperliquid,Hyperliquid HLP,Derivatives,30D Fees,633392.0,USD,30D,DefiLlama fees,https://api.llama.fi/summary/fees/hyperliquid-hlp?dataType=dailyFees,third_party,medium,30D Fees from DefiLlama fees endpoint. Methodology should be reviewed before final citation.
2026-06-28,Falcon,Falcon Finance,Asset Management,30D Fees,320283.0,USD,30D,DefiLlama fees,https://api.llama.fi/summary/fees/falcon-finance?dataType=dailyFees,third_party,medium,30D Fees from DefiLlama fees endpoint. Methodology should be reviewed before final citation.
2026-06-28,Aave,Aave V4,Lending,30D Fees,159297.0,USD,30D,DefiLlama fees,https://api.llama.fi/summary/fees/aave-v4?dataType=dailyFees,third_party,medium,30D Fees from DefiLlama fees endpoint. Methodology should be reviewed before final citation.
2026-06-28,LayerZero,LayerZero V2,Infra,30D Fees,151817.0,USD,30D,DefiLlama fees,https://api.llama.fi/summary/fees/layerzero?dataType=dailyFees,third_party,medium,30D Fees from DefiLlama fees endpoint. Methodology should be reviewed before final citation.
2026-06-28,Pendle,Pendle Boros,Derivatives,30D Fees,44947.0,USD,30D,DefiLlama fees,https://api.llama.fi/summary/fees/boros?dataType=dailyFees,third_party,medium,30D Fees from DefiLlama fees endpoint. Methodology should be reviewed before final citation.
2026-06-28,Hyperliquid,Hyperliquid Exchange,Derivatives,30D Holders Revenue,62707481.0,USD,30D,DefiLlama fees,https://api.llama.fi/summary/fees/hyperliquid?dataType=dailyHoldersRevenue,third_party,high,30D Holders Revenue from DefiLlama fees endpoint. Methodology should be reviewed before final citation.
2026-06-28,Canton,Canton Network,Infra,30D Holders Revenue,59912214.0,USD,30D,DefiLlama fees,https://api.llama.fi/summary/fees/canton?dataType=dailyHoldersRevenue,third_party,medium,30D Holders Revenue from DefiLlama fees endpoint. Methodology should be reviewed before final citation.
2026-06-28,Uniswap,Uniswap V3,Spot,30D Holders Revenue,5019379.0,USD,30D,DefiLlama fees,https://api.llama.fi/summary/fees/uniswap-v3?dataType=dailyHoldersRevenue,third_party,high,30D Holders Revenue from DefiLlama fees endpoint. Methodology should be reviewed before final citation.
2026-06-28,Aerodrome,Aerodrome V1,Spot,30D Holders Revenue,4953006.0,USD,30D,DefiLlama fees,https://api.llama.fi/summary/fees/aerodrome?dataType=dailyHoldersRevenue,third_party,high,30D Holders Revenue from DefiLlama fees endpoint. Methodology should be reviewed before final citation.
2026-06-28,Aerodrome,Aerodrome Slipstream,Spot,30D Holders Revenue,4089234.0,USD,30D,DefiLlama fees,https://api.llama.fi/summary/fees/aerodrome-slipstream?dataType=dailyHoldersRevenue,third_party,high,30D Holders Revenue from DefiLlama fees endpoint. Methodology should be reviewed before final citation.
2026-06-28,Hyperliquid,Hyperliquid Spot Orderbook,Derivatives,30D Holders Revenue,2416377.0,USD,30D,DefiLlama fees,https://api.llama.fi/summary/fees/hyperliquid-spot-orderbook?dataType=dailyHoldersRevenue,third_party,medium,30D Holders Revenue from DefiLlama fees endpoint. Methodology should be reviewed before final citation.
2026-06-28,Jupiter,Jupiter Perpetual Exchange,Derivatives,30D Holders Revenue,1389472.0,USD,30D,DefiLlama fees,https://api.llama.fi/summary/fees/jupiter-perpetual-exchange?dataType=dailyHoldersRevenue,third_party,medium,30D Holders Revenue from DefiLlama fees endpoint. Methodology should be reviewed before final citation.
2026-06-28,Sky,Sky Lending,Lending,30D Holders Revenue,1112070.0,USD,30D,DefiLlama fees,https://api.llama.fi/summary/fees/sky-lending?dataType=dailyHoldersRevenue,third_party,high,30D Holders Revenue from DefiLlama fees endpoint. Methodology should be reviewed before final citation.
2026-06-28,Curve,Curve Finance,Spot,30D Holders Revenue,792386.0,USD,30D,DefiLlama fees,https://api.llama.fi/summary/fees/curve-finance?dataType=dailyHoldersRevenue,third_party,high,30D Holders Revenue from DefiLlama fees endpoint. Methodology should be reviewed before final citation.
2026-06-28,Pendle,Pendle,Derivatives,30D Holders Revenue,752370.0,USD,30D,DefiLlama fees,https://api.llama.fi/summary/fees/pendle?dataType=dailyHoldersRevenue,third_party,high,30D Holders Revenue from DefiLlama fees endpoint. Methodology should be reviewed before final citation.
2026-06-28,Aave,Aave V3,Lending,30D Holders Revenue,576548.0,USD,30D,DefiLlama fees,https://api.llama.fi/summary/fees/aave-v3?dataType=dailyHoldersRevenue,third_party,high,30D Holders Revenue from DefiLlama fees endpoint. Methodology should be reviewed before final citation.
2026-06-28,Maple,Maple Finance,Lending,30D Holders Revenue,275829.0,USD,30D,DefiLlama fees,https://api.llama.fi/summary/fees/maple?dataType=dailyHoldersRevenue,third_party,high,30D Holders Revenue from DefiLlama fees endpoint. Methodology should be reviewed before final citation.
2026-06-28,LayerZero,LayerZero V2,Infra,30D Holders Revenue,141229.0,USD,30D,DefiLlama fees,https://api.llama.fi/summary/fees/layerzero?dataType=dailyHoldersRevenue,third_party,medium,30D Holders Revenue from DefiLlama fees endpoint. Methodology should be reviewed before final citation.
2026-06-28,Uniswap,Uniswap V2,Spot,30D Holders Revenue,13041.0,USD,30D,DefiLlama fees,https://api.llama.fi/summary/fees/uniswap-v2?dataType=dailyHoldersRevenue,third_party,high,30D Holders Revenue from DefiLlama fees endpoint. Methodology should be reviewed before final citation.
2026-06-28,Hyperliquid,Hyperliquid Exchange,Derivatives,30D Revenue,62707481.0,USD,30D,DefiLlama fees,https://api.llama.fi/summary/fees/hyperliquid?dataType=dailyRevenue,third_party,high,30D Revenue from DefiLlama fees endpoint. Methodology should be reviewed before final citation.
2026-06-28,Canton,Canton Network,Infra,30D Revenue,59912214.0,USD,30D,DefiLlama fees,https://api.llama.fi/summary/fees/canton?dataType=dailyRevenue,third_party,medium,30D Revenue from DefiLlama fees endpoint. Methodology should be reviewed before final citation.
2026-06-28,Sky,Sky Lending,Lending,30D Revenue,12697710.0,USD,30D,DefiLlama fees,https://api.llama.fi/summary/fees/sky-lending?dataType=dailyRevenue,third_party,high,30D Revenue from DefiLlama fees endpoint. Methodology should be reviewed before final citation.
2026-06-28,Uniswap,Uniswap V3,Spot,30D Revenue,5019379.0,USD,30D,DefiLlama fees,https://api.llama.fi/summary/fees/uniswap-v3?dataType=dailyRevenue,third_party,high,30D Revenue from DefiLlama fees endpoint. Methodology should be reviewed before final citation.
2026-06-28,Aave,Aave V3,Lending,30D Revenue,4975142.0,USD,30D,DefiLlama fees,https://api.llama.fi/summary/fees/aave-v3?dataType=dailyRevenue,third_party,high,30D Revenue from DefiLlama fees endpoint. Methodology should be reviewed before final citation.
2026-06-28,Aerodrome,Aerodrome V1,Spot,30D Revenue,4953006.0,USD,30D,DefiLlama fees,https://api.llama.fi/summary/fees/aerodrome?dataType=dailyRevenue,third_party,high,30D Revenue from DefiLlama fees endpoint. Methodology should be reviewed before final citation.
2026-06-28,Aerodrome,Aerodrome Slipstream,Spot,30D Revenue,4089234.0,USD,30D,DefiLlama fees,https://api.llama.fi/summary/fees/aerodrome-slipstream?dataType=dailyRevenue,third_party,high,30D Revenue from DefiLlama fees endpoint. Methodology should be reviewed before final citation.
2026-06-28,Jupiter,Jupiter Perpetual Exchange,Derivatives,30D Revenue,2778941.0,USD,30D,DefiLlama fees,https://api.llama.fi/summary/fees/jupiter-perpetual-exchange?dataType=dailyRevenue,third_party,medium,30D Revenue from DefiLlama fees endpoint. Methodology should be reviewed before final citation.
2026-06-28,Hyperliquid,Hyperliquid Spot Orderbook,Derivatives,30D Revenue,2416377.0,USD,30D,DefiLlama fees,https://api.llama.fi/summary/fees/hyperliquid-spot-orderbook?dataType=dailyRevenue,third_party,medium,30D Revenue from DefiLlama fees endpoint. Methodology should be reviewed before final citation.
2026-06-28,EtherFi,EtherFi Cash,Asset Management,30D Revenue,1142484.0,USD,30D,DefiLlama fees,https://api.llama.fi/summary/fees/etherfi-cash-liquid?dataType=dailyRevenue,third_party,medium,30D Revenue from DefiLlama fees endpoint. Methodology should be reviewed before final citation.
2026-06-28,Maple,Maple Finance,Lending,30D Revenue,1103303.0,USD,30D,DefiLlama fees,https://api.llama.fi/summary/fees/maple?dataType=dailyRevenue,third_party,high,30D Revenue from DefiLlama fees endpoint. Methodology should be reviewed before final citation.
2026-06-28,Pendle,Pendle,Derivatives,30D Revenue,940473.0,USD,30D,DefiLlama fees,https://api.llama.fi/summary/fees/pendle?dataType=dailyRevenue,third_party,high,30D Revenue from DefiLlama fees endpoint. Methodology should be reviewed before final citation.
2026-06-28,Curve,Curve Finance,Spot,30D Revenue,880069.0,USD,30D,DefiLlama fees,https://api.llama.fi/summary/fees/curve-finance?dataType=dailyRevenue,third_party,high,30D Revenue from DefiLlama fees endpoint. Methodology should be reviewed before final citation.
2026-06-28,Kamino,Kamino,Lending,30D Revenue,675708.0,USD,30D,DefiLlama fees,https://api.llama.fi/summary/fees/kamino?dataType=dailyRevenue,third_party,high,30D Revenue from DefiLlama fees endpoint. Methodology should be reviewed before final citation.
2026-06-28,Centrifuge,Centrifuge,Tokenization,30D Revenue,427987.0,USD,30D,DefiLlama fees,https://api.llama.fi/summary/fees/centrifuge?dataType=dailyRevenue,third_party,high,30D Revenue from DefiLlama fees endpoint. Methodology should be reviewed before final citation.
2026-06-28,LayerZero,LayerZero V2,Infra,30D Revenue,141229.0,USD,30D,DefiLlama fees,https://api.llama.fi/summary/fees/layerzero?dataType=dailyRevenue,third_party,medium,30D Revenue from DefiLlama fees endpoint. Methodology should be reviewed before final citation.
2026-06-28,Euler,Euler V2,Lending,30D Revenue,62227.0,USD,30D,DefiLlama fees,https://api.llama.fi/summary/fees/euler-v2?dataType=dailyRevenue,third_party,high,30D Revenue from DefiLlama fees endpoint. Methodology should be reviewed before final citation.
2026-06-28,Ethena,Ethena USDe,Asset Management,30D Revenue,58277.0,USD,30D,DefiLlama fees,https://api.llama.fi/summary/fees/ethena-usde?dataType=dailyRevenue,third_party,high,30D Revenue from DefiLlama fees endpoint. Methodology should be reviewed before final citation.
2026-06-28,Pendle,Pendle Boros,Derivatives,30D Revenue,42473.0,USD,30D,DefiLlama fees,https://api.llama.fi/summary/fees/boros?dataType=dailyRevenue,third_party,medium,30D Revenue from DefiLlama fees endpoint. Methodology should be reviewed before final citation.
2026-06-28,Aave,Aave V4,Lending,30D Revenue,17454.0,USD,30D,DefiLlama fees,https://api.llama.fi/summary/fees/aave-v4?dataType=dailyRevenue,third_party,medium,30D Revenue from DefiLlama fees endpoint. Methodology should be reviewed before final citation.
2026-06-28,Uniswap,Uniswap V2,Spot,30D Revenue,13041.0,USD,30D,DefiLlama fees,https://api.llama.fi/summary/fees/uniswap-v2?dataType=dailyRevenue,third_party,high,30D Revenue from DefiLlama fees endpoint. Methodology should be reviewed before final citation.
2026-06-28,Jupiter,JUP token,Spot,30D Token Performance,23.4254,%,30D,CoinGecko markets,"https://api.coingecko.com/api/v3/coins/markets?vs_currency=usd&ids=aave,aerodrome-finance,canton-network,centrifuge-2,curve-dao-token,ethena,ether-fi,euler,falcon-finance-ff,hyperliquid,jupiter-exchange-solana,kamino,layerzero,morpho,ondo-finance,pendle,sky,syrup,uniswap,virtual-protocol&order=market_cap_desc&per_page=250&page=1&sparkline=false&price_change_percentage=24h%2C7d%2C30d%2C1y",third_party,high,"Token price change; market sentiment, not product adoption."
2026-06-28,Aerodrome,AERO token,Spot,30D Token Performance,13.3652,%,30D,CoinGecko markets,"https://api.coingecko.com/api/v3/coins/markets?vs_currency=usd&ids=aave,aerodrome-finance,canton-network,centrifuge-2,curve-dao-token,ethena,ether-fi,euler,falcon-finance-ff,hyperliquid,jupiter-exchange-solana,kamino,layerzero,morpho,ondo-finance,pendle,sky,syrup,uniswap,virtual-protocol&order=market_cap_desc&per_page=250&page=1&sparkline=false&price_change_percentage=24h%2C7d%2C30d%2C1y",third_party,high,"Token price change; market sentiment, not product adoption."
2026-06-28,Kamino,KMNO token,Lending,30D Token Performance,8.2851,%,30D,CoinGecko markets,"https://api.coingecko.com/api/v3/coins/markets?vs_currency=usd&ids=aave,aerodrome-finance,canton-network,centrifuge-2,curve-dao-token,ethena,ether-fi,euler,falcon-finance-ff,hyperliquid,jupiter-exchange-solana,kamino,layerzero,morpho,ondo-finance,pendle,sky,syrup,uniswap,virtual-protocol&order=market_cap_desc&per_page=250&page=1&sparkline=false&price_change_percentage=24h%2C7d%2C30d%2C1y",third_party,high,"Token price change; market sentiment, not product adoption."
2026-06-28,Aave,AAVE token,Lending,30D Token Performance,8.0964,%,30D,CoinGecko markets,"https://api.coingecko.com/api/v3/coins/markets?vs_currency=usd&ids=aave,aerodrome-finance,canton-network,centrifuge-2,curve-dao-token,ethena,ether-fi,euler,falcon-finance-ff,hyperliquid,jupiter-exchange-solana,kamino,layerzero,morpho,ondo-finance,pendle,sky,syrup,uniswap,virtual-protocol&order=market_cap_desc&per_page=250&page=1&sparkline=false&price_change_percentage=24h%2C7d%2C30d%2C1y",third_party,high,"Token price change; market sentiment, not product adoption."
2026-06-28,Hyperliquid,HYPE token,Derivatives,30D Token Performance,1.5028,%,30D,CoinGecko markets,"https://api.coingecko.com/api/v3/coins/markets?vs_currency=usd&ids=aave,aerodrome-finance,canton-network,centrifuge-2,curve-dao-token,ethena,ether-fi,euler,falcon-finance-ff,hyperliquid,jupiter-exchange-solana,kamino,layerzero,morpho,ondo-finance,pendle,sky,syrup,uniswap,virtual-protocol&order=market_cap_desc&per_page=250&page=1&sparkline=false&price_change_percentage=24h%2C7d%2C30d%2C1y",third_party,high,"Token price change; market sentiment, not product adoption."
2026-06-28,Uniswap,UNI token,Spot,30D Token Performance,-2.6475,%,30D,CoinGecko markets,"https://api.coingecko.com/api/v3/coins/markets?vs_currency=usd&ids=aave,aerodrome-finance,canton-network,centrifuge-2,curve-dao-token,ethena,ether-fi,euler,falcon-finance-ff,hyperliquid,jupiter-exchange-solana,kamino,layerzero,morpho,ondo-finance,pendle,sky,syrup,uniswap,virtual-protocol&order=market_cap_desc&per_page=250&page=1&sparkline=false&price_change_percentage=24h%2C7d%2C30d%2C1y",third_party,high,"Token price change; market sentiment, not product adoption."
2026-06-28,Canton,CC token,Infra,30D Token Performance,-2.8218,%,30D,CoinGecko markets,"https://api.coingecko.com/api/v3/coins/markets?vs_currency=usd&ids=aave,aerodrome-finance,canton-network,centrifuge-2,curve-dao-token,ethena,ether-fi,euler,falcon-finance-ff,hyperliquid,jupiter-exchange-solana,kamino,layerzero,morpho,ondo-finance,pendle,sky,syrup,uniswap,virtual-protocol&order=market_cap_desc&per_page=250&page=1&sparkline=false&price_change_percentage=24h%2C7d%2C30d%2C1y",third_party,high,"Token price change; market sentiment, not product adoption."
2026-06-28,Maple,SYRUP token,Tokenization,30D Token Performance,-4.6354,%,30D,CoinGecko markets,"https://api.coingecko.com/api/v3/coins/markets?vs_currency=usd&ids=aave,aerodrome-finance,canton-network,centrifuge-2,curve-dao-token,ethena,ether-fi,euler,falcon-finance-ff,hyperliquid,jupiter-exchange-solana,kamino,layerzero,morpho,ondo-finance,pendle,sky,syrup,uniswap,virtual-protocol&order=market_cap_desc&per_page=250&page=1&sparkline=false&price_change_percentage=24h%2C7d%2C30d%2C1y",third_party,high,"Token price change; market sentiment, not product adoption."
2026-06-28,Curve,CRV token,Spot,30D Token Performance,-8.9685,%,30D,CoinGecko markets,"https://api.coingecko.com/api/v3/coins/markets?vs_currency=usd&ids=aave,aerodrome-finance,canton-network,centrifuge-2,curve-dao-token,ethena,ether-fi,euler,falcon-finance-ff,hyperliquid,jupiter-exchange-solana,kamino,layerzero,morpho,ondo-finance,pendle,sky,syrup,uniswap,virtual-protocol&order=market_cap_desc&per_page=250&page=1&sparkline=false&price_change_percentage=24h%2C7d%2C30d%2C1y",third_party,high,"Token price change; market sentiment, not product adoption."
2026-06-28,Pendle,PENDLE token,Derivatives,30D Token Performance,-11.7336,%,30D,CoinGecko markets,"https://api.coingecko.com/api/v3/coins/markets?vs_currency=usd&ids=aave,aerodrome-finance,canton-network,centrifuge-2,curve-dao-token,ethena,ether-fi,euler,falcon-finance-ff,hyperliquid,jupiter-exchange-solana,kamino,layerzero,morpho,ondo-finance,pendle,sky,syrup,uniswap,virtual-protocol&order=market_cap_desc&per_page=250&page=1&sparkline=false&price_change_percentage=24h%2C7d%2C30d%2C1y",third_party,high,"Token price change; market sentiment, not product adoption."
2026-06-28,Ethena,ENA token,Asset Management,30D Token Performance,-11.8516,%,30D,CoinGecko markets,"https://api.coingecko.com/api/v3/coins/markets?vs_currency=usd&ids=aave,aerodrome-finance,canton-network,centrifuge-2,curve-dao-token,ethena,ether-fi,euler,falcon-finance-ff,hyperliquid,jupiter-exchange-solana,kamino,layerzero,morpho,ondo-finance,pendle,sky,syrup,uniswap,virtual-protocol&order=market_cap_desc&per_page=250&page=1&sparkline=false&price_change_percentage=24h%2C7d%2C30d%2C1y",third_party,high,"Token price change; market sentiment, not product adoption."
2026-06-28,EtherFi,ETHFI token,Asset Management,30D Token Performance,-11.9837,%,30D,CoinGecko markets,"https://api.coingecko.com/api/v3/coins/markets?vs_currency=usd&ids=aave,aerodrome-finance,canton-network,centrifuge-2,curve-dao-token,ethena,ether-fi,euler,falcon-finance-ff,hyperliquid,jupiter-exchange-solana,kamino,layerzero,morpho,ondo-finance,pendle,sky,syrup,uniswap,virtual-protocol&order=market_cap_desc&per_page=250&page=1&sparkline=false&price_change_percentage=24h%2C7d%2C30d%2C1y",third_party,high,"Token price change; market sentiment, not product adoption."
2026-06-28,Morpho,MORPHO token,Lending,30D Token Performance,-15.1314,%,30D,CoinGecko markets,"https://api.coingecko.com/api/v3/coins/markets?vs_currency=usd&ids=aave,aerodrome-finance,canton-network,centrifuge-2,curve-dao-token,ethena,ether-fi,euler,falcon-finance-ff,hyperliquid,jupiter-exchange-solana,kamino,layerzero,morpho,ondo-finance,pendle,sky,syrup,uniswap,virtual-protocol&order=market_cap_desc&per_page=250&page=1&sparkline=false&price_change_percentage=24h%2C7d%2C30d%2C1y",third_party,high,"Token price change; market sentiment, not product adoption."
2026-06-28,Euler,EUL token,Lending,30D Token Performance,-15.4351,%,30D,CoinGecko markets,"https://api.coingecko.com/api/v3/coins/markets?vs_currency=usd&ids=aave,aerodrome-finance,canton-network,centrifuge-2,curve-dao-token,ethena,ether-fi,euler,falcon-finance-ff,hyperliquid,jupiter-exchange-solana,kamino,layerzero,morpho,ondo-finance,pendle,sky,syrup,uniswap,virtual-protocol&order=market_cap_desc&per_page=250&page=1&sparkline=false&price_change_percentage=24h%2C7d%2C30d%2C1y",third_party,high,"Token price change; market sentiment, not product adoption."
2026-06-28,Ondo,ONDO token,Tokenization,30D Token Performance,-16.1811,%,30D,CoinGecko markets,"https://api.coingecko.com/api/v3/coins/markets?vs_currency=usd&ids=aave,aerodrome-finance,canton-network,centrifuge-2,curve-dao-token,ethena,ether-fi,euler,falcon-finance-ff,hyperliquid,jupiter-exchange-solana,kamino,layerzero,morpho,ondo-finance,pendle,sky,syrup,uniswap,virtual-protocol&order=market_cap_desc&per_page=250&page=1&sparkline=false&price_change_percentage=24h%2C7d%2C30d%2C1y",third_party,high,"Token price change; market sentiment, not product adoption."
2026-06-28,Centrifuge,CFG token,Tokenization,30D Token Performance,-21.243,%,30D,CoinGecko markets,"https://api.coingecko.com/api/v3/coins/markets?vs_currency=usd&ids=aave,aerodrome-finance,canton-network,centrifuge-2,curve-dao-token,ethena,ether-fi,euler,falcon-finance-ff,hyperliquid,jupiter-exchange-solana,kamino,layerzero,morpho,ondo-finance,pendle,sky,syrup,uniswap,virtual-protocol&order=market_cap_desc&per_page=250&page=1&sparkline=false&price_change_percentage=24h%2C7d%2C30d%2C1y",third_party,high,"Token price change; market sentiment, not product adoption."
2026-06-28,Sky,SKY token,Lending,30D Token Performance,-23.4868,%,30D,CoinGecko markets,"https://api.coingecko.com/api/v3/coins/markets?vs_currency=usd&ids=aave,aerodrome-finance,canton-network,centrifuge-2,curve-dao-token,ethena,ether-fi,euler,falcon-finance-ff,hyperliquid,jupiter-exchange-solana,kamino,layerzero,morpho,ondo-finance,pendle,sky,syrup,uniswap,virtual-protocol&order=market_cap_desc&per_page=250&page=1&sparkline=false&price_change_percentage=24h%2C7d%2C30d%2C1y",third_party,high,"Token price change; market sentiment, not product adoption."
2026-06-28,Virtuals,VIRTUAL token,AI,30D Token Performance,-26.5266,%,30D,CoinGecko markets,"https://api.coingecko.com/api/v3/coins/markets?vs_currency=usd&ids=aave,aerodrome-finance,canton-network,centrifuge-2,curve-dao-token,ethena,ether-fi,euler,falcon-finance-ff,hyperliquid,jupiter-exchange-solana,kamino,layerzero,morpho,ondo-finance,pendle,sky,syrup,uniswap,virtual-protocol&order=market_cap_desc&per_page=250&page=1&sparkline=false&price_change_percentage=24h%2C7d%2C30d%2C1y",third_party,high,"Token price change; market sentiment, not product adoption."
2026-06-28,LayerZero,ZRO token,Infra,30D Token Performance,-34.3106,%,30D,CoinGecko markets,"https://api.coingecko.com/api/v3/coins/markets?vs_currency=usd&ids=aave,aerodrome-finance,canton-network,centrifuge-2,curve-dao-token,ethena,ether-fi,euler,falcon-finance-ff,hyperliquid,jupiter-exchange-solana,kamino,layerzero,morpho,ondo-finance,pendle,sky,syrup,uniswap,virtual-protocol&order=market_cap_desc&per_page=250&page=1&sparkline=false&price_change_percentage=24h%2C7d%2C30d%2C1y",third_party,high,"Token price change; market sentiment, not product adoption."
2026-06-28,Falcon,FF token,Asset Management,30D Token Performance,-39.9048,%,30D,CoinGecko markets,"https://api.coingecko.com/api/v3/coins/markets?vs_currency=usd&ids=aave,aerodrome-finance,canton-network,centrifuge-2,curve-dao-token,ethena,ether-fi,euler,falcon-finance-ff,hyperliquid,jupiter-exchange-solana,kamino,layerzero,morpho,ondo-finance,pendle,sky,syrup,uniswap,virtual-protocol&order=market_cap_desc&per_page=250&page=1&sparkline=false&price_change_percentage=24h%2C7d%2C30d%2C1y",third_party,high,"Token price change; market sentiment, not product adoption."
2026-06-28,Uniswap,Uniswap,Spot,7D Active Wallets,823395.0,wallets,7D,Dune dex.trades,https://api.dune.com/api/v1/sql/execute,third_party,medium,7D active wallets from Dune dex.trades using distinct tx_from across all supported chains for this project. Treat as protocol-interaction wallets for the covered DEX surface.
2026-06-28,Aerodrome,Aerodrome,Spot,7D Active Wallets,83632.0,wallets,7D,Dune dex.trades,https://api.dune.com/api/v1/sql/execute,third_party,medium,7D active wallets from Dune dex.trades using distinct tx_from across all supported chains for this project. Treat as protocol-interaction wallets for the covered DEX surface.
2026-06-28,Curve,Curve,Spot,7D Active Wallets,16848.0,wallets,7D,Dune dex.trades,https://api.dune.com/api/v1/sql/execute,third_party,medium,7D active wallets from Dune dex.trades using distinct tx_from across all supported chains for this project. Treat as protocol-interaction wallets for the covered DEX surface.
2026-06-28,Uniswap,Uniswap V4,Spot,7D DEX Volume,4811140237.0,USD,7D,DefiLlama DEX overview,https://api.llama.fi/overview/dexs,third_party,high,DEX volume is source-comparable only for DEX records.
2026-06-28,Uniswap,Uniswap V3,Spot,7D DEX Volume,3605235010.0,USD,7D,DefiLlama DEX overview,https://api.llama.fi/overview/dexs,third_party,high,DEX volume is source-comparable only for DEX records.
2026-06-28,Aerodrome,Aerodrome Slipstream,Spot,7D DEX Volume,3145717304.0,USD,7D,DefiLlama DEX overview,https://api.llama.fi/overview/dexs,third_party,high,DEX volume is source-comparable only for DEX records.
2026-06-28,Curve,Curve Finance,Spot,7D DEX Volume,595776318.0,USD,7D,DefiLlama DEX overview,https://api.llama.fi/overview/dexs,third_party,high,DEX volume is source-comparable only for DEX records.
2026-06-28,Aerodrome,Aerodrome V1,Spot,7D DEX Volume,68569169.0,USD,7D,DefiLlama DEX overview,https://api.llama.fi/overview/dexs,third_party,high,DEX volume is source-comparable only for DEX records.
2026-06-28,Uniswap,Uniswap V2,Spot,7D DEX Volume,65342673.0,USD,7D,DefiLlama DEX overview,https://api.llama.fi/overview/dexs,third_party,high,DEX volume is source-comparable only for DEX records.
2026-06-28,Aave,Aave V4,Lending,7D Fee Growth,185.84,%,7D,DefiLlama fees overview,https://api.llama.fi/overview/fees,third_party,medium,Fee growth precomputed by DefiLlama (current window vs prior window).
2026-06-28,Pendle,Pendle,Derivatives,7D Fee Growth,135.86,%,7D,DefiLlama fees overview,https://api.llama.fi/overview/fees,third_party,high,Fee growth precomputed by DefiLlama (current window vs prior window).
2026-06-28,Uniswap,Uniswap V3,Spot,7D Fee Growth,20.84,%,7D,DefiLlama fees overview,https://api.llama.fi/overview/fees,third_party,high,Fee growth precomputed by DefiLlama (current window vs prior window).
2026-06-28,Aerodrome,Aerodrome Slipstream,Spot,7D Fee Growth,14.05,%,7D,DefiLlama fees overview,https://api.llama.fi/overview/fees,third_party,high,Fee growth precomputed by DefiLlama (current window vs prior window).
2026-06-28,Aave,Aave V3,Lending,7D Fee Growth,9.98,%,7D,DefiLlama fees overview,https://api.llama.fi/overview/fees,third_party,high,Fee growth precomputed by DefiLlama (current window vs prior window).
2026-06-28,Falcon,Falcon Finance,Asset Management,7D Fee Growth,-2.57,%,7D,DefiLlama fees overview,https://api.llama.fi/overview/fees,third_party,medium,Fee growth precomputed by DefiLlama (current window vs prior window).
2026-06-28,Hyperliquid,Hyperliquid HLP,Derivatives,7D Fee Growth,-3.2,%,7D,DefiLlama fees overview,https://api.llama.fi/overview/fees,third_party,medium,Fee growth precomputed by DefiLlama (current window vs prior window).
2026-06-28,Pendle,Pendle Boros,Derivatives,7D Fee Growth,-10.52,%,7D,DefiLlama fees overview,https://api.llama.fi/overview/fees,third_party,medium,Fee growth precomputed by DefiLlama (current window vs prior window).
2026-06-28,Aerodrome,Aerodrome V1,Spot,7D Fee Growth,-11.87,%,7D,DefiLlama fees overview,https://api.llama.fi/overview/fees,third_party,high,Fee growth precomputed by DefiLlama (current window vs prior window).
2026-06-28,Canton,Canton Network,Infra,7D Fee Growth,-13.54,%,7D,DefiLlama fees overview,https://api.llama.fi/overview/fees,third_party,medium,Fee growth precomputed by DefiLlama (current window vs prior window).
2026-06-28,Virtuals,Virtuals Protocol,AI,7D Fee Growth,-18.12,%,7D,DefiLlama fees overview,https://api.llama.fi/overview/fees,third_party,medium,Fee growth precomputed by DefiLlama (current window vs prior window).
2026-06-28,Uniswap,Uniswap V4,Spot,7D Fee Growth,-22.03,%,7D,DefiLlama fees overview,https://api.llama.fi/overview/fees,third_party,high,Fee growth precomputed by DefiLlama (current window vs prior window).
2026-06-28,Uniswap,Uniswap V2,Spot,7D Fee Growth,-45.99,%,7D,DefiLlama fees overview,https://api.llama.fi/overview/fees,third_party,high,Fee growth precomputed by DefiLlama (current window vs prior window).
2026-06-28,Centrifuge,Centrifuge,Tokenization,7D Fee Growth,-69.0,%,7D,DefiLlama fees overview,https://api.llama.fi/overview/fees,third_party,high,Fee growth precomputed by DefiLlama (current window vs prior window).
2026-06-28,LayerZero,LayerZero V2,Infra,7D Fee Growth,-87.36,%,7D,DefiLlama fees overview,https://api.llama.fi/overview/fees,third_party,medium,Fee growth precomputed by DefiLlama (current window vs prior window).
2026-06-28,Canton,Canton Network,Infra,7D Fee Share,3.3276,%,7D,DefiLlama fees overview,https://api.llama.fi/overview/fees,third_party,medium,"Share of all DefiLlama-tracked fees over 7D; record-level, summed per project in the dashboard."
2026-06-28,Aave,Aave V3,Lending,7D Fee Share,1.9254,%,7D,DefiLlama fees overview,https://api.llama.fi/overview/fees,third_party,high,"Share of all DefiLlama-tracked fees over 7D; record-level, summed per project in the dashboard."
2026-06-28,Uniswap,Uniswap V3,Spot,7D Fee Share,1.226,%,7D,DefiLlama fees overview,https://api.llama.fi/overview/fees,third_party,high,"Share of all DefiLlama-tracked fees over 7D; record-level, summed per project in the dashboard."
2026-06-28,Uniswap,Uniswap V4,Spot,7D Fee Share,0.8324,%,7D,DefiLlama fees overview,https://api.llama.fi/overview/fees,third_party,high,"Share of all DefiLlama-tracked fees over 7D; record-level, summed per project in the dashboard."
2026-06-28,Aerodrome,Aerodrome Slipstream,Spot,7D Fee Share,0.4184,%,7D,DefiLlama fees overview,https://api.llama.fi/overview/fees,third_party,high,"Share of all DefiLlama-tracked fees over 7D; record-level, summed per project in the dashboard."
2026-06-28,Centrifuge,Centrifuge,Tokenization,7D Fee Share,0.1245,%,7D,DefiLlama fees overview,https://api.llama.fi/overview/fees,third_party,high,"Share of all DefiLlama-tracked fees over 7D; record-level, summed per project in the dashboard."
2026-06-28,Pendle,Pendle,Derivatives,7D Fee Share,0.1025,%,7D,DefiLlama fees overview,https://api.llama.fi/overview/fees,third_party,high,"Share of all DefiLlama-tracked fees over 7D; record-level, summed per project in the dashboard."
2026-06-28,Aerodrome,Aerodrome V1,Spot,7D Fee Share,0.0827,%,7D,DefiLlama fees overview,https://api.llama.fi/overview/fees,third_party,high,"Share of all DefiLlama-tracked fees over 7D; record-level, summed per project in the dashboard."
2026-06-28,Uniswap,Uniswap V2,Spot,7D Fee Share,0.0518,%,7D,DefiLlama fees overview,https://api.llama.fi/overview/fees,third_party,high,"Share of all DefiLlama-tracked fees over 7D; record-level, summed per project in the dashboard."
2026-06-28,Hyperliquid,Hyperliquid HLP,Derivatives,7D Fee Share,0.0301,%,7D,DefiLlama fees overview,https://api.llama.fi/overview/fees,third_party,medium,"Share of all DefiLlama-tracked fees over 7D; record-level, summed per project in the dashboard."
2026-06-28,Aave,Aave V4,Lending,7D Fee Share,0.0187,%,7D,DefiLlama fees overview,https://api.llama.fi/overview/fees,third_party,medium,"Share of all DefiLlama-tracked fees over 7D; record-level, summed per project in the dashboard."
2026-06-28,Falcon,Falcon Finance,Asset Management,7D Fee Share,0.0183,%,7D,DefiLlama fees overview,https://api.llama.fi/overview/fees,third_party,medium,"Share of all DefiLlama-tracked fees over 7D; record-level, summed per project in the dashboard."
2026-06-28,Virtuals,Virtuals Protocol,AI,7D Fee Share,0.0125,%,7D,DefiLlama fees overview,https://api.llama.fi/overview/fees,third_party,medium,"Share of all DefiLlama-tracked fees over 7D; record-level, summed per project in the dashboard."
2026-06-28,Pendle,Pendle Boros,Derivatives,7D Fee Share,0.0026,%,7D,DefiLlama fees overview,https://api.llama.fi/overview/fees,third_party,medium,"Share of all DefiLlama-tracked fees over 7D; record-level, summed per project in the dashboard."
2026-06-28,LayerZero,LayerZero V2,Infra,7D Fee Share,0.0008,%,7D,DefiLlama fees overview,https://api.llama.fi/overview/fees,third_party,medium,"Share of all DefiLlama-tracked fees over 7D; record-level, summed per project in the dashboard."
2026-06-28,Hyperliquid,Hyperliquid Exchange,Derivatives,7D Fees,15418372.0,USD,7D,DefiLlama fees,https://api.llama.fi/summary/fees/hyperliquid?dataType=dailyFees,third_party,high,7D Fees from the same DefiLlama fees response as the 30D figure.
2026-06-28,Canton,Canton Network,Infra,7D Fees,12921332.0,USD,7D,DefiLlama fees,https://api.llama.fi/summary/fees/canton?dataType=dailyFees,third_party,medium,7D Fees from the same DefiLlama fees response as the 30D figure.
2026-06-28,Aave,Aave V3,Lending,7D Fees,7476623.0,USD,7D,DefiLlama fees,https://api.llama.fi/summary/fees/aave-v3?dataType=dailyFees,third_party,high,7D Fees from the same DefiLlama fees response as the 30D figure.
2026-06-28,Sky,Sky Lending,Lending,7D Fees,7077588.0,USD,7D,DefiLlama fees,https://api.llama.fi/summary/fees/sky-lending?dataType=dailyFees,third_party,high,7D Fees from the same DefiLlama fees response as the 30D figure.
2026-06-28,Uniswap,Uniswap V3,Spot,7D Fees,4760537.0,USD,7D,DefiLlama fees,https://api.llama.fi/summary/fees/uniswap-v3?dataType=dailyFees,third_party,high,7D Fees from the same DefiLlama fees response as the 30D figure.
2026-06-28,Morpho,Morpho Blue,Lending,7D Fees,4325309.0,USD,7D,DefiLlama fees,https://api.llama.fi/summary/fees/morpho-blue?dataType=dailyFees,third_party,high,7D Fees from the same DefiLlama fees response as the 30D figure.
2026-06-28,Ethena,Ethena USDe,Asset Management,7D Fees,3316367.0,USD,7D,DefiLlama fees,https://api.llama.fi/summary/fees/ethena-usde?dataType=dailyFees,third_party,high,7D Fees from the same DefiLlama fees response as the 30D figure.
2026-06-28,Uniswap,Uniswap V4,Spot,7D Fees,3232353.0,USD,7D,DefiLlama fees,https://api.llama.fi/summary/fees/uniswap-v4?dataType=dailyFees,third_party,high,7D Fees from the same DefiLlama fees response as the 30D figure.
2026-06-28,Jupiter,Jupiter Perpetual Exchange,Derivatives,7D Fees,2750012.0,USD,7D,DefiLlama fees,https://api.llama.fi/summary/fees/jupiter-perpetual-exchange?dataType=dailyFees,third_party,medium,7D Fees from the same DefiLlama fees response as the 30D figure.
2026-06-28,Aerodrome,Aerodrome V1,Spot,7D Fees,1946117.0,USD,7D,DefiLlama fees,https://api.llama.fi/summary/fees/aerodrome?dataType=dailyFees,third_party,high,7D Fees from the same DefiLlama fees response as the 30D figure.
2026-06-28,Maple,Maple Finance,Lending,7D Fees,1839043.0,USD,7D,DefiLlama fees,https://api.llama.fi/summary/fees/maple?dataType=dailyFees,third_party,high,7D Fees from the same DefiLlama fees response as the 30D figure.
2026-06-28,Aerodrome,Aerodrome Slipstream,Spot,7D Fees,1624860.0,USD,7D,DefiLlama fees,https://api.llama.fi/summary/fees/aerodrome-slipstream?dataType=dailyFees,third_party,high,7D Fees from the same DefiLlama fees response as the 30D figure.
2026-06-28,Ondo,Ondo Yield Assets,Tokenization,7D Fees,1561324.0,USD,7D,DefiLlama fees,https://api.llama.fi/summary/fees/ondo-yield-assets?dataType=dailyFees,third_party,high,7D Fees from the same DefiLlama fees response as the 30D figure.
2026-06-28,Curve,Curve Finance,Spot,7D Fees,1243727.0,USD,7D,DefiLlama fees,https://api.llama.fi/summary/fees/curve-finance?dataType=dailyFees,third_party,high,7D Fees from the same DefiLlama fees response as the 30D figure.
2026-06-28,Kamino,Kamino,Lending,7D Fees,904267.0,USD,7D,DefiLlama fees,https://api.llama.fi/summary/fees/kamino?dataType=dailyFees,third_party,high,7D Fees from the same DefiLlama fees response as the 30D figure.
2026-06-28,EtherFi,EtherFi Cash,Asset Management,7D Fees,665549.0,USD,7D,DefiLlama fees,https://api.llama.fi/summary/fees/etherfi-cash-liquid?dataType=dailyFees,third_party,medium,7D Fees from the same DefiLlama fees response as the 30D figure.
2026-06-28,Euler,Euler V2,Lending,7D Fees,485651.0,USD,7D,DefiLlama fees,https://api.llama.fi/summary/fees/euler-v2?dataType=dailyFees,third_party,high,7D Fees from the same DefiLlama fees response as the 30D figure.
2026-06-28,Centrifuge,Centrifuge,Tokenization,7D Fees,483542.0,USD,7D,DefiLlama fees,https://api.llama.fi/summary/fees/centrifuge?dataType=dailyFees,third_party,high,7D Fees from the same DefiLlama fees response as the 30D figure.
2026-06-28,Hyperliquid,Hyperliquid Spot Orderbook,Derivatives,7D Fees,424964.0,USD,7D,DefiLlama fees,https://api.llama.fi/summary/fees/hyperliquid-spot-orderbook?dataType=dailyFees,third_party,medium,7D Fees from the same DefiLlama fees response as the 30D figure.
2026-06-28,Pendle,Pendle,Derivatives,7D Fees,398190.0,USD,7D,DefiLlama fees,https://api.llama.fi/summary/fees/pendle?dataType=dailyFees,third_party,high,7D Fees from the same DefiLlama fees response as the 30D figure.
2026-06-28,Uniswap,Uniswap V2,Spot,7D Fees,201031.0,USD,7D,DefiLlama fees,https://api.llama.fi/summary/fees/uniswap-v2?dataType=dailyFees,third_party,high,7D Fees from the same DefiLlama fees response as the 30D figure.
2026-06-28,Hyperliquid,Hyperliquid HLP,Derivatives,7D Fees,116709.0,USD,7D,DefiLlama fees,https://api.llama.fi/summary/fees/hyperliquid-hlp?dataType=dailyFees,third_party,medium,7D Fees from the same DefiLlama fees response as the 30D figure.
2026-06-28,Aave,Aave V4,Lending,7D Fees,72463.0,USD,7D,DefiLlama fees,https://api.llama.fi/summary/fees/aave-v4?dataType=dailyFees,third_party,medium,7D Fees from the same DefiLlama fees response as the 30D figure.
2026-06-28,Falcon,Falcon Finance,Asset Management,7D Fees,71234.0,USD,7D,DefiLlama fees,https://api.llama.fi/summary/fees/falcon-finance?dataType=dailyFees,third_party,medium,7D Fees from the same DefiLlama fees response as the 30D figure.
2026-06-28,LayerZero,LayerZero V2,Infra,7D Fees,34281.0,USD,7D,DefiLlama fees,https://api.llama.fi/summary/fees/layerzero?dataType=dailyFees,third_party,medium,7D Fees from the same DefiLlama fees response as the 30D figure.
2026-06-28,Pendle,Pendle Boros,Derivatives,7D Fees,9927.0,USD,7D,DefiLlama fees,https://api.llama.fi/summary/fees/boros?dataType=dailyFees,third_party,medium,7D Fees from the same DefiLlama fees response as the 30D figure.
2026-06-28,Canton,Canton Network,Infra,7D Revenue,12921332.0,USD,7D,DefiLlama fees,https://api.llama.fi/summary/fees/canton?dataType=dailyRevenue,third_party,medium,7D Revenue from the same DefiLlama fees response as the 30D figure.
2026-06-28,Hyperliquid,Hyperliquid Exchange,Derivatives,7D Revenue,11554059.0,USD,7D,DefiLlama fees,https://api.llama.fi/summary/fees/hyperliquid?dataType=dailyRevenue,third_party,high,7D Revenue from the same DefiLlama fees response as the 30D figure.
2026-06-28,Sky,Sky Lending,Lending,7D Revenue,3081358.0,USD,7D,DefiLlama fees,https://api.llama.fi/summary/fees/sky-lending?dataType=dailyRevenue,third_party,high,7D Revenue from the same DefiLlama fees response as the 30D figure.
2026-06-28,Aerodrome,Aerodrome V1,Spot,7D Revenue,1158968.0,USD,7D,DefiLlama fees,https://api.llama.fi/summary/fees/aerodrome?dataType=dailyRevenue,third_party,high,7D Revenue from the same DefiLlama fees response as the 30D figure.
2026-06-28,Uniswap,Uniswap V3,Spot,7D Revenue,1043245.0,USD,7D,DefiLlama fees,https://api.llama.fi/summary/fees/uniswap-v3?dataType=dailyRevenue,third_party,high,7D Revenue from the same DefiLlama fees response as the 30D figure.
2026-06-28,Aave,Aave V3,Lending,7D Revenue,946718.0,USD,7D,DefiLlama fees,https://api.llama.fi/summary/fees/aave-v3?dataType=dailyRevenue,third_party,high,7D Revenue from the same DefiLlama fees response as the 30D figure.
2026-06-28,Aerodrome,Aerodrome Slipstream,Spot,7D Revenue,927036.0,USD,7D,DefiLlama fees,https://api.llama.fi/summary/fees/aerodrome-slipstream?dataType=dailyRevenue,third_party,high,7D Revenue from the same DefiLlama fees response as the 30D figure.
2026-06-28,Jupiter,Jupiter Perpetual Exchange,Derivatives,7D Revenue,687502.0,USD,7D,DefiLlama fees,https://api.llama.fi/summary/fees/jupiter-perpetual-exchange?dataType=dailyRevenue,third_party,medium,7D Revenue from the same DefiLlama fees response as the 30D figure.
2026-06-28,Pendle,Pendle,Derivatives,7D Revenue,394262.0,USD,7D,DefiLlama fees,https://api.llama.fi/summary/fees/pendle?dataType=dailyRevenue,third_party,high,7D Revenue from the same DefiLlama fees response as the 30D figure.
2026-06-28,Hyperliquid,Hyperliquid Spot Orderbook,Derivatives,7D Revenue,343042.0,USD,7D,DefiLlama fees,https://api.llama.fi/summary/fees/hyperliquid-spot-orderbook?dataType=dailyRevenue,third_party,medium,7D Revenue from the same DefiLlama fees response as the 30D figure.
2026-06-28,EtherFi,EtherFi Cash,Asset Management,7D Revenue,251689.0,USD,7D,DefiLlama fees,https://api.llama.fi/summary/fees/etherfi-cash-liquid?dataType=dailyRevenue,third_party,medium,7D Revenue from the same DefiLlama fees response as the 30D figure.
2026-06-28,Maple,Maple Finance,Lending,7D Revenue,216955.0,USD,7D,DefiLlama fees,https://api.llama.fi/summary/fees/maple?dataType=dailyRevenue,third_party,high,7D Revenue from the same DefiLlama fees response as the 30D figure.
2026-06-28,Curve,Curve Finance,Spot,7D Revenue,151140.0,USD,7D,DefiLlama fees,https://api.llama.fi/summary/fees/curve-finance?dataType=dailyRevenue,third_party,high,7D Revenue from the same DefiLlama fees response as the 30D figure.
2026-06-28,Kamino,Kamino,Lending,7D Revenue,133775.0,USD,7D,DefiLlama fees,https://api.llama.fi/summary/fees/kamino?dataType=dailyRevenue,third_party,high,7D Revenue from the same DefiLlama fees response as the 30D figure.
2026-06-28,Centrifuge,Centrifuge,Tokenization,7D Revenue,112142.0,USD,7D,DefiLlama fees,https://api.llama.fi/summary/fees/centrifuge?dataType=dailyRevenue,third_party,high,7D Revenue from the same DefiLlama fees response as the 30D figure.
2026-06-28,Ethena,Ethena USDe,Asset Management,7D Revenue,17651.0,USD,7D,DefiLlama fees,https://api.llama.fi/summary/fees/ethena-usde?dataType=dailyRevenue,third_party,high,7D Revenue from the same DefiLlama fees response as the 30D figure.
2026-06-28,Euler,Euler V2,Lending,7D Revenue,14582.0,USD,7D,DefiLlama fees,https://api.llama.fi/summary/fees/euler-v2?dataType=dailyRevenue,third_party,high,7D Revenue from the same DefiLlama fees response as the 30D figure.
2026-06-28,Pendle,Pendle Boros,Derivatives,7D Revenue,9491.0,USD,7D,DefiLlama fees,https://api.llama.fi/summary/fees/boros?dataType=dailyRevenue,third_party,medium,7D Revenue from the same DefiLlama fees response as the 30D figure.
2026-06-28,Aave,Aave V4,Lending,7D Revenue,7602.0,USD,7D,DefiLlama fees,https://api.llama.fi/summary/fees/aave-v4?dataType=dailyRevenue,third_party,medium,7D Revenue from the same DefiLlama fees response as the 30D figure.
2026-06-28,Uniswap,Uniswap V4,Spot,7D TVL Growth,19.1281,%,7D,DefiLlama protocol,https://api.llama.fi/protocols,third_party,high,"Point-in-time TVL change over 7 days, precomputed by DefiLlama."
2026-06-28,Maple,Maple Finance,Lending,7D TVL Growth,10.8968,%,7D,DefiLlama protocol,https://api.llama.fi/protocols,third_party,high,"Point-in-time TVL change over 7 days, precomputed by DefiLlama."
2026-06-28,Aave,Aave V4,Lending,7D TVL Growth,5.2758,%,7D,DefiLlama protocol,https://api.llama.fi/protocols,third_party,medium,"Point-in-time TVL change over 7 days, precomputed by DefiLlama."
2026-06-28,Hyperliquid,Hyperliquid Spot Orderbook,Derivatives,7D TVL Growth,1.5071,%,7D,DefiLlama protocol,https://api.llama.fi/protocols,third_party,medium,"Point-in-time TVL change over 7 days, precomputed by DefiLlama."
2026-06-28,Aerodrome,Aerodrome Slipstream,Spot,7D TVL Growth,0.7177,%,7D,DefiLlama protocol,https://api.llama.fi/protocols,third_party,high,"Point-in-time TVL change over 7 days, precomputed by DefiLlama."
2026-06-28,Centrifuge,Centrifuge,Tokenization,7D TVL Growth,0.0533,%,7D,DefiLlama protocol,https://api.llama.fi/protocols,third_party,high,"Point-in-time TVL change over 7 days, precomputed by DefiLlama."
2026-06-28,Ethena,Ethena USDe,Asset Management,7D TVL Growth,-0.8025,%,7D,DefiLlama protocol,https://api.llama.fi/protocols,third_party,high,"Point-in-time TVL change over 7 days, precomputed by DefiLlama."
2026-06-28,Sky,Sky RWA,Tokenization,7D TVL Growth,-1.0144,%,7D,DefiLlama protocol,https://api.llama.fi/protocols,third_party,medium,"Point-in-time TVL change over 7 days, precomputed by DefiLlama."
2026-06-28,Jupiter,Jupiter Lend,Lending,7D TVL Growth,-1.6453,%,7D,DefiLlama protocol,https://api.llama.fi/protocols,third_party,medium,"Point-in-time TVL change over 7 days, precomputed by DefiLlama."
2026-06-28,Sky,Sky Lending,Lending,7D TVL Growth,-2.0279,%,7D,DefiLlama protocol,https://api.llama.fi/protocols,third_party,high,"Point-in-time TVL change over 7 days, precomputed by DefiLlama."
2026-06-28,Jupiter,Jupiter Staked SOL,Asset Management,7D TVL Growth,-2.0626,%,7D,DefiLlama protocol,https://api.llama.fi/protocols,third_party,medium,"Point-in-time TVL change over 7 days, precomputed by DefiLlama."
2026-06-28,Jupiter,Jupiter Perpetual Exchange,Derivatives,7D TVL Growth,-2.1082,%,7D,DefiLlama protocol,https://api.llama.fi/protocols,third_party,medium,"Point-in-time TVL change over 7 days, precomputed by DefiLlama."
2026-06-28,Hyperliquid,Hyperliquid HLP,Derivatives,7D TVL Growth,-2.2879,%,7D,DefiLlama protocol,https://api.llama.fi/protocols,third_party,medium,"Point-in-time TVL change over 7 days, precomputed by DefiLlama."
2026-06-28,Ondo,Ondo Yield Assets,Tokenization,7D TVL Growth,-2.6271,%,7D,DefiLlama protocol,https://api.llama.fi/protocols,third_party,high,"Point-in-time TVL change over 7 days, precomputed by DefiLlama."
2026-06-28,Kamino,Kamino,Lending,7D TVL Growth,-2.6966,%,7D,DefiLlama protocol,https://api.llama.fi/protocols,third_party,high,"Point-in-time TVL change over 7 days, precomputed by DefiLlama."
2026-06-28,Euler,Euler V2,Lending,7D TVL Growth,-2.7692,%,7D,DefiLlama protocol,https://api.llama.fi/protocols,third_party,high,"Point-in-time TVL change over 7 days, precomputed by DefiLlama."
2026-06-28,Sky,Sky Money,Asset Management,7D TVL Growth,-2.8477,%,7D,DefiLlama protocol,https://api.llama.fi/protocols,third_party,medium,"Point-in-time TVL change over 7 days, precomputed by DefiLlama."
2026-06-28,Falcon,Falcon Finance,Asset Management,7D TVL Growth,-3.2562,%,7D,DefiLlama protocol,https://api.llama.fi/protocols,third_party,medium,"Point-in-time TVL change over 7 days, precomputed by DefiLlama."
2026-06-28,Pendle,Pendle,Derivatives,7D TVL Growth,-3.9504,%,7D,DefiLlama protocol,https://api.llama.fi/protocols,third_party,high,"Point-in-time TVL change over 7 days, precomputed by DefiLlama."
2026-06-28,Morpho,Morpho Blue,Lending,7D TVL Growth,-4.1481,%,7D,DefiLlama protocol,https://api.llama.fi/protocols,third_party,high,"Point-in-time TVL change over 7 days, precomputed by DefiLlama."
2026-06-28,Aave,Aave V3,Lending,7D TVL Growth,-4.3664,%,7D,DefiLlama protocol,https://api.llama.fi/protocols,third_party,high,"Point-in-time TVL change over 7 days, precomputed by DefiLlama."
2026-06-28,Aerodrome,Aerodrome V1,Spot,7D TVL Growth,-5.3008,%,7D,DefiLlama protocol,https://api.llama.fi/protocols,third_party,high,"Point-in-time TVL change over 7 days, precomputed by DefiLlama."
2026-06-28,Uniswap,Uniswap V3,Spot,7D TVL Growth,-5.3969,%,7D,DefiLlama protocol,https://api.llama.fi/protocols,third_party,high,"Point-in-time TVL change over 7 days, precomputed by DefiLlama."
2026-06-28,Ondo,Ondo Global Markets,Tokenization,7D TVL Growth,-6.3085,%,7D,DefiLlama protocol,https://api.llama.fi/protocols,third_party,medium,"Point-in-time TVL change over 7 days, precomputed by DefiLlama."
2026-06-28,Uniswap,Uniswap V2,Spot,7D TVL Growth,-6.6008,%,7D,DefiLlama protocol,https://api.llama.fi/protocols,third_party,high,"Point-in-time TVL change over 7 days, precomputed by DefiLlama."
2026-06-28,Curve,Curve Finance,Spot,7D TVL Growth,-14.8577,%,7D,DefiLlama protocol,https://api.llama.fi/protocols,third_party,high,"Point-in-time TVL change over 7 days, precomputed by DefiLlama."
2026-06-28,EtherFi,EtherFi Cash,Asset Management,7D TVL Growth,-18.7374,%,7D,DefiLlama protocol,https://api.llama.fi/protocols,third_party,medium,"Point-in-time TVL change over 7 days, precomputed by DefiLlama."
2026-06-28,Ethena,Ethena USDtb,Asset Management,7D TVL Growth,-19.7328,%,7D,DefiLlama protocol,https://api.llama.fi/protocols,third_party,medium,"Point-in-time TVL change over 7 days, precomputed by DefiLlama."
2026-06-28,Aave,AAVE token,Lending,7D Token Performance,18.8302,%,7D,CoinGecko markets,"https://api.coingecko.com/api/v3/coins/markets?vs_currency=usd&ids=aave,aerodrome-finance,canton-network,centrifuge-2,curve-dao-token,ethena,ether-fi,euler,falcon-finance-ff,hyperliquid,jupiter-exchange-solana,kamino,layerzero,morpho,ondo-finance,pendle,sky,syrup,uniswap,virtual-protocol&order=market_cap_desc&per_page=250&page=1&sparkline=false&price_change_percentage=24h%2C7d%2C30d%2C1y",third_party,high,"Token price change; market sentiment, not product adoption."
2026-06-28,Maple,SYRUP token,Tokenization,7D Token Performance,8.8135,%,7D,CoinGecko markets,"https://api.coingecko.com/api/v3/coins/markets?vs_currency=usd&ids=aave,aerodrome-finance,canton-network,centrifuge-2,curve-dao-token,ethena,ether-fi,euler,falcon-finance-ff,hyperliquid,jupiter-exchange-solana,kamino,layerzero,morpho,ondo-finance,pendle,sky,syrup,uniswap,virtual-protocol&order=market_cap_desc&per_page=250&page=1&sparkline=false&price_change_percentage=24h%2C7d%2C30d%2C1y",third_party,high,"Token price change; market sentiment, not product adoption."
2026-06-28,Canton,CC token,Infra,7D Token Performance,-1.1851,%,7D,CoinGecko markets,"https://api.coingecko.com/api/v3/coins/markets?vs_currency=usd&ids=aave,aerodrome-finance,canton-network,centrifuge-2,curve-dao-token,ethena,ether-fi,euler,falcon-finance-ff,hyperliquid,jupiter-exchange-solana,kamino,layerzero,morpho,ondo-finance,pendle,sky,syrup,uniswap,virtual-protocol&order=market_cap_desc&per_page=250&page=1&sparkline=false&price_change_percentage=24h%2C7d%2C30d%2C1y",third_party,high,"Token price change; market sentiment, not product adoption."
2026-06-28,EtherFi,ETHFI token,Asset Management,7D Token Performance,-1.1963,%,7D,CoinGecko markets,"https://api.coingecko.com/api/v3/coins/markets?vs_currency=usd&ids=aave,aerodrome-finance,canton-network,centrifuge-2,curve-dao-token,ethena,ether-fi,euler,falcon-finance-ff,hyperliquid,jupiter-exchange-solana,kamino,layerzero,morpho,ondo-finance,pendle,sky,syrup,uniswap,virtual-protocol&order=market_cap_desc&per_page=250&page=1&sparkline=false&price_change_percentage=24h%2C7d%2C30d%2C1y",third_party,high,"Token price change; market sentiment, not product adoption."
2026-06-28,Jupiter,JUP token,Spot,7D Token Performance,-2.6593,%,7D,CoinGecko markets,"https://api.coingecko.com/api/v3/coins/markets?vs_currency=usd&ids=aave,aerodrome-finance,canton-network,centrifuge-2,curve-dao-token,ethena,ether-fi,euler,falcon-finance-ff,hyperliquid,jupiter-exchange-solana,kamino,layerzero,morpho,ondo-finance,pendle,sky,syrup,uniswap,virtual-protocol&order=market_cap_desc&per_page=250&page=1&sparkline=false&price_change_percentage=24h%2C7d%2C30d%2C1y",third_party,high,"Token price change; market sentiment, not product adoption."
2026-06-28,Kamino,KMNO token,Lending,7D Token Performance,-2.9699,%,7D,CoinGecko markets,"https://api.coingecko.com/api/v3/coins/markets?vs_currency=usd&ids=aave,aerodrome-finance,canton-network,centrifuge-2,curve-dao-token,ethena,ether-fi,euler,falcon-finance-ff,hyperliquid,jupiter-exchange-solana,kamino,layerzero,morpho,ondo-finance,pendle,sky,syrup,uniswap,virtual-protocol&order=market_cap_desc&per_page=250&page=1&sparkline=false&price_change_percentage=24h%2C7d%2C30d%2C1y",third_party,high,"Token price change; market sentiment, not product adoption."
2026-06-28,Euler,EUL token,Lending,7D Token Performance,-3.8284,%,7D,CoinGecko markets,"https://api.coingecko.com/api/v3/coins/markets?vs_currency=usd&ids=aave,aerodrome-finance,canton-network,centrifuge-2,curve-dao-token,ethena,ether-fi,euler,falcon-finance-ff,hyperliquid,jupiter-exchange-solana,kamino,layerzero,morpho,ondo-finance,pendle,sky,syrup,uniswap,virtual-protocol&order=market_cap_desc&per_page=250&page=1&sparkline=false&price_change_percentage=24h%2C7d%2C30d%2C1y",third_party,high,"Token price change; market sentiment, not product adoption."
2026-06-28,Uniswap,UNI token,Spot,7D Token Performance,-3.9514,%,7D,CoinGecko markets,"https://api.coingecko.com/api/v3/coins/markets?vs_currency=usd&ids=aave,aerodrome-finance,canton-network,centrifuge-2,curve-dao-token,ethena,ether-fi,euler,falcon-finance-ff,hyperliquid,jupiter-exchange-solana,kamino,layerzero,morpho,ondo-finance,pendle,sky,syrup,uniswap,virtual-protocol&order=market_cap_desc&per_page=250&page=1&sparkline=false&price_change_percentage=24h%2C7d%2C30d%2C1y",third_party,high,"Token price change; market sentiment, not product adoption."
2026-06-28,Morpho,MORPHO token,Lending,7D Token Performance,-5.6528,%,7D,CoinGecko markets,"https://api.coingecko.com/api/v3/coins/markets?vs_currency=usd&ids=aave,aerodrome-finance,canton-network,centrifuge-2,curve-dao-token,ethena,ether-fi,euler,falcon-finance-ff,hyperliquid,jupiter-exchange-solana,kamino,layerzero,morpho,ondo-finance,pendle,sky,syrup,uniswap,virtual-protocol&order=market_cap_desc&per_page=250&page=1&sparkline=false&price_change_percentage=24h%2C7d%2C30d%2C1y",third_party,high,"Token price change; market sentiment, not product adoption."
2026-06-28,Falcon,FF token,Asset Management,7D Token Performance,-6.1586,%,7D,CoinGecko markets,"https://api.coingecko.com/api/v3/coins/markets?vs_currency=usd&ids=aave,aerodrome-finance,canton-network,centrifuge-2,curve-dao-token,ethena,ether-fi,euler,falcon-finance-ff,hyperliquid,jupiter-exchange-solana,kamino,layerzero,morpho,ondo-finance,pendle,sky,syrup,uniswap,virtual-protocol&order=market_cap_desc&per_page=250&page=1&sparkline=false&price_change_percentage=24h%2C7d%2C30d%2C1y",third_party,high,"Token price change; market sentiment, not product adoption."
2026-06-28,Hyperliquid,HYPE token,Derivatives,7D Token Performance,-7.7414,%,7D,CoinGecko markets,"https://api.coingecko.com/api/v3/coins/markets?vs_currency=usd&ids=aave,aerodrome-finance,canton-network,centrifuge-2,curve-dao-token,ethena,ether-fi,euler,falcon-finance-ff,hyperliquid,jupiter-exchange-solana,kamino,layerzero,morpho,ondo-finance,pendle,sky,syrup,uniswap,virtual-protocol&order=market_cap_desc&per_page=250&page=1&sparkline=false&price_change_percentage=24h%2C7d%2C30d%2C1y",third_party,high,"Token price change; market sentiment, not product adoption."
2026-06-28,Ondo,ONDO token,Tokenization,7D Token Performance,-9.0849,%,7D,CoinGecko markets,"https://api.coingecko.com/api/v3/coins/markets?vs_currency=usd&ids=aave,aerodrome-finance,canton-network,centrifuge-2,curve-dao-token,ethena,ether-fi,euler,falcon-finance-ff,hyperliquid,jupiter-exchange-solana,kamino,layerzero,morpho,ondo-finance,pendle,sky,syrup,uniswap,virtual-protocol&order=market_cap_desc&per_page=250&page=1&sparkline=false&price_change_percentage=24h%2C7d%2C30d%2C1y",third_party,high,"Token price change; market sentiment, not product adoption."
2026-06-28,Centrifuge,CFG token,Tokenization,7D Token Performance,-9.5831,%,7D,CoinGecko markets,"https://api.coingecko.com/api/v3/coins/markets?vs_currency=usd&ids=aave,aerodrome-finance,canton-network,centrifuge-2,curve-dao-token,ethena,ether-fi,euler,falcon-finance-ff,hyperliquid,jupiter-exchange-solana,kamino,layerzero,morpho,ondo-finance,pendle,sky,syrup,uniswap,virtual-protocol&order=market_cap_desc&per_page=250&page=1&sparkline=false&price_change_percentage=24h%2C7d%2C30d%2C1y",third_party,high,"Token price change; market sentiment, not product adoption."
2026-06-28,Curve,CRV token,Spot,7D Token Performance,-10.7616,%,7D,CoinGecko markets,"https://api.coingecko.com/api/v3/coins/markets?vs_currency=usd&ids=aave,aerodrome-finance,canton-network,centrifuge-2,curve-dao-token,ethena,ether-fi,euler,falcon-finance-ff,hyperliquid,jupiter-exchange-solana,kamino,layerzero,morpho,ondo-finance,pendle,sky,syrup,uniswap,virtual-protocol&order=market_cap_desc&per_page=250&page=1&sparkline=false&price_change_percentage=24h%2C7d%2C30d%2C1y",third_party,high,"Token price change; market sentiment, not product adoption."
2026-06-28,Virtuals,VIRTUAL token,AI,7D Token Performance,-12.1325,%,7D,CoinGecko markets,"https://api.coingecko.com/api/v3/coins/markets?vs_currency=usd&ids=aave,aerodrome-finance,canton-network,centrifuge-2,curve-dao-token,ethena,ether-fi,euler,falcon-finance-ff,hyperliquid,jupiter-exchange-solana,kamino,layerzero,morpho,ondo-finance,pendle,sky,syrup,uniswap,virtual-protocol&order=market_cap_desc&per_page=250&page=1&sparkline=false&price_change_percentage=24h%2C7d%2C30d%2C1y",third_party,high,"Token price change; market sentiment, not product adoption."
2026-06-28,Aerodrome,AERO token,Spot,7D Token Performance,-13.3196,%,7D,CoinGecko markets,"https://api.coingecko.com/api/v3/coins/markets?vs_currency=usd&ids=aave,aerodrome-finance,canton-network,centrifuge-2,curve-dao-token,ethena,ether-fi,euler,falcon-finance-ff,hyperliquid,jupiter-exchange-solana,kamino,layerzero,morpho,ondo-finance,pendle,sky,syrup,uniswap,virtual-protocol&order=market_cap_desc&per_page=250&page=1&sparkline=false&price_change_percentage=24h%2C7d%2C30d%2C1y",third_party,high,"Token price change; market sentiment, not product adoption."
2026-06-28,Pendle,PENDLE token,Derivatives,7D Token Performance,-14.9036,%,7D,CoinGecko markets,"https://api.coingecko.com/api/v3/coins/markets?vs_currency=usd&ids=aave,aerodrome-finance,canton-network,centrifuge-2,curve-dao-token,ethena,ether-fi,euler,falcon-finance-ff,hyperliquid,jupiter-exchange-solana,kamino,layerzero,morpho,ondo-finance,pendle,sky,syrup,uniswap,virtual-protocol&order=market_cap_desc&per_page=250&page=1&sparkline=false&price_change_percentage=24h%2C7d%2C30d%2C1y",third_party,high,"Token price change; market sentiment, not product adoption."
2026-06-28,Sky,SKY token,Lending,7D Token Performance,-15.7507,%,7D,CoinGecko markets,"https://api.coingecko.com/api/v3/coins/markets?vs_currency=usd&ids=aave,aerodrome-finance,canton-network,centrifuge-2,curve-dao-token,ethena,ether-fi,euler,falcon-finance-ff,hyperliquid,jupiter-exchange-solana,kamino,layerzero,morpho,ondo-finance,pendle,sky,syrup,uniswap,virtual-protocol&order=market_cap_desc&per_page=250&page=1&sparkline=false&price_change_percentage=24h%2C7d%2C30d%2C1y",third_party,high,"Token price change; market sentiment, not product adoption."
2026-06-28,LayerZero,ZRO token,Infra,7D Token Performance,-16.7631,%,7D,CoinGecko markets,"https://api.coingecko.com/api/v3/coins/markets?vs_currency=usd&ids=aave,aerodrome-finance,canton-network,centrifuge-2,curve-dao-token,ethena,ether-fi,euler,falcon-finance-ff,hyperliquid,jupiter-exchange-solana,kamino,layerzero,morpho,ondo-finance,pendle,sky,syrup,uniswap,virtual-protocol&order=market_cap_desc&per_page=250&page=1&sparkline=false&price_change_percentage=24h%2C7d%2C30d%2C1y",third_party,high,"Token price change; market sentiment, not product adoption."
2026-06-28,Ethena,ENA token,Asset Management,7D Token Performance,-17.9183,%,7D,CoinGecko markets,"https://api.coingecko.com/api/v3/coins/markets?vs_currency=usd&ids=aave,aerodrome-finance,canton-network,centrifuge-2,curve-dao-token,ethena,ether-fi,euler,falcon-finance-ff,hyperliquid,jupiter-exchange-solana,kamino,layerzero,morpho,ondo-finance,pendle,sky,syrup,uniswap,virtual-protocol&order=market_cap_desc&per_page=250&page=1&sparkline=false&price_change_percentage=24h%2C7d%2C30d%2C1y",third_party,high,"Token price change; market sentiment, not product adoption."
2026-06-28,Ethena,Ethena sUSDe,Asset Management,Current APY,3.8114,%,current,DefiLlama yields,https://yields.llama.fi/pools,third_party,high,Current sUSDe staking APY from DefiLlama yields; methodology is pool-level.
2026-06-28,Sky,Sky sUSDS,Asset Management,Current APY,3.6,%,current,DefiLlama yields,https://yields.llama.fi/pools,third_party,medium,Current sUSDS APY from DefiLlama yields; methodology is pool-level.
2026-06-28,Hyperliquid,HYPE token,Derivatives,FDV,60383735967.0,USD,current,CoinGecko markets,"https://api.coingecko.com/api/v3/coins/markets?vs_currency=usd&ids=aave,aerodrome-finance,canton-network,centrifuge-2,curve-dao-token,ethena,ether-fi,euler,falcon-finance-ff,hyperliquid,jupiter-exchange-solana,kamino,layerzero,morpho,ondo-finance,pendle,sky,syrup,uniswap,virtual-protocol&order=market_cap_desc&per_page=250&page=1&sparkline=false&price_change_percentage=24h%2C7d%2C30d%2C1y",third_party,high,Token-level market metric from CoinGecko; do not treat as protocol/product usage.
2026-06-28,Canton,CC token,Infra,FDV,5938042775.0,USD,current,CoinGecko markets,"https://api.coingecko.com/api/v3/coins/markets?vs_currency=usd&ids=aave,aerodrome-finance,canton-network,centrifuge-2,curve-dao-token,ethena,ether-fi,euler,falcon-finance-ff,hyperliquid,jupiter-exchange-solana,kamino,layerzero,morpho,ondo-finance,pendle,sky,syrup,uniswap,virtual-protocol&order=market_cap_desc&per_page=250&page=1&sparkline=false&price_change_percentage=24h%2C7d%2C30d%2C1y",third_party,high,Token-level market metric from CoinGecko; do not treat as protocol/product usage.
2026-06-28,Ondo,ONDO token,Tokenization,FDV,3094095064.0,USD,current,CoinGecko markets,"https://api.coingecko.com/api/v3/coins/markets?vs_currency=usd&ids=aave,aerodrome-finance,canton-network,centrifuge-2,curve-dao-token,ethena,ether-fi,euler,falcon-finance-ff,hyperliquid,jupiter-exchange-solana,kamino,layerzero,morpho,ondo-finance,pendle,sky,syrup,uniswap,virtual-protocol&order=market_cap_desc&per_page=250&page=1&sparkline=false&price_change_percentage=24h%2C7d%2C30d%2C1y",third_party,high,Token-level market metric from CoinGecko; do not treat as protocol/product usage.
2026-06-28,Uniswap,UNI token,Spot,FDV,2610556962.0,USD,current,CoinGecko markets,"https://api.coingecko.com/api/v3/coins/markets?vs_currency=usd&ids=aave,aerodrome-finance,canton-network,centrifuge-2,curve-dao-token,ethena,ether-fi,euler,falcon-finance-ff,hyperliquid,jupiter-exchange-solana,kamino,layerzero,morpho,ondo-finance,pendle,sky,syrup,uniswap,virtual-protocol&order=market_cap_desc&per_page=250&page=1&sparkline=false&price_change_percentage=24h%2C7d%2C30d%2C1y",third_party,high,Token-level market metric from CoinGecko; do not treat as protocol/product usage.
2026-06-28,Morpho,MORPHO token,Lending,FDV,1756390237.0,USD,current,CoinGecko markets,"https://api.coingecko.com/api/v3/coins/markets?vs_currency=usd&ids=aave,aerodrome-finance,canton-network,centrifuge-2,curve-dao-token,ethena,ether-fi,euler,falcon-finance-ff,hyperliquid,jupiter-exchange-solana,kamino,layerzero,morpho,ondo-finance,pendle,sky,syrup,uniswap,virtual-protocol&order=market_cap_desc&per_page=250&page=1&sparkline=false&price_change_percentage=24h%2C7d%2C30d%2C1y",third_party,high,Token-level market metric from CoinGecko; do not treat as protocol/product usage.
2026-06-28,Jupiter,JUP token,Spot,FDV,1497741297.0,USD,current,CoinGecko markets,"https://api.coingecko.com/api/v3/coins/markets?vs_currency=usd&ids=aave,aerodrome-finance,canton-network,centrifuge-2,curve-dao-token,ethena,ether-fi,euler,falcon-finance-ff,hyperliquid,jupiter-exchange-solana,kamino,layerzero,morpho,ondo-finance,pendle,sky,syrup,uniswap,virtual-protocol&order=market_cap_desc&per_page=250&page=1&sparkline=false&price_change_percentage=24h%2C7d%2C30d%2C1y",third_party,high,Token-level market metric from CoinGecko; do not treat as protocol/product usage.
2026-06-28,Aave,AAVE token,Lending,FDV,1423377353.0,USD,current,CoinGecko markets,"https://api.coingecko.com/api/v3/coins/markets?vs_currency=usd&ids=aave,aerodrome-finance,canton-network,centrifuge-2,curve-dao-token,ethena,ether-fi,euler,falcon-finance-ff,hyperliquid,jupiter-exchange-solana,kamino,layerzero,morpho,ondo-finance,pendle,sky,syrup,uniswap,virtual-protocol&order=market_cap_desc&per_page=250&page=1&sparkline=false&price_change_percentage=24h%2C7d%2C30d%2C1y",third_party,high,Token-level market metric from CoinGecko; do not treat as protocol/product usage.
2026-06-28,Sky,SKY token,Lending,FDV,1169925851.0,USD,current,CoinGecko markets,"https://api.coingecko.com/api/v3/coins/markets?vs_currency=usd&ids=aave,aerodrome-finance,canton-network,centrifuge-2,curve-dao-token,ethena,ether-fi,euler,falcon-finance-ff,hyperliquid,jupiter-exchange-solana,kamino,layerzero,morpho,ondo-finance,pendle,sky,syrup,uniswap,virtual-protocol&order=market_cap_desc&per_page=250&page=1&sparkline=false&price_change_percentage=24h%2C7d%2C30d%2C1y",third_party,high,Token-level market metric from CoinGecko; do not treat as protocol/product usage.
2026-06-28,Ethena,ENA token,Asset Management,FDV,1140416596.0,USD,current,CoinGecko markets,"https://api.coingecko.com/api/v3/coins/markets?vs_currency=usd&ids=aave,aerodrome-finance,canton-network,centrifuge-2,curve-dao-token,ethena,ether-fi,euler,falcon-finance-ff,hyperliquid,jupiter-exchange-solana,kamino,layerzero,morpho,ondo-finance,pendle,sky,syrup,uniswap,virtual-protocol&order=market_cap_desc&per_page=250&page=1&sparkline=false&price_change_percentage=24h%2C7d%2C30d%2C1y",third_party,high,Token-level market metric from CoinGecko; do not treat as protocol/product usage.
2026-06-28,Aerodrome,AERO token,Spot,FDV,902002163.0,USD,current,CoinGecko markets,"https://api.coingecko.com/api/v3/coins/markets?vs_currency=usd&ids=aave,aerodrome-finance,canton-network,centrifuge-2,curve-dao-token,ethena,ether-fi,euler,falcon-finance-ff,hyperliquid,jupiter-exchange-solana,kamino,layerzero,morpho,ondo-finance,pendle,sky,syrup,uniswap,virtual-protocol&order=market_cap_desc&per_page=250&page=1&sparkline=false&price_change_percentage=24h%2C7d%2C30d%2C1y",third_party,high,Token-level market metric from CoinGecko; do not treat as protocol/product usage.
2026-06-28,LayerZero,ZRO token,Infra,FDV,751807653.0,USD,current,CoinGecko markets,"https://api.coingecko.com/api/v3/coins/markets?vs_currency=usd&ids=aave,aerodrome-finance,canton-network,centrifuge-2,curve-dao-token,ethena,ether-fi,euler,falcon-finance-ff,hyperliquid,jupiter-exchange-solana,kamino,layerzero,morpho,ondo-finance,pendle,sky,syrup,uniswap,virtual-protocol&order=market_cap_desc&per_page=250&page=1&sparkline=false&price_change_percentage=24h%2C7d%2C30d%2C1y",third_party,high,Token-level market metric from CoinGecko; do not treat as protocol/product usage.
2026-06-28,Falcon,FF token,Asset Management,FDV,666389011.0,USD,current,CoinGecko markets,"https://api.coingecko.com/api/v3/coins/markets?vs_currency=usd&ids=aave,aerodrome-finance,canton-network,centrifuge-2,curve-dao-token,ethena,ether-fi,euler,falcon-finance-ff,hyperliquid,jupiter-exchange-solana,kamino,layerzero,morpho,ondo-finance,pendle,sky,syrup,uniswap,virtual-protocol&order=market_cap_desc&per_page=250&page=1&sparkline=false&price_change_percentage=24h%2C7d%2C30d%2C1y",third_party,high,Token-level market metric from CoinGecko; do not treat as protocol/product usage.
2026-06-28,Virtuals,VIRTUAL token,AI,FDV,533452295.0,USD,current,CoinGecko markets,"https://api.coingecko.com/api/v3/coins/markets?vs_currency=usd&ids=aave,aerodrome-finance,canton-network,centrifuge-2,curve-dao-token,ethena,ether-fi,euler,falcon-finance-ff,hyperliquid,jupiter-exchange-solana,kamino,layerzero,morpho,ondo-finance,pendle,sky,syrup,uniswap,virtual-protocol&order=market_cap_desc&per_page=250&page=1&sparkline=false&price_change_percentage=24h%2C7d%2C30d%2C1y",third_party,high,Token-level market metric from CoinGecko; do not treat as protocol/product usage.
2026-06-28,Curve,CRV token,Spot,FDV,459790468.0,USD,current,CoinGecko markets,"https://api.coingecko.com/api/v3/coins/markets?vs_currency=usd&ids=aave,aerodrome-finance,canton-network,centrifuge-2,curve-dao-token,ethena,ether-fi,euler,falcon-finance-ff,hyperliquid,jupiter-exchange-solana,kamino,layerzero,morpho,ondo-finance,pendle,sky,syrup,uniswap,virtual-protocol&order=market_cap_desc&per_page=250&page=1&sparkline=false&price_change_percentage=24h%2C7d%2C30d%2C1y",third_party,high,Token-level market metric from CoinGecko; do not treat as protocol/product usage.
2026-06-28,Pendle,PENDLE token,Derivatives,FDV,352149280.0,USD,current,CoinGecko markets,"https://api.coingecko.com/api/v3/coins/markets?vs_currency=usd&ids=aave,aerodrome-finance,canton-network,centrifuge-2,curve-dao-token,ethena,ether-fi,euler,falcon-finance-ff,hyperliquid,jupiter-exchange-solana,kamino,layerzero,morpho,ondo-finance,pendle,sky,syrup,uniswap,virtual-protocol&order=market_cap_desc&per_page=250&page=1&sparkline=false&price_change_percentage=24h%2C7d%2C30d%2C1y",third_party,high,Token-level market metric from CoinGecko; do not treat as protocol/product usage.
2026-06-28,EtherFi,ETHFI token,Asset Management,FDV,345022730.0,USD,current,CoinGecko markets,"https://api.coingecko.com/api/v3/coins/markets?vs_currency=usd&ids=aave,aerodrome-finance,canton-network,centrifuge-2,curve-dao-token,ethena,ether-fi,euler,falcon-finance-ff,hyperliquid,jupiter-exchange-solana,kamino,layerzero,morpho,ondo-finance,pendle,sky,syrup,uniswap,virtual-protocol&order=market_cap_desc&per_page=250&page=1&sparkline=false&price_change_percentage=24h%2C7d%2C30d%2C1y",third_party,high,Token-level market metric from CoinGecko; do not treat as protocol/product usage.
2026-06-28,Kamino,KMNO token,Lending,FDV,196262385.0,USD,current,CoinGecko markets,"https://api.coingecko.com/api/v3/coins/markets?vs_currency=usd&ids=aave,aerodrome-finance,canton-network,centrifuge-2,curve-dao-token,ethena,ether-fi,euler,falcon-finance-ff,hyperliquid,jupiter-exchange-solana,kamino,layerzero,morpho,ondo-finance,pendle,sky,syrup,uniswap,virtual-protocol&order=market_cap_desc&per_page=250&page=1&sparkline=false&price_change_percentage=24h%2C7d%2C30d%2C1y",third_party,high,Token-level market metric from CoinGecko; do not treat as protocol/product usage.
2026-06-28,Maple,SYRUP token,Tokenization,FDV,186041723.0,USD,current,CoinGecko markets,"https://api.coingecko.com/api/v3/coins/markets?vs_currency=usd&ids=aave,aerodrome-finance,canton-network,centrifuge-2,curve-dao-token,ethena,ether-fi,euler,falcon-finance-ff,hyperliquid,jupiter-exchange-solana,kamino,layerzero,morpho,ondo-finance,pendle,sky,syrup,uniswap,virtual-protocol&order=market_cap_desc&per_page=250&page=1&sparkline=false&price_change_percentage=24h%2C7d%2C30d%2C1y",third_party,high,Token-level market metric from CoinGecko; do not treat as protocol/product usage.
2026-06-28,Centrifuge,CFG token,Tokenization,FDV,143531958.0,USD,current,CoinGecko markets,"https://api.coingecko.com/api/v3/coins/markets?vs_currency=usd&ids=aave,aerodrome-finance,canton-network,centrifuge-2,curve-dao-token,ethena,ether-fi,euler,falcon-finance-ff,hyperliquid,jupiter-exchange-solana,kamino,layerzero,morpho,ondo-finance,pendle,sky,syrup,uniswap,virtual-protocol&order=market_cap_desc&per_page=250&page=1&sparkline=false&price_change_percentage=24h%2C7d%2C30d%2C1y",third_party,high,Token-level market metric from CoinGecko; do not treat as protocol/product usage.
2026-06-28,Euler,EUL token,Lending,FDV,27234954.0,USD,current,CoinGecko markets,"https://api.coingecko.com/api/v3/coins/markets?vs_currency=usd&ids=aave,aerodrome-finance,canton-network,centrifuge-2,curve-dao-token,ethena,ether-fi,euler,falcon-finance-ff,hyperliquid,jupiter-exchange-solana,kamino,layerzero,morpho,ondo-finance,pendle,sky,syrup,uniswap,virtual-protocol&order=market_cap_desc&per_page=250&page=1&sparkline=false&price_change_percentage=24h%2C7d%2C30d%2C1y",third_party,high,Token-level market metric from CoinGecko; do not treat as protocol/product usage.
2026-06-28,Hyperliquid,HYPE token,Derivatives,Market Cap,14060508453.0,USD,current,CoinGecko markets,"https://api.coingecko.com/api/v3/coins/markets?vs_currency=usd&ids=aave,aerodrome-finance,canton-network,centrifuge-2,curve-dao-token,ethena,ether-fi,euler,falcon-finance-ff,hyperliquid,jupiter-exchange-solana,kamino,layerzero,morpho,ondo-finance,pendle,sky,syrup,uniswap,virtual-protocol&order=market_cap_desc&per_page=250&page=1&sparkline=false&price_change_percentage=24h%2C7d%2C30d%2C1y",third_party,high,Token-level market metric from CoinGecko; do not treat as protocol/product usage.
2026-06-28,Canton,CC token,Infra,Market Cap,5938042775.0,USD,current,CoinGecko markets,"https://api.coingecko.com/api/v3/coins/markets?vs_currency=usd&ids=aave,aerodrome-finance,canton-network,centrifuge-2,curve-dao-token,ethena,ether-fi,euler,falcon-finance-ff,hyperliquid,jupiter-exchange-solana,kamino,layerzero,morpho,ondo-finance,pendle,sky,syrup,uniswap,virtual-protocol&order=market_cap_desc&per_page=250&page=1&sparkline=false&price_change_percentage=24h%2C7d%2C30d%2C1y",third_party,high,Token-level market metric from CoinGecko; do not treat as protocol/product usage.
2026-06-28,Uniswap,UNI token,Spot,Market Cap,1815377118.0,USD,current,CoinGecko markets,"https://api.coingecko.com/api/v3/coins/markets?vs_currency=usd&ids=aave,aerodrome-finance,canton-network,centrifuge-2,curve-dao-token,ethena,ether-fi,euler,falcon-finance-ff,hyperliquid,jupiter-exchange-solana,kamino,layerzero,morpho,ondo-finance,pendle,sky,syrup,uniswap,virtual-protocol&order=market_cap_desc&per_page=250&page=1&sparkline=false&price_change_percentage=24h%2C7d%2C30d%2C1y",third_party,high,Token-level market metric from CoinGecko; do not treat as protocol/product usage.
2026-06-28,Ondo,ONDO token,Tokenization,Market Cap,1506617192.0,USD,current,CoinGecko markets,"https://api.coingecko.com/api/v3/coins/markets?vs_currency=usd&ids=aave,aerodrome-finance,canton-network,centrifuge-2,curve-dao-token,ethena,ether-fi,euler,falcon-finance-ff,hyperliquid,jupiter-exchange-solana,kamino,layerzero,morpho,ondo-finance,pendle,sky,syrup,uniswap,virtual-protocol&order=market_cap_desc&per_page=250&page=1&sparkline=false&price_change_percentage=24h%2C7d%2C30d%2C1y",third_party,high,Token-level market metric from CoinGecko; do not treat as protocol/product usage.
2026-06-28,Aave,AAVE token,Lending,Market Cap,1350421424.0,USD,current,CoinGecko markets,"https://api.coingecko.com/api/v3/coins/markets?vs_currency=usd&ids=aave,aerodrome-finance,canton-network,centrifuge-2,curve-dao-token,ethena,ether-fi,euler,falcon-finance-ff,hyperliquid,jupiter-exchange-solana,kamino,layerzero,morpho,ondo-finance,pendle,sky,syrup,uniswap,virtual-protocol&order=market_cap_desc&per_page=250&page=1&sparkline=false&price_change_percentage=24h%2C7d%2C30d%2C1y",third_party,high,Token-level market metric from CoinGecko; do not treat as protocol/product usage.
2026-06-28,Sky,SKY token,Lending,Market Cap,1161764623.0,USD,current,CoinGecko markets,"https://api.coingecko.com/api/v3/coins/markets?vs_currency=usd&ids=aave,aerodrome-finance,canton-network,centrifuge-2,curve-dao-token,ethena,ether-fi,euler,falcon-finance-ff,hyperliquid,jupiter-exchange-solana,kamino,layerzero,morpho,ondo-finance,pendle,sky,syrup,uniswap,virtual-protocol&order=market_cap_desc&per_page=250&page=1&sparkline=false&price_change_percentage=24h%2C7d%2C30d%2C1y",third_party,high,Token-level market metric from CoinGecko; do not treat as protocol/product usage.
2026-06-28,Morpho,MORPHO token,Lending,Market Cap,1135905140.0,USD,current,CoinGecko markets,"https://api.coingecko.com/api/v3/coins/markets?vs_currency=usd&ids=aave,aerodrome-finance,canton-network,centrifuge-2,curve-dao-token,ethena,ether-fi,euler,falcon-finance-ff,hyperliquid,jupiter-exchange-solana,kamino,layerzero,morpho,ondo-finance,pendle,sky,syrup,uniswap,virtual-protocol&order=market_cap_desc&per_page=250&page=1&sparkline=false&price_change_percentage=24h%2C7d%2C30d%2C1y",third_party,high,Token-level market metric from CoinGecko; do not treat as protocol/product usage.
2026-06-28,Jupiter,JUP token,Spot,Market Cap,724665506.0,USD,current,CoinGecko markets,"https://api.coingecko.com/api/v3/coins/markets?vs_currency=usd&ids=aave,aerodrome-finance,canton-network,centrifuge-2,curve-dao-token,ethena,ether-fi,euler,falcon-finance-ff,hyperliquid,jupiter-exchange-solana,kamino,layerzero,morpho,ondo-finance,pendle,sky,syrup,uniswap,virtual-protocol&order=market_cap_desc&per_page=250&page=1&sparkline=false&price_change_percentage=24h%2C7d%2C30d%2C1y",third_party,high,Token-level market metric from CoinGecko; do not treat as protocol/product usage.
2026-06-28,Ethena,ENA token,Asset Management,Market Cap,706583116.0,USD,current,CoinGecko markets,"https://api.coingecko.com/api/v3/coins/markets?vs_currency=usd&ids=aave,aerodrome-finance,canton-network,centrifuge-2,curve-dao-token,ethena,ether-fi,euler,falcon-finance-ff,hyperliquid,jupiter-exchange-solana,kamino,layerzero,morpho,ondo-finance,pendle,sky,syrup,uniswap,virtual-protocol&order=market_cap_desc&per_page=250&page=1&sparkline=false&price_change_percentage=24h%2C7d%2C30d%2C1y",third_party,high,Token-level market metric from CoinGecko; do not treat as protocol/product usage.
2026-06-28,Aerodrome,AERO token,Spot,Market Cap,448546572.0,USD,current,CoinGecko markets,"https://api.coingecko.com/api/v3/coins/markets?vs_currency=usd&ids=aave,aerodrome-finance,canton-network,centrifuge-2,curve-dao-token,ethena,ether-fi,euler,falcon-finance-ff,hyperliquid,jupiter-exchange-solana,kamino,layerzero,morpho,ondo-finance,pendle,sky,syrup,uniswap,virtual-protocol&order=market_cap_desc&per_page=250&page=1&sparkline=false&price_change_percentage=24h%2C7d%2C30d%2C1y",third_party,high,Token-level market metric from CoinGecko; do not treat as protocol/product usage.
2026-06-28,Virtuals,VIRTUAL token,AI,Market Cap,350515678.0,USD,current,CoinGecko markets,"https://api.coingecko.com/api/v3/coins/markets?vs_currency=usd&ids=aave,aerodrome-finance,canton-network,centrifuge-2,curve-dao-token,ethena,ether-fi,euler,falcon-finance-ff,hyperliquid,jupiter-exchange-solana,kamino,layerzero,morpho,ondo-finance,pendle,sky,syrup,uniswap,virtual-protocol&order=market_cap_desc&per_page=250&page=1&sparkline=false&price_change_percentage=24h%2C7d%2C30d%2C1y",third_party,high,Token-level market metric from CoinGecko; do not treat as protocol/product usage.
2026-06-28,EtherFi,ETHFI token,Asset Management,Market Cap,320431564.0,USD,current,CoinGecko markets,"https://api.coingecko.com/api/v3/coins/markets?vs_currency=usd&ids=aave,aerodrome-finance,canton-network,centrifuge-2,curve-dao-token,ethena,ether-fi,euler,falcon-finance-ff,hyperliquid,jupiter-exchange-solana,kamino,layerzero,morpho,ondo-finance,pendle,sky,syrup,uniswap,virtual-protocol&order=market_cap_desc&per_page=250&page=1&sparkline=false&price_change_percentage=24h%2C7d%2C30d%2C1y",third_party,high,Token-level market metric from CoinGecko; do not treat as protocol/product usage.
2026-06-28,Curve,CRV token,Spot,Market Cap,293306057.0,USD,current,CoinGecko markets,"https://api.coingecko.com/api/v3/coins/markets?vs_currency=usd&ids=aave,aerodrome-finance,canton-network,centrifuge-2,curve-dao-token,ethena,ether-fi,euler,falcon-finance-ff,hyperliquid,jupiter-exchange-solana,kamino,layerzero,morpho,ondo-finance,pendle,sky,syrup,uniswap,virtual-protocol&order=market_cap_desc&per_page=250&page=1&sparkline=false&price_change_percentage=24h%2C7d%2C30d%2C1y",third_party,high,Token-level market metric from CoinGecko; do not treat as protocol/product usage.
2026-06-28,Pendle,PENDLE token,Derivatives,Market Cap,214113461.0,USD,current,CoinGecko markets,"https://api.coingecko.com/api/v3/coins/markets?vs_currency=usd&ids=aave,aerodrome-finance,canton-network,centrifuge-2,curve-dao-token,ethena,ether-fi,euler,falcon-finance-ff,hyperliquid,jupiter-exchange-solana,kamino,layerzero,morpho,ondo-finance,pendle,sky,syrup,uniswap,virtual-protocol&order=market_cap_desc&per_page=250&page=1&sparkline=false&price_change_percentage=24h%2C7d%2C30d%2C1y",third_party,high,Token-level market metric from CoinGecko; do not treat as protocol/product usage.
2026-06-28,Falcon,FF token,Asset Management,Market Cap,191586841.0,USD,current,CoinGecko markets,"https://api.coingecko.com/api/v3/coins/markets?vs_currency=usd&ids=aave,aerodrome-finance,canton-network,centrifuge-2,curve-dao-token,ethena,ether-fi,euler,falcon-finance-ff,hyperliquid,jupiter-exchange-solana,kamino,layerzero,morpho,ondo-finance,pendle,sky,syrup,uniswap,virtual-protocol&order=market_cap_desc&per_page=250&page=1&sparkline=false&price_change_percentage=24h%2C7d%2C30d%2C1y",third_party,high,Token-level market metric from CoinGecko; do not treat as protocol/product usage.
2026-06-28,LayerZero,ZRO token,Infra,Market Cap,189704868.0,USD,current,CoinGecko markets,"https://api.coingecko.com/api/v3/coins/markets?vs_currency=usd&ids=aave,aerodrome-finance,canton-network,centrifuge-2,curve-dao-token,ethena,ether-fi,euler,falcon-finance-ff,hyperliquid,jupiter-exchange-solana,kamino,layerzero,morpho,ondo-finance,pendle,sky,syrup,uniswap,virtual-protocol&order=market_cap_desc&per_page=250&page=1&sparkline=false&price_change_percentage=24h%2C7d%2C30d%2C1y",third_party,high,Token-level market metric from CoinGecko; do not treat as protocol/product usage.
2026-06-28,Maple,SYRUP token,Tokenization,Market Cap,173877761.0,USD,current,CoinGecko markets,"https://api.coingecko.com/api/v3/coins/markets?vs_currency=usd&ids=aave,aerodrome-finance,canton-network,centrifuge-2,curve-dao-token,ethena,ether-fi,euler,falcon-finance-ff,hyperliquid,jupiter-exchange-solana,kamino,layerzero,morpho,ondo-finance,pendle,sky,syrup,uniswap,virtual-protocol&order=market_cap_desc&per_page=250&page=1&sparkline=false&price_change_percentage=24h%2C7d%2C30d%2C1y",third_party,high,Token-level market metric from CoinGecko; do not treat as protocol/product usage.
2026-06-28,Kamino,KMNO token,Lending,Market Cap,96894887.0,USD,current,CoinGecko markets,"https://api.coingecko.com/api/v3/coins/markets?vs_currency=usd&ids=aave,aerodrome-finance,canton-network,centrifuge-2,curve-dao-token,ethena,ether-fi,euler,falcon-finance-ff,hyperliquid,jupiter-exchange-solana,kamino,layerzero,morpho,ondo-finance,pendle,sky,syrup,uniswap,virtual-protocol&order=market_cap_desc&per_page=250&page=1&sparkline=false&price_change_percentage=24h%2C7d%2C30d%2C1y",third_party,high,Token-level market metric from CoinGecko; do not treat as protocol/product usage.
2026-06-28,Centrifuge,CFG token,Tokenization,Market Cap,80290092.0,USD,current,CoinGecko markets,"https://api.coingecko.com/api/v3/coins/markets?vs_currency=usd&ids=aave,aerodrome-finance,canton-network,centrifuge-2,curve-dao-token,ethena,ether-fi,euler,falcon-finance-ff,hyperliquid,jupiter-exchange-solana,kamino,layerzero,morpho,ondo-finance,pendle,sky,syrup,uniswap,virtual-protocol&order=market_cap_desc&per_page=250&page=1&sparkline=false&price_change_percentage=24h%2C7d%2C30d%2C1y",third_party,high,Token-level market metric from CoinGecko; do not treat as protocol/product usage.
2026-06-28,Euler,EUL token,Lending,Market Cap,24192629.0,USD,current,CoinGecko markets,"https://api.coingecko.com/api/v3/coins/markets?vs_currency=usd&ids=aave,aerodrome-finance,canton-network,centrifuge-2,curve-dao-token,ethena,ether-fi,euler,falcon-finance-ff,hyperliquid,jupiter-exchange-solana,kamino,layerzero,morpho,ondo-finance,pendle,sky,syrup,uniswap,virtual-protocol&order=market_cap_desc&per_page=250&page=1&sparkline=false&price_change_percentage=24h%2C7d%2C30d%2C1y",third_party,high,Token-level market metric from CoinGecko; do not treat as protocol/product usage.
2026-06-28,Aave,Aave V3,Lending,Outstanding Borrows,9736120045.13,USD,current,DefiLlama protocol,https://api.llama.fi/protocol/aave-v3,third_party,high,Outstanding borrows (current stock) from DefiLlama borrowed TVL; not daily new-borrow flow.
2026-06-28,Morpho,Morpho Blue,Lending,Outstanding Borrows,3600931248.97,USD,current,DefiLlama protocol,https://api.llama.fi/protocol/morpho-blue,third_party,high,Outstanding borrows (current stock) from DefiLlama borrowed TVL; not daily new-borrow flow.
2026-06-28,Maple,Maple Finance,Lending,Outstanding Borrows,1930304483.83,USD,current,DefiLlama protocol,https://api.llama.fi/protocol/maple,third_party,medium,Outstanding borrows (current stock) from DefiLlama borrowed TVL; institutional credit pools.
2026-06-28,Kamino,Kamino,Lending,Outstanding Borrows,939958910.55,USD,current,DefiLlama protocol,https://api.llama.fi/protocol/kamino-lend,third_party,high,Outstanding borrows (current stock) from DefiLlama borrowed TVL; Solana lending pools.
2026-06-28,Jupiter,Jupiter Lend,Lending,Outstanding Borrows,835150230.39,USD,current,DefiLlama protocol,https://api.llama.fi/protocol/jupiter-lend,third_party,medium,Outstanding borrows (current stock) from DefiLlama borrowed TVL; not daily new-borrow flow.
2026-06-28,Euler,Euler V2,Lending,Outstanding Borrows,634926375.44,USD,current,DefiLlama protocol,https://api.llama.fi/protocol/euler-v2,third_party,high,Outstanding borrows (current stock) from DefiLlama borrowed TVL; not daily new-borrow flow.
2026-06-28,Curve,Curve Finance,Spot,Outstanding Borrows,42449976.0,USD,current,DefiLlama protocol,https://api.llama.fi/protocol/curve-finance,third_party,medium,Outstanding borrows (current stock) from DefiLlama borrowed TVL; crvUSD lending markets. (Ian: include Curve in borrows.)
2026-06-28,Sky,Sky USDS,Asset Management,Stablecoin Supply,8214727712.13,USD,current,DefiLlama stablecoins,https://stablecoins.llama.fi/stablecoins,third_party,high,"Circulating stablecoin supply; product metric, not token market cap."
2026-06-28,Ethena,Ethena USDe,Asset Management,Stablecoin Supply,4453360104.35,USD,current,DefiLlama stablecoins,https://stablecoins.llama.fi/stablecoins,third_party,high,"Circulating stablecoin supply; product metric, not token market cap."
2026-06-28,Ondo,Ondo USDY,Tokenization,Stablecoin Supply,2157946649.26,USD,current,DefiLlama stablecoins,https://stablecoins.llama.fi/stablecoins,third_party,high,Tokenized yield-asset supply via DefiLlama stablecoins.
2026-06-28,Falcon,Falcon USDf,Asset Management,Stablecoin Supply,1255070551.61,USD,current,DefiLlama stablecoins,https://stablecoins.llama.fi/stablecoins,third_party,medium,Circulating stablecoin supply; reserve attestations need separate review.
2026-06-28,Sky,Sky USDS,Asset Management,Stablecoin Supply,18042430.96,USD,current,DefiLlama stablecoins,https://stablecoins.llama.fi/stablecoins,third_party,high,"Circulating stablecoin supply; product metric, not token market cap."
2026-06-28,Sky,Sky USDS,Asset Management,Stablecoin Supply,514880.72,USD,current,DefiLlama stablecoins,https://stablecoins.llama.fi/stablecoins,third_party,high,"Circulating stablecoin supply; product metric, not token market cap."
2026-06-28,Sky,Sky USDS,Asset Management,Stablecoin Supply,100771.75,USD,current,DefiLlama stablecoins,https://stablecoins.llama.fi/stablecoins,third_party,high,"Circulating stablecoin supply; product metric, not token market cap."
2026-06-28,Sky,Sky USDS,Asset Management,Stablecoin Supply,97231.98,USD,current,DefiLlama stablecoins,https://stablecoins.llama.fi/stablecoins,third_party,high,"Circulating stablecoin supply; product metric, not token market cap."
2026-06-28,Aave,Aave V3,Lending,TVL,11924346959.64,USD,current,DefiLlama protocol,https://api.llama.fi/protocol/aave-v3,third_party,high,Primary Aave MVP lending record.
2026-06-28,Morpho,Morpho Blue,Lending,TVL,6577688445.97,USD,current,DefiLlama protocol,https://api.llama.fi/protocol/morpho-blue,third_party,high,Curator data needs Morpho-native or Dune source.
2026-06-28,Sky,Sky Lending,Lending,TVL,5620198527.49,USD,current,DefiLlama protocol,https://api.llama.fi/protocol/sky-lending,third_party,high,Lending/CDP record; APY and Agent metrics need native source checks.
2026-06-28,Ethena,Ethena USDe,Asset Management,TVL,4453724234.59,USD,current,DefiLlama protocol,https://api.llama.fi/protocol/ethena-usde,third_party,high,USDe-specific record; reserves and APY need native source checks.
2026-06-28,Ondo,Ondo Yield Assets,Tokenization,TVL,2564955093.0,USD,current,DefiLlama protocol,https://api.llama.fi/protocol/ondo-yield-assets,third_party,high,Good tokenized-assets starter record.
2026-06-28,Maple,Maple Finance,Lending,TVL,2368386037.97,USD,current,DefiLlama protocol,https://api.llama.fi/protocol/maple,third_party,high,Maple institutional lending TVL and fees; syrup stablecoin products tracked via stablecoins endpoint.
2026-06-28,Centrifuge,Centrifuge,Tokenization,TVL,1634806562.58,USD,current,DefiLlama protocol,https://api.llama.fi/protocol/centrifuge-protocol,third_party,high,Centrifuge RWA tokenization TVL and fees; asset-class detail needs RWA.xyz source.
2026-06-28,Uniswap,Uniswap V3,Spot,TVL,1375115281.97,USD,current,DefiLlama protocol,https://api.llama.fi/protocol/uniswap-v3,third_party,high,Version-specific record; do not silently blend with V2/V4.
2026-06-28,Falcon,Falcon Finance,Asset Management,TVL,1253993949.8,USD,current,DefiLlama protocol,https://api.llama.fi/protocol/falcon-finance,third_party,medium,Falcon Finance USDf/sUSDf TVL and fees; sUSDf APY needs native source.
2026-06-28,Curve,Curve Finance,Spot,TVL,1225385713.74,USD,current,DefiLlama protocol,https://api.llama.fi/protocol/curve-dex,third_party,high,"Curve DEX TVL, fees, and volume; active users via Dune dex.trades."
2026-06-28,Kamino,Kamino,Lending,TVL,1072575550.79,USD,current,DefiLlama protocol,https://api.llama.fi/protocol/kamino-lend,third_party,high,Kamino Solana lending TVL and fees; outstanding borrows tracked separately.
2026-06-28,Uniswap,Uniswap V4,Spot,TVL,1001173776.53,USD,current,DefiLlama protocol,https://api.llama.fi/protocol/uniswap-v4,third_party,high,Version-specific record; aggregation rule needs to stay visible.
2026-06-28,Ondo,Ondo Global Markets,Tokenization,TVL,979235289.02,USD,current,DefiLlama protocol,https://api.llama.fi/protocol/ondo-global-markets,third_party,medium,Separate Ondo product; confirm MVP scope.
2026-06-28,Pendle,Pendle,Derivatives,TVL,932171240.03,USD,current,DefiLlama protocol,https://api.llama.fi/protocol/pendle,third_party,high,PT/YT volume and vePENDLE yield require separate source discovery.
2026-06-28,Jupiter,Jupiter Lend,Lending,TVL,883820537.52,USD,current,DefiLlama protocol,https://api.llama.fi/protocol/jupiter-lend,third_party,medium,Separate product record; not aggregator usage.
2026-06-28,Ethena,Ethena USDtb,Asset Management,TVL,735749015.97,USD,current,DefiLlama protocol,https://api.llama.fi/protocol/ethena-usdtb,third_party,medium,Separate Ethena stablecoin product.
2026-06-28,Uniswap,Uniswap V2,Spot,TVL,712395530.93,USD,current,DefiLlama protocol,https://api.llama.fi/protocol/uniswap-v2,third_party,high,Version-specific legacy liquidity record.
2026-06-28,Jupiter,Jupiter Perpetual Exchange,Derivatives,TVL,679880769.47,USD,current,DefiLlama protocol,https://api.llama.fi/protocol/jupiter-perpetual-exchange,third_party,medium,Perps product record; derivatives overview access may be restricted.
2026-06-28,Jupiter,Jupiter Staked SOL,Asset Management,TVL,383247162.48,USD,current,DefiLlama protocol,https://api.llama.fi/protocol/jupiter-staked-sol,third_party,medium,Liquid-staking product record.
2026-06-28,Euler,Euler V2,Lending,TVL,283480343.63,USD,current,DefiLlama protocol,https://api.llama.fi/protocol/euler-v2,third_party,high,Euler V2 lending TVL and fees; outstanding borrows tracked separately.
2026-06-28,Hyperliquid,Hyperliquid HLP,Derivatives,TVL,271154110.86,USD,current,DefiLlama protocol,https://api.llama.fi/protocol/hyperliquid-hlp,third_party,medium,HLP liquidity vault record; not total Hyperliquid perps activity.
2026-06-28,Hyperliquid,Hyperliquid Spot Orderbook,Derivatives,TVL,172731539.69,USD,current,DefiLlama protocol,https://api.llama.fi/protocol/hyperliquid-spot-orderbook,third_party,medium,Spot-orderbook record; keep separate from HLP and perps.
2026-06-28,Aerodrome,Aerodrome Slipstream,Spot,TVL,167863139.89,USD,current,DefiLlama protocol,https://api.llama.fi/protocol/aerodrome-slipstream,third_party,high,Concentrated-liquidity record; keep separate from V1 unless labeled.
2026-06-28,Aave,Aave V4,Lending,TVL,147593035.5,USD,current,DefiLlama protocol,https://api.llama.fi/protocol/aave-v4,third_party,medium,V4 hub/spoke detail still needs native source discovery.
2026-06-28,Aerodrome,Aerodrome V1,Spot,TVL,118532173.44,USD,current,DefiLlama protocol,https://api.llama.fi/protocol/aerodrome-v1,third_party,high,V1 record; keep version labels.
2026-06-28,Sky,Sky Money,Asset Management,TVL,113272319.77,USD,current,DefiLlama protocol,https://api.llama.fi/protocol/sky-money,third_party,medium,Separate Sky money product record.
2026-06-28,EtherFi,EtherFi Cash,Asset Management,TVL,103558241.45,USD,current,DefiLlama protocol,https://api.llama.fi/protocol/etherfi-cash-liquid,third_party,medium,EtherFi liquid restaking and Cash card product; card metrics need PaymentScan source.
2026-06-28,Sky,Sky RWA,Tokenization,TVL,82598004.76,USD,current,DefiLlama protocol,https://api.llama.fi/protocol/sky-rwa,third_party,medium,Separate Sky RWA record.
2026-06-28,Aave,AAVE token,Lending,Token Price,88.96,USD,current,CoinGecko markets,"https://api.coingecko.com/api/v3/coins/markets?vs_currency=usd&ids=aave,aerodrome-finance,canton-network,centrifuge-2,curve-dao-token,ethena,ether-fi,euler,falcon-finance-ff,hyperliquid,jupiter-exchange-solana,kamino,layerzero,morpho,ondo-finance,pendle,sky,syrup,uniswap,virtual-protocol&order=market_cap_desc&per_page=250&page=1&sparkline=false&price_change_percentage=24h%2C7d%2C30d%2C1y",third_party,high,Token-level market metric from CoinGecko; do not treat as protocol/product usage.
2026-06-28,Hyperliquid,HYPE token,Derivatives,Token Price,63.21,USD,current,CoinGecko markets,"https://api.coingecko.com/api/v3/coins/markets?vs_currency=usd&ids=aave,aerodrome-finance,canton-network,centrifuge-2,curve-dao-token,ethena,ether-fi,euler,falcon-finance-ff,hyperliquid,jupiter-exchange-solana,kamino,layerzero,morpho,ondo-finance,pendle,sky,syrup,uniswap,virtual-protocol&order=market_cap_desc&per_page=250&page=1&sparkline=false&price_change_percentage=24h%2C7d%2C30d%2C1y",third_party,high,Token-level market metric from CoinGecko; do not treat as protocol/product usage.
2026-06-28,Uniswap,UNI token,Spot,Token Price,2.92,USD,current,CoinGecko markets,"https://api.coingecko.com/api/v3/coins/markets?vs_currency=usd&ids=aave,aerodrome-finance,canton-network,centrifuge-2,curve-dao-token,ethena,ether-fi,euler,falcon-finance-ff,hyperliquid,jupiter-exchange-solana,kamino,layerzero,morpho,ondo-finance,pendle,sky,syrup,uniswap,virtual-protocol&order=market_cap_desc&per_page=250&page=1&sparkline=false&price_change_percentage=24h%2C7d%2C30d%2C1y",third_party,high,Token-level market metric from CoinGecko; do not treat as protocol/product usage.
2026-06-28,Morpho,MORPHO token,Lending,Token Price,1.76,USD,current,CoinGecko markets,"https://api.coingecko.com/api/v3/coins/markets?vs_currency=usd&ids=aave,aerodrome-finance,canton-network,centrifuge-2,curve-dao-token,ethena,ether-fi,euler,falcon-finance-ff,hyperliquid,jupiter-exchange-solana,kamino,layerzero,morpho,ondo-finance,pendle,sky,syrup,uniswap,virtual-protocol&order=market_cap_desc&per_page=250&page=1&sparkline=false&price_change_percentage=24h%2C7d%2C30d%2C1y",third_party,high,Token-level market metric from CoinGecko; do not treat as protocol/product usage.
2026-06-28,Pendle,PENDLE token,Derivatives,Token Price,1.25,USD,current,CoinGecko markets,"https://api.coingecko.com/api/v3/coins/markets?vs_currency=usd&ids=aave,aerodrome-finance,canton-network,centrifuge-2,curve-dao-token,ethena,ether-fi,euler,falcon-finance-ff,hyperliquid,jupiter-exchange-solana,kamino,layerzero,morpho,ondo-finance,pendle,sky,syrup,uniswap,virtual-protocol&order=market_cap_desc&per_page=250&page=1&sparkline=false&price_change_percentage=24h%2C7d%2C30d%2C1y",third_party,high,Token-level market metric from CoinGecko; do not treat as protocol/product usage.
2026-06-28,Euler,EUL token,Lending,Token Price,1.0,USD,current,CoinGecko markets,"https://api.coingecko.com/api/v3/coins/markets?vs_currency=usd&ids=aave,aerodrome-finance,canton-network,centrifuge-2,curve-dao-token,ethena,ether-fi,euler,falcon-finance-ff,hyperliquid,jupiter-exchange-solana,kamino,layerzero,morpho,ondo-finance,pendle,sky,syrup,uniswap,virtual-protocol&order=market_cap_desc&per_page=250&page=1&sparkline=false&price_change_percentage=24h%2C7d%2C30d%2C1y",third_party,high,Token-level market metric from CoinGecko; do not treat as protocol/product usage.
2026-06-28,LayerZero,ZRO token,Infra,Token Price,0.75,USD,current,CoinGecko markets,"https://api.coingecko.com/api/v3/coins/markets?vs_currency=usd&ids=aave,aerodrome-finance,canton-network,centrifuge-2,curve-dao-token,ethena,ether-fi,euler,falcon-finance-ff,hyperliquid,jupiter-exchange-solana,kamino,layerzero,morpho,ondo-finance,pendle,sky,syrup,uniswap,virtual-protocol&order=market_cap_desc&per_page=250&page=1&sparkline=false&price_change_percentage=24h%2C7d%2C30d%2C1y",third_party,high,Token-level market metric from CoinGecko; do not treat as protocol/product usage.
2026-06-28,Virtuals,VIRTUAL token,AI,Token Price,0.53,USD,current,CoinGecko markets,"https://api.coingecko.com/api/v3/coins/markets?vs_currency=usd&ids=aave,aerodrome-finance,canton-network,centrifuge-2,curve-dao-token,ethena,ether-fi,euler,falcon-finance-ff,hyperliquid,jupiter-exchange-solana,kamino,layerzero,morpho,ondo-finance,pendle,sky,syrup,uniswap,virtual-protocol&order=market_cap_desc&per_page=250&page=1&sparkline=false&price_change_percentage=24h%2C7d%2C30d%2C1y",third_party,high,Token-level market metric from CoinGecko; do not treat as protocol/product usage.
2026-06-28,Aerodrome,AERO token,Spot,Token Price,0.47,USD,current,CoinGecko markets,"https://api.coingecko.com/api/v3/coins/markets?vs_currency=usd&ids=aave,aerodrome-finance,canton-network,centrifuge-2,curve-dao-token,ethena,ether-fi,euler,falcon-finance-ff,hyperliquid,jupiter-exchange-solana,kamino,layerzero,morpho,ondo-finance,pendle,sky,syrup,uniswap,virtual-protocol&order=market_cap_desc&per_page=250&page=1&sparkline=false&price_change_percentage=24h%2C7d%2C30d%2C1y",third_party,high,Token-level market metric from CoinGecko; do not treat as protocol/product usage.
2026-06-28,EtherFi,ETHFI token,Asset Management,Token Price,0.35,USD,current,CoinGecko markets,"https://api.coingecko.com/api/v3/coins/markets?vs_currency=usd&ids=aave,aerodrome-finance,canton-network,centrifuge-2,curve-dao-token,ethena,ether-fi,euler,falcon-finance-ff,hyperliquid,jupiter-exchange-solana,kamino,layerzero,morpho,ondo-finance,pendle,sky,syrup,uniswap,virtual-protocol&order=market_cap_desc&per_page=250&page=1&sparkline=false&price_change_percentage=24h%2C7d%2C30d%2C1y",third_party,high,Token-level market metric from CoinGecko; do not treat as protocol/product usage.
2026-06-28,Ondo,ONDO token,Tokenization,Token Price,0.31,USD,current,CoinGecko markets,"https://api.coingecko.com/api/v3/coins/markets?vs_currency=usd&ids=aave,aerodrome-finance,canton-network,centrifuge-2,curve-dao-token,ethena,ether-fi,euler,falcon-finance-ff,hyperliquid,jupiter-exchange-solana,kamino,layerzero,morpho,ondo-finance,pendle,sky,syrup,uniswap,virtual-protocol&order=market_cap_desc&per_page=250&page=1&sparkline=false&price_change_percentage=24h%2C7d%2C30d%2C1y",third_party,high,Token-level market metric from CoinGecko; do not treat as protocol/product usage.
2026-06-28,Jupiter,JUP token,Spot,Token Price,0.22,USD,current,CoinGecko markets,"https://api.coingecko.com/api/v3/coins/markets?vs_currency=usd&ids=aave,aerodrome-finance,canton-network,centrifuge-2,curve-dao-token,ethena,ether-fi,euler,falcon-finance-ff,hyperliquid,jupiter-exchange-solana,kamino,layerzero,morpho,ondo-finance,pendle,sky,syrup,uniswap,virtual-protocol&order=market_cap_desc&per_page=250&page=1&sparkline=false&price_change_percentage=24h%2C7d%2C30d%2C1y",third_party,high,Token-level market metric from CoinGecko; do not treat as protocol/product usage.
2026-06-28,Centrifuge,CFG token,Tokenization,Token Price,0.21,USD,current,CoinGecko markets,"https://api.coingecko.com/api/v3/coins/markets?vs_currency=usd&ids=aave,aerodrome-finance,canton-network,centrifuge-2,curve-dao-token,ethena,ether-fi,euler,falcon-finance-ff,hyperliquid,jupiter-exchange-solana,kamino,layerzero,morpho,ondo-finance,pendle,sky,syrup,uniswap,virtual-protocol&order=market_cap_desc&per_page=250&page=1&sparkline=false&price_change_percentage=24h%2C7d%2C30d%2C1y",third_party,high,Token-level market metric from CoinGecko; do not treat as protocol/product usage.
2026-06-28,Curve,CRV token,Spot,Token Price,0.19,USD,current,CoinGecko markets,"https://api.coingecko.com/api/v3/coins/markets?vs_currency=usd&ids=aave,aerodrome-finance,canton-network,centrifuge-2,curve-dao-token,ethena,ether-fi,euler,falcon-finance-ff,hyperliquid,jupiter-exchange-solana,kamino,layerzero,morpho,ondo-finance,pendle,sky,syrup,uniswap,virtual-protocol&order=market_cap_desc&per_page=250&page=1&sparkline=false&price_change_percentage=24h%2C7d%2C30d%2C1y",third_party,high,Token-level market metric from CoinGecko; do not treat as protocol/product usage.
2026-06-28,Canton,CC token,Infra,Token Price,0.15,USD,current,CoinGecko markets,"https://api.coingecko.com/api/v3/coins/markets?vs_currency=usd&ids=aave,aerodrome-finance,canton-network,centrifuge-2,curve-dao-token,ethena,ether-fi,euler,falcon-finance-ff,hyperliquid,jupiter-exchange-solana,kamino,layerzero,morpho,ondo-finance,pendle,sky,syrup,uniswap,virtual-protocol&order=market_cap_desc&per_page=250&page=1&sparkline=false&price_change_percentage=24h%2C7d%2C30d%2C1y",third_party,high,Token-level market metric from CoinGecko; do not treat as protocol/product usage.
2026-06-28,Maple,SYRUP token,Tokenization,Token Price,0.15,USD,current,CoinGecko markets,"https://api.coingecko.com/api/v3/coins/markets?vs_currency=usd&ids=aave,aerodrome-finance,canton-network,centrifuge-2,curve-dao-token,ethena,ether-fi,euler,falcon-finance-ff,hyperliquid,jupiter-exchange-solana,kamino,layerzero,morpho,ondo-finance,pendle,sky,syrup,uniswap,virtual-protocol&order=market_cap_desc&per_page=250&page=1&sparkline=false&price_change_percentage=24h%2C7d%2C30d%2C1y",third_party,high,Token-level market metric from CoinGecko; do not treat as protocol/product usage.
2026-06-28,Ethena,ENA token,Asset Management,Token Price,0.08,USD,current,CoinGecko markets,"https://api.coingecko.com/api/v3/coins/markets?vs_currency=usd&ids=aave,aerodrome-finance,canton-network,centrifuge-2,curve-dao-token,ethena,ether-fi,euler,falcon-finance-ff,hyperliquid,jupiter-exchange-solana,kamino,layerzero,morpho,ondo-finance,pendle,sky,syrup,uniswap,virtual-protocol&order=market_cap_desc&per_page=250&page=1&sparkline=false&price_change_percentage=24h%2C7d%2C30d%2C1y",third_party,high,Token-level market metric from CoinGecko; do not treat as protocol/product usage.
2026-06-28,Falcon,FF token,Asset Management,Token Price,0.07,USD,current,CoinGecko markets,"https://api.coingecko.com/api/v3/coins/markets?vs_currency=usd&ids=aave,aerodrome-finance,canton-network,centrifuge-2,curve-dao-token,ethena,ether-fi,euler,falcon-finance-ff,hyperliquid,jupiter-exchange-solana,kamino,layerzero,morpho,ondo-finance,pendle,sky,syrup,uniswap,virtual-protocol&order=market_cap_desc&per_page=250&page=1&sparkline=false&price_change_percentage=24h%2C7d%2C30d%2C1y",third_party,high,Token-level market metric from CoinGecko; do not treat as protocol/product usage.
2026-06-28,Sky,SKY token,Lending,Token Price,0.05,USD,current,CoinGecko markets,"https://api.coingecko.com/api/v3/coins/markets?vs_currency=usd&ids=aave,aerodrome-finance,canton-network,centrifuge-2,curve-dao-token,ethena,ether-fi,euler,falcon-finance-ff,hyperliquid,jupiter-exchange-solana,kamino,layerzero,morpho,ondo-finance,pendle,sky,syrup,uniswap,virtual-protocol&order=market_cap_desc&per_page=250&page=1&sparkline=false&price_change_percentage=24h%2C7d%2C30d%2C1y",third_party,high,Token-level market metric from CoinGecko; do not treat as protocol/product usage.
2026-06-28,Kamino,KMNO token,Lending,Token Price,0.02,USD,current,CoinGecko markets,"https://api.coingecko.com/api/v3/coins/markets?vs_currency=usd&ids=aave,aerodrome-finance,canton-network,centrifuge-2,curve-dao-token,ethena,ether-fi,euler,falcon-finance-ff,hyperliquid,jupiter-exchange-solana,kamino,layerzero,morpho,ondo-finance,pendle,sky,syrup,uniswap,virtual-protocol&order=market_cap_desc&per_page=250&page=1&sparkline=false&price_change_percentage=24h%2C7d%2C30d%2C1y",third_party,high,Token-level market metric from CoinGecko; do not treat as protocol/product usage.
