pulled_date,project,record,sector,metric,value,unit,period,source_name,source,source_relationship,confidence,notes
2026-10-04,Hyperliquid,HYPE token,Derivatives,1Y Token Performance,85.1842,%,1Y,CoinGecko markets,"https://api.coingecko.com/api/v3/coins/markets?vs_currency=usd&ids=aave,aerodrome-finance,canton-network,centrifuge-2,curve-dao-token,ethena,ether-fi,euler,falcon-finance-ff,hyperliquid,jupiter-exchange-solana,kamino,layerzero,morpho,ondo-finance,pendle,sky,syrup,uniswap,virtual-protocol&order=market_cap_desc&per_page=250&page=1&sparkline=false&price_change_percentage=24h%2C7d%2C30d%2C1y",third_party,high,"Token price change; market sentiment, not product adoption."
2026-10-04,Morpho,MORPHO token,Lending,1Y Token Performance,45.4818,%,1Y,CoinGecko markets,"https://api.coingecko.com/api/v3/coins/markets?vs_currency=usd&ids=aave,aerodrome-finance,canton-network,centrifuge-2,curve-dao-token,ethena,ether-fi,euler,falcon-finance-ff,hyperliquid,jupiter-exchange-solana,kamino,layerzero,morpho,ondo-finance,pendle,sky,syrup,uniswap,virtual-protocol&order=market_cap_desc&per_page=250&page=1&sparkline=false&price_change_percentage=24h%2C7d%2C30d%2C1y",third_party,high,"Token price change; market sentiment, not product adoption."
2026-10-04,Sky,SKY token,Lending,1Y Token Performance,37.2419,%,1Y,CoinGecko markets,"https://api.coingecko.com/api/v3/coins/markets?vs_currency=usd&ids=aave,aerodrome-finance,canton-network,centrifuge-2,curve-dao-token,ethena,ether-fi,euler,falcon-finance-ff,hyperliquid,jupiter-exchange-solana,kamino,layerzero,morpho,ondo-finance,pendle,sky,syrup,uniswap,virtual-protocol&order=market_cap_desc&per_page=250&page=1&sparkline=false&price_change_percentage=24h%2C7d%2C30d%2C1y",third_party,high,"Token price change; market sentiment, not product adoption."
2026-10-04,Uniswap,UNI token,Spot,1Y Token Performance,12.7032,%,1Y,CoinGecko markets,"https://api.coingecko.com/api/v3/coins/markets?vs_currency=usd&ids=aave,aerodrome-finance,canton-network,centrifuge-2,curve-dao-token,ethena,ether-fi,euler,falcon-finance-ff,hyperliquid,jupiter-exchange-solana,kamino,layerzero,morpho,ondo-finance,pendle,sky,syrup,uniswap,virtual-protocol&order=market_cap_desc&per_page=250&page=1&sparkline=false&price_change_percentage=24h%2C7d%2C30d%2C1y",third_party,high,"Token price change; market sentiment, not product adoption."
2026-10-04,LayerZero,ZRO token,Infra,1Y Token Performance,-14.5393,%,1Y,CoinGecko markets,"https://api.coingecko.com/api/v3/coins/markets?vs_currency=usd&ids=aave,aerodrome-finance,canton-network,centrifuge-2,curve-dao-token,ethena,ether-fi,euler,falcon-finance-ff,hyperliquid,jupiter-exchange-solana,kamino,layerzero,morpho,ondo-finance,pendle,sky,syrup,uniswap,virtual-protocol&order=market_cap_desc&per_page=250&page=1&sparkline=false&price_change_percentage=24h%2C7d%2C30d%2C1y",third_party,high,"Token price change; market sentiment, not product adoption."
2026-10-04,Aerodrome,AERO token,Spot,1Y Token Performance,-25.2314,%,1Y,CoinGecko markets,"https://api.coingecko.com/api/v3/coins/markets?vs_currency=usd&ids=aave,aerodrome-finance,canton-network,centrifuge-2,curve-dao-token,ethena,ether-fi,euler,falcon-finance-ff,hyperliquid,jupiter-exchange-solana,kamino,layerzero,morpho,ondo-finance,pendle,sky,syrup,uniswap,virtual-protocol&order=market_cap_desc&per_page=250&page=1&sparkline=false&price_change_percentage=24h%2C7d%2C30d%2C1y",third_party,high,"Token price change; market sentiment, not product adoption."
2026-10-04,Virtuals,VIRTUAL token,AI,1Y Token Performance,-26.48,%,1Y,CoinGecko markets,"https://api.coingecko.com/api/v3/coins/markets?vs_currency=usd&ids=aave,aerodrome-finance,canton-network,centrifuge-2,curve-dao-token,ethena,ether-fi,euler,falcon-finance-ff,hyperliquid,jupiter-exchange-solana,kamino,layerzero,morpho,ondo-finance,pendle,sky,syrup,uniswap,virtual-protocol&order=market_cap_desc&per_page=250&page=1&sparkline=false&price_change_percentage=24h%2C7d%2C30d%2C1y",third_party,high,"Token price change; market sentiment, not product adoption."
2026-10-04,Jupiter,JUP token,Spot,1Y Token Performance,-28.1444,%,1Y,CoinGecko markets,"https://api.coingecko.com/api/v3/coins/markets?vs_currency=usd&ids=aave,aerodrome-finance,canton-network,centrifuge-2,curve-dao-token,ethena,ether-fi,euler,falcon-finance-ff,hyperliquid,jupiter-exchange-solana,kamino,layerzero,morpho,ondo-finance,pendle,sky,syrup,uniswap,virtual-protocol&order=market_cap_desc&per_page=250&page=1&sparkline=false&price_change_percentage=24h%2C7d%2C30d%2C1y",third_party,high,"Token price change; market sentiment, not product adoption."
2026-10-04,Aave,AAVE token,Lending,1Y Token Performance,-36.9079,%,1Y,CoinGecko markets,"https://api.coingecko.com/api/v3/coins/markets?vs_currency=usd&ids=aave,aerodrome-finance,canton-network,centrifuge-2,curve-dao-token,ethena,ether-fi,euler,falcon-finance-ff,hyperliquid,jupiter-exchange-solana,kamino,layerzero,morpho,ondo-finance,pendle,sky,syrup,uniswap,virtual-protocol&order=market_cap_desc&per_page=250&page=1&sparkline=false&price_change_percentage=24h%2C7d%2C30d%2C1y",third_party,high,"Token price change; market sentiment, not product adoption."
2026-10-04,Falcon,FF token,Asset Management,1Y Token Performance,-38.9083,%,1Y,CoinGecko markets,"https://api.coingecko.com/api/v3/coins/markets?vs_currency=usd&ids=aave,aerodrome-finance,canton-network,centrifuge-2,curve-dao-token,ethena,ether-fi,euler,falcon-finance-ff,hyperliquid,jupiter-exchange-solana,kamino,layerzero,morpho,ondo-finance,pendle,sky,syrup,uniswap,virtual-protocol&order=market_cap_desc&per_page=250&page=1&sparkline=false&price_change_percentage=24h%2C7d%2C30d%2C1y",third_party,high,"Token price change; market sentiment, not product adoption."
2026-10-04,Maple,SYRUP token,Tokenization,1Y Token Performance,-39.0088,%,1Y,CoinGecko markets,"https://api.coingecko.com/api/v3/coins/markets?vs_currency=usd&ids=aave,aerodrome-finance,canton-network,centrifuge-2,curve-dao-token,ethena,ether-fi,euler,falcon-finance-ff,hyperliquid,jupiter-exchange-solana,kamino,layerzero,morpho,ondo-finance,pendle,sky,syrup,uniswap,virtual-protocol&order=market_cap_desc&per_page=250&page=1&sparkline=false&price_change_percentage=24h%2C7d%2C30d%2C1y",third_party,high,"Token price change; market sentiment, not product adoption."
2026-10-04,Kamino,KMNO token,Lending,1Y Token Performance,-46.1514,%,1Y,CoinGecko markets,"https://api.coingecko.com/api/v3/coins/markets?vs_currency=usd&ids=aave,aerodrome-finance,canton-network,centrifuge-2,curve-dao-token,ethena,ether-fi,euler,falcon-finance-ff,hyperliquid,jupiter-exchange-solana,kamino,layerzero,morpho,ondo-finance,pendle,sky,syrup,uniswap,virtual-protocol&order=market_cap_desc&per_page=250&page=1&sparkline=false&price_change_percentage=24h%2C7d%2C30d%2C1y",third_party,high,"Token price change; market sentiment, not product adoption."
2026-10-04,Ondo,ONDO token,Tokenization,1Y Token Performance,-46.4167,%,1Y,CoinGecko markets,"https://api.coingecko.com/api/v3/coins/markets?vs_currency=usd&ids=aave,aerodrome-finance,canton-network,centrifuge-2,curve-dao-token,ethena,ether-fi,euler,falcon-finance-ff,hyperliquid,jupiter-exchange-solana,kamino,layerzero,morpho,ondo-finance,pendle,sky,syrup,uniswap,virtual-protocol&order=market_cap_desc&per_page=250&page=1&sparkline=false&price_change_percentage=24h%2C7d%2C30d%2C1y",third_party,high,"Token price change; market sentiment, not product adoption."
2026-10-04,Pendle,PENDLE token,Derivatives,1Y Token Performance,-48.8866,%,1Y,CoinGecko markets,"https://api.coingecko.com/api/v3/coins/markets?vs_currency=usd&ids=aave,aerodrome-finance,canton-network,centrifuge-2,curve-dao-token,ethena,ether-fi,euler,falcon-finance-ff,hyperliquid,jupiter-exchange-solana,kamino,layerzero,morpho,ondo-finance,pendle,sky,syrup,uniswap,virtual-protocol&order=market_cap_desc&per_page=250&page=1&sparkline=false&price_change_percentage=24h%2C7d%2C30d%2C1y",third_party,high,"Token price change; market sentiment, not product adoption."
2026-10-04,Centrifuge,CFG token,Tokenization,1Y Token Performance,-51.2519,%,1Y,CoinGecko markets,"https://api.coingecko.com/api/v3/coins/markets?vs_currency=usd&ids=aave,aerodrome-finance,canton-network,centrifuge-2,curve-dao-token,ethena,ether-fi,euler,falcon-finance-ff,hyperliquid,jupiter-exchange-solana,kamino,layerzero,morpho,ondo-finance,pendle,sky,syrup,uniswap,virtual-protocol&order=market_cap_desc&per_page=250&page=1&sparkline=false&price_change_percentage=24h%2C7d%2C30d%2C1y",third_party,high,"Token price change; market sentiment, not product adoption."
2026-10-04,Curve,CRV token,Spot,1Y Token Performance,-52.754,%,1Y,CoinGecko markets,"https://api.coingecko.com/api/v3/coins/markets?vs_currency=usd&ids=aave,aerodrome-finance,canton-network,centrifuge-2,curve-dao-token,ethena,ether-fi,euler,falcon-finance-ff,hyperliquid,jupiter-exchange-solana,kamino,layerzero,morpho,ondo-finance,pendle,sky,syrup,uniswap,virtual-protocol&order=market_cap_desc&per_page=250&page=1&sparkline=false&price_change_percentage=24h%2C7d%2C30d%2C1y",third_party,high,"Token price change; market sentiment, not product adoption."
2026-10-04,EtherFi,ETHFI token,Asset Management,1Y Token Performance,-58.0243,%,1Y,CoinGecko markets,"https://api.coingecko.com/api/v3/coins/markets?vs_currency=usd&ids=aave,aerodrome-finance,canton-network,centrifuge-2,curve-dao-token,ethena,ether-fi,euler,falcon-finance-ff,hyperliquid,jupiter-exchange-solana,kamino,layerzero,morpho,ondo-finance,pendle,sky,syrup,uniswap,virtual-protocol&order=market_cap_desc&per_page=250&page=1&sparkline=false&price_change_percentage=24h%2C7d%2C30d%2C1y",third_party,high,"Token price change; market sentiment, not product adoption."
2026-10-04,Ethena,ENA token,Asset Management,1Y Token Performance,-59.8251,%,1Y,CoinGecko markets,"https://api.coingecko.com/api/v3/coins/markets?vs_currency=usd&ids=aave,aerodrome-finance,canton-network,centrifuge-2,curve-dao-token,ethena,ether-fi,euler,falcon-finance-ff,hyperliquid,jupiter-exchange-solana,kamino,layerzero,morpho,ondo-finance,pendle,sky,syrup,uniswap,virtual-protocol&order=market_cap_desc&per_page=250&page=1&sparkline=false&price_change_percentage=24h%2C7d%2C30d%2C1y",third_party,high,"Token price change; market sentiment, not product adoption."
2026-10-04,Euler,EUL token,Lending,1Y Token Performance,-85.2794,%,1Y,CoinGecko markets,"https://api.coingecko.com/api/v3/coins/markets?vs_currency=usd&ids=aave,aerodrome-finance,canton-network,centrifuge-2,curve-dao-token,ethena,ether-fi,euler,falcon-finance-ff,hyperliquid,jupiter-exchange-solana,kamino,layerzero,morpho,ondo-finance,pendle,sky,syrup,uniswap,virtual-protocol&order=market_cap_desc&per_page=250&page=1&sparkline=false&price_change_percentage=24h%2C7d%2C30d%2C1y",third_party,high,"Token price change; market sentiment, not product adoption."
2026-10-04,Uniswap,Uniswap V4,Spot,24H DEX Volume,1430910141.0,USD,24H,DefiLlama DEX overview,https://api.llama.fi/overview/dexs,third_party,high,DEX volume is source-comparable only for DEX records.
2026-10-04,Uniswap,Uniswap V3,Spot,24H DEX Volume,588074911.0,USD,24H,DefiLlama DEX overview,https://api.llama.fi/overview/dexs,third_party,high,DEX volume is source-comparable only for DEX records.
2026-10-04,Aerodrome,Aerodrome Slipstream,Spot,24H DEX Volume,238417969.0,USD,24H,DefiLlama DEX overview,https://api.llama.fi/overview/dexs,third_party,high,DEX volume is source-comparable only for DEX records.
2026-10-04,Curve,Curve Finance,Spot,24H DEX Volume,27154787.0,USD,24H,DefiLlama DEX overview,https://api.llama.fi/overview/dexs,third_party,high,DEX volume is source-comparable only for DEX records.
2026-10-04,Uniswap,Uniswap V2,Spot,24H DEX Volume,25815609.0,USD,24H,DefiLlama DEX overview,https://api.llama.fi/overview/dexs,third_party,high,DEX volume is source-comparable only for DEX records.
2026-10-04,Aerodrome,Aerodrome V1,Spot,24H DEX Volume,7900282.0,USD,24H,DefiLlama DEX overview,https://api.llama.fi/overview/dexs,third_party,high,DEX volume is source-comparable only for DEX records.
2026-10-04,Uniswap,Uniswap V4,Spot,24H Fee Share,4.6086,%,24H,DefiLlama fees overview,https://api.llama.fi/overview/fees,third_party,high,"Share of all DefiLlama-tracked fees over 24H; record-level, summed per project in the dashboard."
2026-10-04,Aave,Aave V3,Lending,24H Fee Share,1.6248,%,24H,DefiLlama fees overview,https://api.llama.fi/overview/fees,third_party,high,"Share of all DefiLlama-tracked fees over 24H; record-level, summed per project in the dashboard."
2026-10-04,Uniswap,Uniswap V3,Spot,24H Fee Share,0.6797,%,24H,DefiLlama fees overview,https://api.llama.fi/overview/fees,third_party,high,"Share of all DefiLlama-tracked fees over 24H; record-level, summed per project in the dashboard."
2026-10-04,Aerodrome,Aerodrome Slipstream,Spot,24H Fee Share,0.25,%,24H,DefiLlama fees overview,https://api.llama.fi/overview/fees,third_party,high,"Share of all DefiLlama-tracked fees over 24H; record-level, summed per project in the dashboard."
2026-10-04,Uniswap,Uniswap V2,Spot,24H Fee Share,0.1068,%,24H,DefiLlama fees overview,https://api.llama.fi/overview/fees,third_party,high,"Share of all DefiLlama-tracked fees over 24H; record-level, summed per project in the dashboard."
2026-10-04,Aerodrome,Aerodrome V1,Spot,24H Fee Share,0.052,%,24H,DefiLlama fees overview,https://api.llama.fi/overview/fees,third_party,high,"Share of all DefiLlama-tracked fees over 24H; record-level, summed per project in the dashboard."
2026-10-04,Aave,Aave V4,Lending,24H Fee Share,0.0401,%,24H,DefiLlama fees overview,https://api.llama.fi/overview/fees,third_party,medium,"Share of all DefiLlama-tracked fees over 24H; record-level, summed per project in the dashboard."
2026-10-04,Centrifuge,Centrifuge,Tokenization,24H Fee Share,0.0147,%,24H,DefiLlama fees overview,https://api.llama.fi/overview/fees,third_party,high,"Share of all DefiLlama-tracked fees over 24H; record-level, summed per project in the dashboard."
2026-10-04,Pendle,Pendle,Derivatives,24H Fee Share,0.0098,%,24H,DefiLlama fees overview,https://api.llama.fi/overview/fees,third_party,high,"Share of all DefiLlama-tracked fees over 24H; record-level, summed per project in the dashboard."
2026-10-04,Hyperliquid,Hyperliquid HLP,Derivatives,24H Fee Share,0.0092,%,24H,DefiLlama fees overview,https://api.llama.fi/overview/fees,third_party,medium,"Share of all DefiLlama-tracked fees over 24H; record-level, summed per project in the dashboard."
2026-10-04,Falcon,Falcon Finance,Asset Management,24H Fee Share,0.0082,%,24H,DefiLlama fees overview,https://api.llama.fi/overview/fees,third_party,medium,"Share of all DefiLlama-tracked fees over 24H; record-level, summed per project in the dashboard."
2026-10-04,Virtuals,Virtuals Protocol,AI,24H Fee Share,0.0082,%,24H,DefiLlama fees overview,https://api.llama.fi/overview/fees,third_party,medium,"Share of all DefiLlama-tracked fees over 24H; record-level, summed per project in the dashboard."
2026-10-04,LayerZero,LayerZero V2,Infra,24H Fee Share,0.0071,%,24H,DefiLlama fees overview,https://api.llama.fi/overview/fees,third_party,medium,"Share of all DefiLlama-tracked fees over 24H; record-level, summed per project in the dashboard."
2026-10-04,Pendle,Pendle Boros,Derivatives,24H Fee Share,0.0004,%,24H,DefiLlama fees overview,https://api.llama.fi/overview/fees,third_party,medium,"Share of all DefiLlama-tracked fees over 24H; record-level, summed per project in the dashboard."
2026-10-04,Uniswap,Uniswap V4,Spot,24H Fees,3370987.0,USD,24H,DefiLlama fees,https://api.llama.fi/summary/fees/uniswap-v4?dataType=dailyFees,third_party,high,24H Fees from the same DefiLlama fees response as the 30D figure.
2026-10-04,Canton,Canton Network,Infra,24H Fees,1734855.0,USD,24H,DefiLlama fees,https://api.llama.fi/summary/fees/canton?dataType=dailyFees,third_party,medium,24H Fees from the same DefiLlama fees response as the 30D figure.
2026-10-04,Aave,Aave V3,Lending,24H Fees,1188459.0,USD,24H,DefiLlama fees,https://api.llama.fi/summary/fees/aave-v3?dataType=dailyFees,third_party,high,24H Fees from the same DefiLlama fees response as the 30D figure.
2026-10-04,Sky,Sky Lending,Lending,24H Fees,907908.0,USD,24H,DefiLlama fees,https://api.llama.fi/summary/fees/sky-lending?dataType=dailyFees,third_party,high,24H Fees from the same DefiLlama fees response as the 30D figure.
2026-10-04,Hyperliquid,Hyperliquid Exchange,Derivatives,24H Fees,865801.0,USD,24H,DefiLlama fees,https://api.llama.fi/summary/fees/hyperliquid?dataType=dailyFees,third_party,high,24H Fees from the same DefiLlama fees response as the 30D figure.
2026-10-04,Morpho,Morpho Blue,Lending,24H Fees,694105.0,USD,24H,DefiLlama fees,https://api.llama.fi/summary/fees/morpho-blue?dataType=dailyFees,third_party,high,24H Fees from the same DefiLlama fees response as the 30D figure.
2026-10-04,Uniswap,Uniswap V3,Spot,24H Fees,500108.0,USD,24H,DefiLlama fees,https://api.llama.fi/summary/fees/uniswap-v3?dataType=dailyFees,third_party,high,24H Fees from the same DefiLlama fees response as the 30D figure.
2026-10-04,Ondo,Ondo Yield Assets,Tokenization,24H Fees,222095.0,USD,24H,DefiLlama fees,https://api.llama.fi/summary/fees/ondo-yield-assets?dataType=dailyFees,third_party,high,24H Fees from the same DefiLlama fees response as the 30D figure.
2026-10-04,Aerodrome,Aerodrome V1,Spot,24H Fees,219460.0,USD,24H,DefiLlama fees,https://api.llama.fi/summary/fees/aerodrome?dataType=dailyFees,third_party,high,24H Fees from the same DefiLlama fees response as the 30D figure.
2026-10-04,Aerodrome,Aerodrome Slipstream,Spot,24H Fees,182844.0,USD,24H,DefiLlama fees,https://api.llama.fi/summary/fees/aerodrome-slipstream?dataType=dailyFees,third_party,high,24H Fees from the same DefiLlama fees response as the 30D figure.
2026-10-04,Kamino,Kamino,Lending,24H Fees,175315.0,USD,24H,DefiLlama fees,https://api.llama.fi/summary/fees/kamino?dataType=dailyFees,third_party,high,24H Fees from the same DefiLlama fees response as the 30D figure.
2026-10-04,Uniswap,Uniswap V2,Spot,24H Fees,76925.0,USD,24H,DefiLlama fees,https://api.llama.fi/summary/fees/uniswap-v2?dataType=dailyFees,third_party,high,24H Fees from the same DefiLlama fees response as the 30D figure.
2026-10-04,Jupiter,Jupiter Perpetual Exchange,Derivatives,24H Fees,73937.0,USD,24H,DefiLlama fees,https://api.llama.fi/summary/fees/jupiter-perpetual-exchange?dataType=dailyFees,third_party,medium,24H Fees from the same DefiLlama fees response as the 30D figure.
2026-10-04,Euler,Euler V2,Lending,24H Fees,59060.0,USD,24H,DefiLlama fees,https://api.llama.fi/summary/fees/euler-v2?dataType=dailyFees,third_party,high,24H Fees from the same DefiLlama fees response as the 30D figure.
2026-10-04,EtherFi,EtherFi Cash,Asset Management,24H Fees,58566.0,USD,24H,DefiLlama fees,https://api.llama.fi/summary/fees/etherfi-cash-liquid?dataType=dailyFees,third_party,medium,24H Fees from the same DefiLlama fees response as the 30D figure.
2026-10-04,Aave,Aave V4,Lending,24H Fees,29280.0,USD,24H,DefiLlama fees,https://api.llama.fi/summary/fees/aave-v4?dataType=dailyFees,third_party,medium,24H Fees from the same DefiLlama fees response as the 30D figure.
2026-10-04,Hyperliquid,Hyperliquid Spot Orderbook,Derivatives,24H Fees,29177.0,USD,24H,DefiLlama fees,https://api.llama.fi/summary/fees/hyperliquid-spot-orderbook?dataType=dailyFees,third_party,medium,24H Fees from the same DefiLlama fees response as the 30D figure.
2026-10-04,Curve,Curve Finance,Spot,24H Fees,12909.12,USD,24H,DefiLlama fees,https://api.llama.fi/summary/fees/curve-finance?dataType=dailyFees,third_party,high,24H Fees from the same DefiLlama fees response as the 30D figure.
2026-10-04,Centrifuge,Centrifuge,Tokenization,24H Fees,10743.0,USD,24H,DefiLlama fees,https://api.llama.fi/summary/fees/centrifuge?dataType=dailyFees,third_party,high,24H Fees from the same DefiLlama fees response as the 30D figure.
2026-10-04,Hyperliquid,Hyperliquid HLP,Derivatives,24H Fees,6765.0,USD,24H,DefiLlama fees,https://api.llama.fi/summary/fees/hyperliquid-hlp?dataType=dailyFees,third_party,medium,24H Fees from the same DefiLlama fees response as the 30D figure.
2026-10-04,Falcon,Falcon Finance,Asset Management,24H Fees,5988.0,USD,24H,DefiLlama fees,https://api.llama.fi/summary/fees/falcon-finance?dataType=dailyFees,third_party,medium,24H Fees from the same DefiLlama fees response as the 30D figure.
2026-10-04,Pendle,Pendle,Derivatives,24H Fees,5893.0,USD,24H,DefiLlama fees,https://api.llama.fi/summary/fees/pendle?dataType=dailyFees,third_party,high,24H Fees from the same DefiLlama fees response as the 30D figure.
2026-10-04,LayerZero,LayerZero V2,Infra,24H Fees,5233.0,USD,24H,DefiLlama fees,https://api.llama.fi/summary/fees/layerzero?dataType=dailyFees,third_party,medium,24H Fees from the same DefiLlama fees response as the 30D figure.
2026-10-04,Pendle,Pendle Boros,Derivatives,24H Fees,299.0,USD,24H,DefiLlama fees,https://api.llama.fi/summary/fees/boros?dataType=dailyFees,third_party,medium,24H Fees from the same DefiLlama fees response as the 30D figure.
2026-10-04,Ethena,Ethena USDe,Asset Management,24H Fees,108.0,USD,24H,DefiLlama fees,https://api.llama.fi/summary/fees/ethena-usde?dataType=dailyFees,third_party,high,24H Fees from the same DefiLlama fees response as the 30D figure.
2026-10-04,Hyperliquid,Hyperliquid Perps,Derivatives,24H Perps Volume,2139946713.7,USD,24H,Hyperliquid info API,https://api.hyperliquid.xyz/info,third_party,high,24H perp notional volume summed across assets from the official Hyperliquid info API (project-native).
2026-10-04,Canton,Canton Network,Infra,24H Revenue,1734855.0,USD,24H,DefiLlama fees,https://api.llama.fi/summary/fees/canton?dataType=dailyRevenue,third_party,medium,24H Revenue from the same DefiLlama fees response as the 30D figure.
2026-10-04,Hyperliquid,Hyperliquid Exchange,Derivatives,24H Revenue,669744.0,USD,24H,DefiLlama fees,https://api.llama.fi/summary/fees/hyperliquid?dataType=dailyRevenue,third_party,high,24H Revenue from the same DefiLlama fees response as the 30D figure.
2026-10-04,Sky,Sky Lending,Lending,24H Revenue,441457.0,USD,24H,DefiLlama fees,https://api.llama.fi/summary/fees/sky-lending?dataType=dailyRevenue,third_party,high,24H Revenue from the same DefiLlama fees response as the 30D figure.
2026-10-04,Aave,Aave V3,Lending,24H Revenue,149749.0,USD,24H,DefiLlama fees,https://api.llama.fi/summary/fees/aave-v3?dataType=dailyRevenue,third_party,high,24H Revenue from the same DefiLlama fees response as the 30D figure.
2026-10-04,Aerodrome,Aerodrome V1,Spot,24H Revenue,146452.0,USD,24H,DefiLlama fees,https://api.llama.fi/summary/fees/aerodrome?dataType=dailyRevenue,third_party,high,24H Revenue from the same DefiLlama fees response as the 30D figure.
2026-10-04,Uniswap,Uniswap V3,Spot,24H Revenue,144444.0,USD,24H,DefiLlama fees,https://api.llama.fi/summary/fees/uniswap-v3?dataType=dailyRevenue,third_party,high,24H Revenue from the same DefiLlama fees response as the 30D figure.
2026-10-04,Aerodrome,Aerodrome Slipstream,Spot,24H Revenue,122089.0,USD,24H,DefiLlama fees,https://api.llama.fi/summary/fees/aerodrome-slipstream?dataType=dailyRevenue,third_party,high,24H Revenue from the same DefiLlama fees response as the 30D figure.
2026-10-04,EtherFi,EtherFi Cash,Asset Management,24H Revenue,51793.0,USD,24H,DefiLlama fees,https://api.llama.fi/summary/fees/etherfi-cash-liquid?dataType=dailyRevenue,third_party,medium,24H Revenue from the same DefiLlama fees response as the 30D figure.
2026-10-04,Hyperliquid,Hyperliquid Spot Orderbook,Derivatives,24H Revenue,23686.0,USD,24H,DefiLlama fees,https://api.llama.fi/summary/fees/hyperliquid-spot-orderbook?dataType=dailyRevenue,third_party,medium,24H Revenue from the same DefiLlama fees response as the 30D figure.
2026-10-04,Kamino,Kamino,Lending,24H Revenue,22496.0,USD,24H,DefiLlama fees,https://api.llama.fi/summary/fees/kamino?dataType=dailyRevenue,third_party,high,24H Revenue from the same DefiLlama fees response as the 30D figure.
2026-10-04,Jupiter,Jupiter Perpetual Exchange,Derivatives,24H Revenue,18484.0,USD,24H,DefiLlama fees,https://api.llama.fi/summary/fees/jupiter-perpetual-exchange?dataType=dailyRevenue,third_party,medium,24H Revenue from the same DefiLlama fees response as the 30D figure.
2026-10-04,Centrifuge,Centrifuge,Tokenization,24H Revenue,10743.0,USD,24H,DefiLlama fees,https://api.llama.fi/summary/fees/centrifuge?dataType=dailyRevenue,third_party,high,24H Revenue from the same DefiLlama fees response as the 30D figure.
2026-10-04,Pendle,Pendle,Derivatives,24H Revenue,5747.0,USD,24H,DefiLlama fees,https://api.llama.fi/summary/fees/pendle?dataType=dailyRevenue,third_party,high,24H Revenue from the same DefiLlama fees response as the 30D figure.
2026-10-04,Curve,Curve Finance,Spot,24H Revenue,4848.0,USD,24H,DefiLlama fees,https://api.llama.fi/summary/fees/curve-finance?dataType=dailyRevenue,third_party,high,24H Revenue from the same DefiLlama fees response as the 30D figure.
2026-10-04,Aave,Aave V4,Lending,24H Revenue,4269.0,USD,24H,DefiLlama fees,https://api.llama.fi/summary/fees/aave-v4?dataType=dailyRevenue,third_party,medium,24H Revenue from the same DefiLlama fees response as the 30D figure.
2026-10-04,Euler,Euler V2,Lending,24H Revenue,2608.0,USD,24H,DefiLlama fees,https://api.llama.fi/summary/fees/euler-v2?dataType=dailyRevenue,third_party,high,24H Revenue from the same DefiLlama fees response as the 30D figure.
2026-10-04,Pendle,Pendle Boros,Derivatives,24H Revenue,299.0,USD,24H,DefiLlama fees,https://api.llama.fi/summary/fees/boros?dataType=dailyRevenue,third_party,medium,24H Revenue from the same DefiLlama fees response as the 30D figure.
2026-10-04,Ethena,Ethena USDe,Asset Management,24H Revenue,108.0,USD,24H,DefiLlama fees,https://api.llama.fi/summary/fees/ethena-usde?dataType=dailyRevenue,third_party,high,24H Revenue from the same DefiLlama fees response as the 30D figure.
2026-10-04,Aerodrome,AERO token,Spot,24H Token Performance,9.3616,%,24H,CoinGecko markets,"https://api.coingecko.com/api/v3/coins/markets?vs_currency=usd&ids=aave,aerodrome-finance,canton-network,centrifuge-2,curve-dao-token,ethena,ether-fi,euler,falcon-finance-ff,hyperliquid,jupiter-exchange-solana,kamino,layerzero,morpho,ondo-finance,pendle,sky,syrup,uniswap,virtual-protocol&order=market_cap_desc&per_page=250&page=1&sparkline=false&price_change_percentage=24h%2C7d%2C30d%2C1y",third_party,high,"Token price change; market sentiment, not product adoption."
2026-10-04,EtherFi,ETHFI token,Asset Management,24H Token Performance,7.3098,%,24H,CoinGecko markets,"https://api.coingecko.com/api/v3/coins/markets?vs_currency=usd&ids=aave,aerodrome-finance,canton-network,centrifuge-2,curve-dao-token,ethena,ether-fi,euler,falcon-finance-ff,hyperliquid,jupiter-exchange-solana,kamino,layerzero,morpho,ondo-finance,pendle,sky,syrup,uniswap,virtual-protocol&order=market_cap_desc&per_page=250&page=1&sparkline=false&price_change_percentage=24h%2C7d%2C30d%2C1y",third_party,high,"Token price change; market sentiment, not product adoption."
2026-10-04,Euler,EUL token,Lending,24H Token Performance,4.4394,%,24H,CoinGecko markets,"https://api.coingecko.com/api/v3/coins/markets?vs_currency=usd&ids=aave,aerodrome-finance,canton-network,centrifuge-2,curve-dao-token,ethena,ether-fi,euler,falcon-finance-ff,hyperliquid,jupiter-exchange-solana,kamino,layerzero,morpho,ondo-finance,pendle,sky,syrup,uniswap,virtual-protocol&order=market_cap_desc&per_page=250&page=1&sparkline=false&price_change_percentage=24h%2C7d%2C30d%2C1y",third_party,high,"Token price change; market sentiment, not product adoption."
2026-10-04,Sky,SKY token,Lending,24H Token Performance,4.3342,%,24H,CoinGecko markets,"https://api.coingecko.com/api/v3/coins/markets?vs_currency=usd&ids=aave,aerodrome-finance,canton-network,centrifuge-2,curve-dao-token,ethena,ether-fi,euler,falcon-finance-ff,hyperliquid,jupiter-exchange-solana,kamino,layerzero,morpho,ondo-finance,pendle,sky,syrup,uniswap,virtual-protocol&order=market_cap_desc&per_page=250&page=1&sparkline=false&price_change_percentage=24h%2C7d%2C30d%2C1y",third_party,high,"Token price change; market sentiment, not product adoption."
2026-10-04,Pendle,PENDLE token,Derivatives,24H Token Performance,3.1961,%,24H,CoinGecko markets,"https://api.coingecko.com/api/v3/coins/markets?vs_currency=usd&ids=aave,aerodrome-finance,canton-network,centrifuge-2,curve-dao-token,ethena,ether-fi,euler,falcon-finance-ff,hyperliquid,jupiter-exchange-solana,kamino,layerzero,morpho,ondo-finance,pendle,sky,syrup,uniswap,virtual-protocol&order=market_cap_desc&per_page=250&page=1&sparkline=false&price_change_percentage=24h%2C7d%2C30d%2C1y",third_party,high,"Token price change; market sentiment, not product adoption."
2026-10-04,Maple,SYRUP token,Tokenization,24H Token Performance,2.8969,%,24H,CoinGecko markets,"https://api.coingecko.com/api/v3/coins/markets?vs_currency=usd&ids=aave,aerodrome-finance,canton-network,centrifuge-2,curve-dao-token,ethena,ether-fi,euler,falcon-finance-ff,hyperliquid,jupiter-exchange-solana,kamino,layerzero,morpho,ondo-finance,pendle,sky,syrup,uniswap,virtual-protocol&order=market_cap_desc&per_page=250&page=1&sparkline=false&price_change_percentage=24h%2C7d%2C30d%2C1y",third_party,high,"Token price change; market sentiment, not product adoption."
2026-10-04,Canton,CC token,Infra,24H Token Performance,2.7479,%,24H,CoinGecko markets,"https://api.coingecko.com/api/v3/coins/markets?vs_currency=usd&ids=aave,aerodrome-finance,canton-network,centrifuge-2,curve-dao-token,ethena,ether-fi,euler,falcon-finance-ff,hyperliquid,jupiter-exchange-solana,kamino,layerzero,morpho,ondo-finance,pendle,sky,syrup,uniswap,virtual-protocol&order=market_cap_desc&per_page=250&page=1&sparkline=false&price_change_percentage=24h%2C7d%2C30d%2C1y",third_party,high,"Token price change; market sentiment, not product adoption."
2026-10-04,Virtuals,VIRTUAL token,AI,24H Token Performance,2.25,%,24H,CoinGecko markets,"https://api.coingecko.com/api/v3/coins/markets?vs_currency=usd&ids=aave,aerodrome-finance,canton-network,centrifuge-2,curve-dao-token,ethena,ether-fi,euler,falcon-finance-ff,hyperliquid,jupiter-exchange-solana,kamino,layerzero,morpho,ondo-finance,pendle,sky,syrup,uniswap,virtual-protocol&order=market_cap_desc&per_page=250&page=1&sparkline=false&price_change_percentage=24h%2C7d%2C30d%2C1y",third_party,high,"Token price change; market sentiment, not product adoption."
2026-10-04,Ethena,ENA token,Asset Management,24H Token Performance,1.8079,%,24H,CoinGecko markets,"https://api.coingecko.com/api/v3/coins/markets?vs_currency=usd&ids=aave,aerodrome-finance,canton-network,centrifuge-2,curve-dao-token,ethena,ether-fi,euler,falcon-finance-ff,hyperliquid,jupiter-exchange-solana,kamino,layerzero,morpho,ondo-finance,pendle,sky,syrup,uniswap,virtual-protocol&order=market_cap_desc&per_page=250&page=1&sparkline=false&price_change_percentage=24h%2C7d%2C30d%2C1y",third_party,high,"Token price change; market sentiment, not product adoption."
2026-10-04,Morpho,MORPHO token,Lending,24H Token Performance,1.2966,%,24H,CoinGecko markets,"https://api.coingecko.com/api/v3/coins/markets?vs_currency=usd&ids=aave,aerodrome-finance,canton-network,centrifuge-2,curve-dao-token,ethena,ether-fi,euler,falcon-finance-ff,hyperliquid,jupiter-exchange-solana,kamino,layerzero,morpho,ondo-finance,pendle,sky,syrup,uniswap,virtual-protocol&order=market_cap_desc&per_page=250&page=1&sparkline=false&price_change_percentage=24h%2C7d%2C30d%2C1y",third_party,high,"Token price change; market sentiment, not product adoption."
2026-10-04,Kamino,KMNO token,Lending,24H Token Performance,1.2521,%,24H,CoinGecko markets,"https://api.coingecko.com/api/v3/coins/markets?vs_currency=usd&ids=aave,aerodrome-finance,canton-network,centrifuge-2,curve-dao-token,ethena,ether-fi,euler,falcon-finance-ff,hyperliquid,jupiter-exchange-solana,kamino,layerzero,morpho,ondo-finance,pendle,sky,syrup,uniswap,virtual-protocol&order=market_cap_desc&per_page=250&page=1&sparkline=false&price_change_percentage=24h%2C7d%2C30d%2C1y",third_party,high,"Token price change; market sentiment, not product adoption."
2026-10-04,Hyperliquid,HYPE token,Derivatives,24H Token Performance,1.2123,%,24H,CoinGecko markets,"https://api.coingecko.com/api/v3/coins/markets?vs_currency=usd&ids=aave,aerodrome-finance,canton-network,centrifuge-2,curve-dao-token,ethena,ether-fi,euler,falcon-finance-ff,hyperliquid,jupiter-exchange-solana,kamino,layerzero,morpho,ondo-finance,pendle,sky,syrup,uniswap,virtual-protocol&order=market_cap_desc&per_page=250&page=1&sparkline=false&price_change_percentage=24h%2C7d%2C30d%2C1y",third_party,high,"Token price change; market sentiment, not product adoption."
2026-10-04,Jupiter,JUP token,Spot,24H Token Performance,1.0229,%,24H,CoinGecko markets,"https://api.coingecko.com/api/v3/coins/markets?vs_currency=usd&ids=aave,aerodrome-finance,canton-network,centrifuge-2,curve-dao-token,ethena,ether-fi,euler,falcon-finance-ff,hyperliquid,jupiter-exchange-solana,kamino,layerzero,morpho,ondo-finance,pendle,sky,syrup,uniswap,virtual-protocol&order=market_cap_desc&per_page=250&page=1&sparkline=false&price_change_percentage=24h%2C7d%2C30d%2C1y",third_party,high,"Token price change; market sentiment, not product adoption."
2026-10-04,Centrifuge,CFG token,Tokenization,24H Token Performance,0.7781,%,24H,CoinGecko markets,"https://api.coingecko.com/api/v3/coins/markets?vs_currency=usd&ids=aave,aerodrome-finance,canton-network,centrifuge-2,curve-dao-token,ethena,ether-fi,euler,falcon-finance-ff,hyperliquid,jupiter-exchange-solana,kamino,layerzero,morpho,ondo-finance,pendle,sky,syrup,uniswap,virtual-protocol&order=market_cap_desc&per_page=250&page=1&sparkline=false&price_change_percentage=24h%2C7d%2C30d%2C1y",third_party,high,"Token price change; market sentiment, not product adoption."
2026-10-04,Ondo,ONDO token,Tokenization,24H Token Performance,0.4301,%,24H,CoinGecko markets,"https://api.coingecko.com/api/v3/coins/markets?vs_currency=usd&ids=aave,aerodrome-finance,canton-network,centrifuge-2,curve-dao-token,ethena,ether-fi,euler,falcon-finance-ff,hyperliquid,jupiter-exchange-solana,kamino,layerzero,morpho,ondo-finance,pendle,sky,syrup,uniswap,virtual-protocol&order=market_cap_desc&per_page=250&page=1&sparkline=false&price_change_percentage=24h%2C7d%2C30d%2C1y",third_party,high,"Token price change; market sentiment, not product adoption."
2026-10-04,Uniswap,UNI token,Spot,24H Token Performance,0.0688,%,24H,CoinGecko markets,"https://api.coingecko.com/api/v3/coins/markets?vs_currency=usd&ids=aave,aerodrome-finance,canton-network,centrifuge-2,curve-dao-token,ethena,ether-fi,euler,falcon-finance-ff,hyperliquid,jupiter-exchange-solana,kamino,layerzero,morpho,ondo-finance,pendle,sky,syrup,uniswap,virtual-protocol&order=market_cap_desc&per_page=250&page=1&sparkline=false&price_change_percentage=24h%2C7d%2C30d%2C1y",third_party,high,"Token price change; market sentiment, not product adoption."
2026-10-04,Aave,AAVE token,Lending,24H Token Performance,-0.0113,%,24H,CoinGecko markets,"https://api.coingecko.com/api/v3/coins/markets?vs_currency=usd&ids=aave,aerodrome-finance,canton-network,centrifuge-2,curve-dao-token,ethena,ether-fi,euler,falcon-finance-ff,hyperliquid,jupiter-exchange-solana,kamino,layerzero,morpho,ondo-finance,pendle,sky,syrup,uniswap,virtual-protocol&order=market_cap_desc&per_page=250&page=1&sparkline=false&price_change_percentage=24h%2C7d%2C30d%2C1y",third_party,high,"Token price change; market sentiment, not product adoption."
2026-10-04,Falcon,FF token,Asset Management,24H Token Performance,-1.0516,%,24H,CoinGecko markets,"https://api.coingecko.com/api/v3/coins/markets?vs_currency=usd&ids=aave,aerodrome-finance,canton-network,centrifuge-2,curve-dao-token,ethena,ether-fi,euler,falcon-finance-ff,hyperliquid,jupiter-exchange-solana,kamino,layerzero,morpho,ondo-finance,pendle,sky,syrup,uniswap,virtual-protocol&order=market_cap_desc&per_page=250&page=1&sparkline=false&price_change_percentage=24h%2C7d%2C30d%2C1y",third_party,high,"Token price change; market sentiment, not product adoption."
2026-10-04,Curve,CRV token,Spot,24H Token Performance,-2.7205,%,24H,CoinGecko markets,"https://api.coingecko.com/api/v3/coins/markets?vs_currency=usd&ids=aave,aerodrome-finance,canton-network,centrifuge-2,curve-dao-token,ethena,ether-fi,euler,falcon-finance-ff,hyperliquid,jupiter-exchange-solana,kamino,layerzero,morpho,ondo-finance,pendle,sky,syrup,uniswap,virtual-protocol&order=market_cap_desc&per_page=250&page=1&sparkline=false&price_change_percentage=24h%2C7d%2C30d%2C1y",third_party,high,"Token price change; market sentiment, not product adoption."
2026-10-04,LayerZero,ZRO token,Infra,24H Token Performance,-3.4901,%,24H,CoinGecko markets,"https://api.coingecko.com/api/v3/coins/markets?vs_currency=usd&ids=aave,aerodrome-finance,canton-network,centrifuge-2,curve-dao-token,ethena,ether-fi,euler,falcon-finance-ff,hyperliquid,jupiter-exchange-solana,kamino,layerzero,morpho,ondo-finance,pendle,sky,syrup,uniswap,virtual-protocol&order=market_cap_desc&per_page=250&page=1&sparkline=false&price_change_percentage=24h%2C7d%2C30d%2C1y",third_party,high,"Token price change; market sentiment, not product adoption."
2026-10-04,Hyperliquid,HYPE token,Derivatives,24H Token Volume,416007498.0,USD,24H,CoinGecko markets,"https://api.coingecko.com/api/v3/coins/markets?vs_currency=usd&ids=aave,aerodrome-finance,canton-network,centrifuge-2,curve-dao-token,ethena,ether-fi,euler,falcon-finance-ff,hyperliquid,jupiter-exchange-solana,kamino,layerzero,morpho,ondo-finance,pendle,sky,syrup,uniswap,virtual-protocol&order=market_cap_desc&per_page=250&page=1&sparkline=false&price_change_percentage=24h%2C7d%2C30d%2C1y",third_party,high,Token-level market metric from CoinGecko; do not treat as protocol/product usage.
2026-10-04,Uniswap,UNI token,Spot,24H Token Volume,296207177.0,USD,24H,CoinGecko markets,"https://api.coingecko.com/api/v3/coins/markets?vs_currency=usd&ids=aave,aerodrome-finance,canton-network,centrifuge-2,curve-dao-token,ethena,ether-fi,euler,falcon-finance-ff,hyperliquid,jupiter-exchange-solana,kamino,layerzero,morpho,ondo-finance,pendle,sky,syrup,uniswap,virtual-protocol&order=market_cap_desc&per_page=250&page=1&sparkline=false&price_change_percentage=24h%2C7d%2C30d%2C1y",third_party,high,Token-level market metric from CoinGecko; do not treat as protocol/product usage.
2026-10-04,Ethena,ENA token,Asset Management,24H Token Volume,249007982.0,USD,24H,CoinGecko markets,"https://api.coingecko.com/api/v3/coins/markets?vs_currency=usd&ids=aave,aerodrome-finance,canton-network,centrifuge-2,curve-dao-token,ethena,ether-fi,euler,falcon-finance-ff,hyperliquid,jupiter-exchange-solana,kamino,layerzero,morpho,ondo-finance,pendle,sky,syrup,uniswap,virtual-protocol&order=market_cap_desc&per_page=250&page=1&sparkline=false&price_change_percentage=24h%2C7d%2C30d%2C1y",third_party,high,Token-level market metric from CoinGecko; do not treat as protocol/product usage.
2026-10-04,Aave,AAVE token,Lending,24H Token Volume,244913236.0,USD,24H,CoinGecko markets,"https://api.coingecko.com/api/v3/coins/markets?vs_currency=usd&ids=aave,aerodrome-finance,canton-network,centrifuge-2,curve-dao-token,ethena,ether-fi,euler,falcon-finance-ff,hyperliquid,jupiter-exchange-solana,kamino,layerzero,morpho,ondo-finance,pendle,sky,syrup,uniswap,virtual-protocol&order=market_cap_desc&per_page=250&page=1&sparkline=false&price_change_percentage=24h%2C7d%2C30d%2C1y",third_party,high,Token-level market metric from CoinGecko; do not treat as protocol/product usage.
2026-10-04,LayerZero,ZRO token,Infra,24H Token Volume,152082527.0,USD,24H,CoinGecko markets,"https://api.coingecko.com/api/v3/coins/markets?vs_currency=usd&ids=aave,aerodrome-finance,canton-network,centrifuge-2,curve-dao-token,ethena,ether-fi,euler,falcon-finance-ff,hyperliquid,jupiter-exchange-solana,kamino,layerzero,morpho,ondo-finance,pendle,sky,syrup,uniswap,virtual-protocol&order=market_cap_desc&per_page=250&page=1&sparkline=false&price_change_percentage=24h%2C7d%2C30d%2C1y",third_party,high,Token-level market metric from CoinGecko; do not treat as protocol/product usage.
2026-10-04,Ondo,ONDO token,Tokenization,24H Token Volume,96420532.0,USD,24H,CoinGecko markets,"https://api.coingecko.com/api/v3/coins/markets?vs_currency=usd&ids=aave,aerodrome-finance,canton-network,centrifuge-2,curve-dao-token,ethena,ether-fi,euler,falcon-finance-ff,hyperliquid,jupiter-exchange-solana,kamino,layerzero,morpho,ondo-finance,pendle,sky,syrup,uniswap,virtual-protocol&order=market_cap_desc&per_page=250&page=1&sparkline=false&price_change_percentage=24h%2C7d%2C30d%2C1y",third_party,high,Token-level market metric from CoinGecko; do not treat as protocol/product usage.
2026-10-04,Aerodrome,AERO token,Spot,24H Token Volume,68571920.0,USD,24H,CoinGecko markets,"https://api.coingecko.com/api/v3/coins/markets?vs_currency=usd&ids=aave,aerodrome-finance,canton-network,centrifuge-2,curve-dao-token,ethena,ether-fi,euler,falcon-finance-ff,hyperliquid,jupiter-exchange-solana,kamino,layerzero,morpho,ondo-finance,pendle,sky,syrup,uniswap,virtual-protocol&order=market_cap_desc&per_page=250&page=1&sparkline=false&price_change_percentage=24h%2C7d%2C30d%2C1y",third_party,high,Token-level market metric from CoinGecko; do not treat as protocol/product usage.
2026-10-04,Jupiter,JUP token,Spot,24H Token Volume,63384743.0,USD,24H,CoinGecko markets,"https://api.coingecko.com/api/v3/coins/markets?vs_currency=usd&ids=aave,aerodrome-finance,canton-network,centrifuge-2,curve-dao-token,ethena,ether-fi,euler,falcon-finance-ff,hyperliquid,jupiter-exchange-solana,kamino,layerzero,morpho,ondo-finance,pendle,sky,syrup,uniswap,virtual-protocol&order=market_cap_desc&per_page=250&page=1&sparkline=false&price_change_percentage=24h%2C7d%2C30d%2C1y",third_party,high,Token-level market metric from CoinGecko; do not treat as protocol/product usage.
2026-10-04,Virtuals,VIRTUAL token,AI,24H Token Volume,54461672.0,USD,24H,CoinGecko markets,"https://api.coingecko.com/api/v3/coins/markets?vs_currency=usd&ids=aave,aerodrome-finance,canton-network,centrifuge-2,curve-dao-token,ethena,ether-fi,euler,falcon-finance-ff,hyperliquid,jupiter-exchange-solana,kamino,layerzero,morpho,ondo-finance,pendle,sky,syrup,uniswap,virtual-protocol&order=market_cap_desc&per_page=250&page=1&sparkline=false&price_change_percentage=24h%2C7d%2C30d%2C1y",third_party,high,Token-level market metric from CoinGecko; do not treat as protocol/product usage.
2026-10-04,Pendle,PENDLE token,Derivatives,24H Token Volume,50902070.0,USD,24H,CoinGecko markets,"https://api.coingecko.com/api/v3/coins/markets?vs_currency=usd&ids=aave,aerodrome-finance,canton-network,centrifuge-2,curve-dao-token,ethena,ether-fi,euler,falcon-finance-ff,hyperliquid,jupiter-exchange-solana,kamino,layerzero,morpho,ondo-finance,pendle,sky,syrup,uniswap,virtual-protocol&order=market_cap_desc&per_page=250&page=1&sparkline=false&price_change_percentage=24h%2C7d%2C30d%2C1y",third_party,high,Token-level market metric from CoinGecko; do not treat as protocol/product usage.
2026-10-04,Curve,CRV token,Spot,24H Token Volume,46405642.0,USD,24H,CoinGecko markets,"https://api.coingecko.com/api/v3/coins/markets?vs_currency=usd&ids=aave,aerodrome-finance,canton-network,centrifuge-2,curve-dao-token,ethena,ether-fi,euler,falcon-finance-ff,hyperliquid,jupiter-exchange-solana,kamino,layerzero,morpho,ondo-finance,pendle,sky,syrup,uniswap,virtual-protocol&order=market_cap_desc&per_page=250&page=1&sparkline=false&price_change_percentage=24h%2C7d%2C30d%2C1y",third_party,high,Token-level market metric from CoinGecko; do not treat as protocol/product usage.
2026-10-04,EtherFi,ETHFI token,Asset Management,24H Token Volume,34855563.0,USD,24H,CoinGecko markets,"https://api.coingecko.com/api/v3/coins/markets?vs_currency=usd&ids=aave,aerodrome-finance,canton-network,centrifuge-2,curve-dao-token,ethena,ether-fi,euler,falcon-finance-ff,hyperliquid,jupiter-exchange-solana,kamino,layerzero,morpho,ondo-finance,pendle,sky,syrup,uniswap,virtual-protocol&order=market_cap_desc&per_page=250&page=1&sparkline=false&price_change_percentage=24h%2C7d%2C30d%2C1y",third_party,high,Token-level market metric from CoinGecko; do not treat as protocol/product usage.
2026-10-04,Morpho,MORPHO token,Lending,24H Token Volume,24208387.0,USD,24H,CoinGecko markets,"https://api.coingecko.com/api/v3/coins/markets?vs_currency=usd&ids=aave,aerodrome-finance,canton-network,centrifuge-2,curve-dao-token,ethena,ether-fi,euler,falcon-finance-ff,hyperliquid,jupiter-exchange-solana,kamino,layerzero,morpho,ondo-finance,pendle,sky,syrup,uniswap,virtual-protocol&order=market_cap_desc&per_page=250&page=1&sparkline=false&price_change_percentage=24h%2C7d%2C30d%2C1y",third_party,high,Token-level market metric from CoinGecko; do not treat as protocol/product usage.
2026-10-04,Sky,SKY token,Lending,24H Token Volume,20407022.0,USD,24H,CoinGecko markets,"https://api.coingecko.com/api/v3/coins/markets?vs_currency=usd&ids=aave,aerodrome-finance,canton-network,centrifuge-2,curve-dao-token,ethena,ether-fi,euler,falcon-finance-ff,hyperliquid,jupiter-exchange-solana,kamino,layerzero,morpho,ondo-finance,pendle,sky,syrup,uniswap,virtual-protocol&order=market_cap_desc&per_page=250&page=1&sparkline=false&price_change_percentage=24h%2C7d%2C30d%2C1y",third_party,high,Token-level market metric from CoinGecko; do not treat as protocol/product usage.
2026-10-04,Canton,CC token,Infra,24H Token Volume,9351889.0,USD,24H,CoinGecko markets,"https://api.coingecko.com/api/v3/coins/markets?vs_currency=usd&ids=aave,aerodrome-finance,canton-network,centrifuge-2,curve-dao-token,ethena,ether-fi,euler,falcon-finance-ff,hyperliquid,jupiter-exchange-solana,kamino,layerzero,morpho,ondo-finance,pendle,sky,syrup,uniswap,virtual-protocol&order=market_cap_desc&per_page=250&page=1&sparkline=false&price_change_percentage=24h%2C7d%2C30d%2C1y",third_party,high,Token-level market metric from CoinGecko; do not treat as protocol/product usage.
2026-10-04,Maple,SYRUP token,Tokenization,24H Token Volume,8993142.0,USD,24H,CoinGecko markets,"https://api.coingecko.com/api/v3/coins/markets?vs_currency=usd&ids=aave,aerodrome-finance,canton-network,centrifuge-2,curve-dao-token,ethena,ether-fi,euler,falcon-finance-ff,hyperliquid,jupiter-exchange-solana,kamino,layerzero,morpho,ondo-finance,pendle,sky,syrup,uniswap,virtual-protocol&order=market_cap_desc&per_page=250&page=1&sparkline=false&price_change_percentage=24h%2C7d%2C30d%2C1y",third_party,high,Token-level market metric from CoinGecko; do not treat as protocol/product usage.
2026-10-04,Centrifuge,CFG token,Tokenization,24H Token Volume,8056682.0,USD,24H,CoinGecko markets,"https://api.coingecko.com/api/v3/coins/markets?vs_currency=usd&ids=aave,aerodrome-finance,canton-network,centrifuge-2,curve-dao-token,ethena,ether-fi,euler,falcon-finance-ff,hyperliquid,jupiter-exchange-solana,kamino,layerzero,morpho,ondo-finance,pendle,sky,syrup,uniswap,virtual-protocol&order=market_cap_desc&per_page=250&page=1&sparkline=false&price_change_percentage=24h%2C7d%2C30d%2C1y",third_party,high,Token-level market metric from CoinGecko; do not treat as protocol/product usage.
2026-10-04,Falcon,FF token,Asset Management,24H Token Volume,3706444.0,USD,24H,CoinGecko markets,"https://api.coingecko.com/api/v3/coins/markets?vs_currency=usd&ids=aave,aerodrome-finance,canton-network,centrifuge-2,curve-dao-token,ethena,ether-fi,euler,falcon-finance-ff,hyperliquid,jupiter-exchange-solana,kamino,layerzero,morpho,ondo-finance,pendle,sky,syrup,uniswap,virtual-protocol&order=market_cap_desc&per_page=250&page=1&sparkline=false&price_change_percentage=24h%2C7d%2C30d%2C1y",third_party,high,Token-level market metric from CoinGecko; do not treat as protocol/product usage.
2026-10-04,Kamino,KMNO token,Lending,24H Token Volume,3363010.0,USD,24H,CoinGecko markets,"https://api.coingecko.com/api/v3/coins/markets?vs_currency=usd&ids=aave,aerodrome-finance,canton-network,centrifuge-2,curve-dao-token,ethena,ether-fi,euler,falcon-finance-ff,hyperliquid,jupiter-exchange-solana,kamino,layerzero,morpho,ondo-finance,pendle,sky,syrup,uniswap,virtual-protocol&order=market_cap_desc&per_page=250&page=1&sparkline=false&price_change_percentage=24h%2C7d%2C30d%2C1y",third_party,high,Token-level market metric from CoinGecko; do not treat as protocol/product usage.
2026-10-04,Euler,EUL token,Lending,24H Token Volume,1882339.0,USD,24H,CoinGecko markets,"https://api.coingecko.com/api/v3/coins/markets?vs_currency=usd&ids=aave,aerodrome-finance,canton-network,centrifuge-2,curve-dao-token,ethena,ether-fi,euler,falcon-finance-ff,hyperliquid,jupiter-exchange-solana,kamino,layerzero,morpho,ondo-finance,pendle,sky,syrup,uniswap,virtual-protocol&order=market_cap_desc&per_page=250&page=1&sparkline=false&price_change_percentage=24h%2C7d%2C30d%2C1y",third_party,high,Token-level market metric from CoinGecko; do not treat as protocol/product usage.
2026-10-04,Uniswap,Uniswap V3,Spot,30D DEX Volume,45613036443.0,USD,30D,DefiLlama DEX overview,https://api.llama.fi/overview/dexs,third_party,high,DEX volume is source-comparable only for DEX records.
2026-10-04,Uniswap,Uniswap V4,Spot,30D DEX Volume,43660816351.0,USD,30D,DefiLlama DEX overview,https://api.llama.fi/overview/dexs,third_party,high,DEX volume is source-comparable only for DEX records.
2026-10-04,Aerodrome,Aerodrome Slipstream,Spot,30D DEX Volume,13745684428.0,USD,30D,DefiLlama DEX overview,https://api.llama.fi/overview/dexs,third_party,high,DEX volume is source-comparable only for DEX records.
2026-10-04,Curve,Curve Finance,Spot,30D DEX Volume,3122979281.0,USD,30D,DefiLlama DEX overview,https://api.llama.fi/overview/dexs,third_party,high,DEX volume is source-comparable only for DEX records.
2026-10-04,Uniswap,Uniswap V2,Spot,30D DEX Volume,1673044592.0,USD,30D,DefiLlama DEX overview,https://api.llama.fi/overview/dexs,third_party,high,DEX volume is source-comparable only for DEX records.
2026-10-04,Aerodrome,Aerodrome V1,Spot,30D DEX Volume,433297038.0,USD,30D,DefiLlama DEX overview,https://api.llama.fi/overview/dexs,third_party,high,DEX volume is source-comparable only for DEX records.
2026-10-04,Uniswap,Uniswap V3,Spot,30D DEX Volume Share,13.7884,%,30D,DefiLlama DEX overview,https://api.llama.fi/overview/dexs,third_party,high,"Share of all DefiLlama-tracked DEX volume over 30D; record-level, not project-blended."
2026-10-04,Uniswap,Uniswap V4,Spot,30D DEX Volume Share,13.1983,%,30D,DefiLlama DEX overview,https://api.llama.fi/overview/dexs,third_party,high,"Share of all DefiLlama-tracked DEX volume over 30D; record-level, not project-blended."
2026-10-04,Aerodrome,Aerodrome Slipstream,Spot,30D DEX Volume Share,4.1552,%,30D,DefiLlama DEX overview,https://api.llama.fi/overview/dexs,third_party,high,"Share of all DefiLlama-tracked DEX volume over 30D; record-level, not project-blended."
2026-10-04,Curve,Curve Finance,Spot,30D DEX Volume Share,0.944,%,30D,DefiLlama DEX overview,https://api.llama.fi/overview/dexs,third_party,high,"Share of all DefiLlama-tracked DEX volume over 30D; record-level, not project-blended."
2026-10-04,Uniswap,Uniswap V2,Spot,30D DEX Volume Share,0.5057,%,30D,DefiLlama DEX overview,https://api.llama.fi/overview/dexs,third_party,high,"Share of all DefiLlama-tracked DEX volume over 30D; record-level, not project-blended."
2026-10-04,Aerodrome,Aerodrome V1,Spot,30D DEX Volume Share,0.131,%,30D,DefiLlama DEX overview,https://api.llama.fi/overview/dexs,third_party,high,"Share of all DefiLlama-tracked DEX volume over 30D; record-level, not project-blended."
2026-10-04,Hyperliquid,Hyperliquid Perps,Derivatives,30D Derivatives Volume,104663856545.37,USD,30D,Hyperliquid info API,https://api.hyperliquid.xyz/info,third_party,high,Rolling 16-day perp volume from native API daily snapshots (target: 30 days). Source: Hyperliquid info API.
2026-10-04,Aave,Aave V4,Lending,30D Fee Growth,69.28,%,30D,DefiLlama fees overview,https://api.llama.fi/overview/fees,third_party,medium,Fee growth precomputed by DefiLlama (current window vs prior window).
2026-10-04,Aave,Aave V3,Lending,30D Fee Growth,3.96,%,30D,DefiLlama fees overview,https://api.llama.fi/overview/fees,third_party,high,Fee growth precomputed by DefiLlama (current window vs prior window).
2026-10-04,Aerodrome,Aerodrome V1,Spot,30D Fee Growth,3.51,%,30D,DefiLlama fees overview,https://api.llama.fi/overview/fees,third_party,high,Fee growth precomputed by DefiLlama (current window vs prior window).
2026-10-04,Falcon,Falcon Finance,Asset Management,30D Fee Growth,-7.03,%,30D,DefiLlama fees overview,https://api.llama.fi/overview/fees,third_party,medium,Fee growth precomputed by DefiLlama (current window vs prior window).
2026-10-04,Aerodrome,Aerodrome Slipstream,Spot,30D Fee Growth,-26.95,%,30D,DefiLlama fees overview,https://api.llama.fi/overview/fees,third_party,high,Fee growth precomputed by DefiLlama (current window vs prior window).
2026-10-04,Pendle,Pendle,Derivatives,30D Fee Growth,-41.18,%,30D,DefiLlama fees overview,https://api.llama.fi/overview/fees,third_party,high,Fee growth precomputed by DefiLlama (current window vs prior window).
2026-10-04,Pendle,Pendle Boros,Derivatives,30D Fee Growth,-41.83,%,30D,DefiLlama fees overview,https://api.llama.fi/overview/fees,third_party,medium,Fee growth precomputed by DefiLlama (current window vs prior window).
2026-10-04,Uniswap,Uniswap V4,Spot,30D Fee Growth,-49.96,%,30D,DefiLlama fees overview,https://api.llama.fi/overview/fees,third_party,high,Fee growth precomputed by DefiLlama (current window vs prior window).
2026-10-04,Uniswap,Uniswap V2,Spot,30D Fee Growth,-53.12,%,30D,DefiLlama fees overview,https://api.llama.fi/overview/fees,third_party,high,Fee growth precomputed by DefiLlama (current window vs prior window).
2026-10-04,LayerZero,LayerZero V2,Infra,30D Fee Growth,-53.33,%,30D,DefiLlama fees overview,https://api.llama.fi/overview/fees,third_party,medium,Fee growth precomputed by DefiLlama (current window vs prior window).
2026-10-04,Hyperliquid,Hyperliquid HLP,Derivatives,30D Fee Growth,-74.78,%,30D,DefiLlama fees overview,https://api.llama.fi/overview/fees,third_party,medium,Fee growth precomputed by DefiLlama (current window vs prior window).
2026-10-04,Virtuals,Virtuals Protocol,AI,30D Fee Growth,-80.63,%,30D,DefiLlama fees overview,https://api.llama.fi/overview/fees,third_party,medium,Fee growth precomputed by DefiLlama (current window vs prior window).
2026-10-04,Uniswap,Uniswap V3,Spot,30D Fee Growth,-84.92,%,30D,DefiLlama fees overview,https://api.llama.fi/overview/fees,third_party,high,Fee growth precomputed by DefiLlama (current window vs prior window).
2026-10-04,Centrifuge,Centrifuge,Tokenization,30D Fee Growth,-95.43,%,30D,DefiLlama fees overview,https://api.llama.fi/overview/fees,third_party,high,Fee growth precomputed by DefiLlama (current window vs prior window).
2026-10-04,Uniswap,Uniswap V4,Spot,30D Fee Share,4.4854,%,30D,DefiLlama fees overview,https://api.llama.fi/overview/fees,third_party,high,"Share of all DefiLlama-tracked fees over 30D; record-level, summed per project in the dashboard."
2026-10-04,Uniswap,Uniswap V3,Spot,30D Fee Share,2.1424,%,30D,DefiLlama fees overview,https://api.llama.fi/overview/fees,third_party,high,"Share of all DefiLlama-tracked fees over 30D; record-level, summed per project in the dashboard."
2026-10-04,Aave,Aave V3,Lending,30D Fee Share,1.3457,%,30D,DefiLlama fees overview,https://api.llama.fi/overview/fees,third_party,high,"Share of all DefiLlama-tracked fees over 30D; record-level, summed per project in the dashboard."
2026-10-04,Aerodrome,Aerodrome Slipstream,Spot,30D Fee Share,0.6327,%,30D,DefiLlama fees overview,https://api.llama.fi/overview/fees,third_party,high,"Share of all DefiLlama-tracked fees over 30D; record-level, summed per project in the dashboard."
2026-10-04,Uniswap,Uniswap V2,Spot,30D Fee Share,0.165,%,30D,DefiLlama fees overview,https://api.llama.fi/overview/fees,third_party,high,"Share of all DefiLlama-tracked fees over 30D; record-level, summed per project in the dashboard."
2026-10-04,Centrifuge,Centrifuge,Tokenization,30D Fee Share,0.1277,%,30D,DefiLlama fees overview,https://api.llama.fi/overview/fees,third_party,high,"Share of all DefiLlama-tracked fees over 30D; record-level, summed per project in the dashboard."
2026-10-04,Aerodrome,Aerodrome V1,Spot,30D Fee Share,0.0734,%,30D,DefiLlama fees overview,https://api.llama.fi/overview/fees,third_party,high,"Share of all DefiLlama-tracked fees over 30D; record-level, summed per project in the dashboard."
2026-10-04,Aave,Aave V4,Lending,30D Fee Share,0.0279,%,30D,DefiLlama fees overview,https://api.llama.fi/overview/fees,third_party,medium,"Share of all DefiLlama-tracked fees over 30D; record-level, summed per project in the dashboard."
2026-10-04,Hyperliquid,Hyperliquid HLP,Derivatives,30D Fee Share,0.0203,%,30D,DefiLlama fees overview,https://api.llama.fi/overview/fees,third_party,medium,"Share of all DefiLlama-tracked fees over 30D; record-level, summed per project in the dashboard."
2026-10-04,Virtuals,Virtuals Protocol,AI,30D Fee Share,0.02,%,30D,DefiLlama fees overview,https://api.llama.fi/overview/fees,third_party,medium,"Share of all DefiLlama-tracked fees over 30D; record-level, summed per project in the dashboard."
2026-10-04,Pendle,Pendle,Derivatives,30D Fee Share,0.0193,%,30D,DefiLlama fees overview,https://api.llama.fi/overview/fees,third_party,high,"Share of all DefiLlama-tracked fees over 30D; record-level, summed per project in the dashboard."
2026-10-04,LayerZero,LayerZero V2,Infra,30D Fee Share,0.0108,%,30D,DefiLlama fees overview,https://api.llama.fi/overview/fees,third_party,medium,"Share of all DefiLlama-tracked fees over 30D; record-level, summed per project in the dashboard."
2026-10-04,Falcon,Falcon Finance,Asset Management,30D Fee Share,0.0092,%,30D,DefiLlama fees overview,https://api.llama.fi/overview/fees,third_party,medium,"Share of all DefiLlama-tracked fees over 30D; record-level, summed per project in the dashboard."
2026-10-04,Pendle,Pendle Boros,Derivatives,30D Fee Share,0.0013,%,30D,DefiLlama fees overview,https://api.llama.fi/overview/fees,third_party,medium,"Share of all DefiLlama-tracked fees over 30D; record-level, summed per project in the dashboard."
2026-10-04,Uniswap,Uniswap V4,Spot,30D Fees,120797786.0,USD,30D,DefiLlama fees,https://api.llama.fi/summary/fees/uniswap-v4?dataType=dailyFees,third_party,high,30D Fees from DefiLlama fees endpoint. Methodology should be reviewed before final citation.
2026-10-04,Hyperliquid,Hyperliquid Exchange,Derivatives,30D Fees,70153167.0,USD,30D,DefiLlama fees,https://api.llama.fi/summary/fees/hyperliquid?dataType=dailyFees,third_party,high,30D Fees from DefiLlama fees endpoint. Methodology should be reviewed before final citation.
2026-10-04,Uniswap,Uniswap V3,Spot,30D Fees,57696851.0,USD,30D,DefiLlama fees,https://api.llama.fi/summary/fees/uniswap-v3?dataType=dailyFees,third_party,high,30D Fees from DefiLlama fees endpoint. Methodology should be reviewed before final citation.
2026-10-04,Canton,Canton Network,Infra,30D Fees,48857312.0,USD,30D,DefiLlama fees,https://api.llama.fi/summary/fees/canton?dataType=dailyFees,third_party,medium,30D Fees from DefiLlama fees endpoint. Methodology should be reviewed before final citation.
2026-10-04,Aave,Aave V3,Lending,30D Fees,36241773.0,USD,30D,DefiLlama fees,https://api.llama.fi/summary/fees/aave-v3?dataType=dailyFees,third_party,high,30D Fees from DefiLlama fees endpoint. Methodology should be reviewed before final citation.
2026-10-04,Sky,Sky Lending,Lending,30D Fees,26875960.0,USD,30D,DefiLlama fees,https://api.llama.fi/summary/fees/sky-lending?dataType=dailyFees,third_party,high,30D Fees from DefiLlama fees endpoint. Methodology should be reviewed before final citation.
2026-10-04,Morpho,Morpho Blue,Lending,30D Fees,19956961.0,USD,30D,DefiLlama fees,https://api.llama.fi/summary/fees/morpho-blue?dataType=dailyFees,third_party,high,30D Fees from DefiLlama fees endpoint. Methodology should be reviewed before final citation.
2026-10-04,Ethena,Ethena USDe,Asset Management,30D Fees,19532666.42,USD,30D,DefiLlama fees,https://api.llama.fi/summary/fees/ethena-usde?dataType=dailyFees,third_party,high,30D Fees from DefiLlama fees endpoint. Methodology should be reviewed before final citation.
2026-10-04,Aerodrome,Aerodrome V1,Spot,30D Fees,19027392.0,USD,30D,DefiLlama fees,https://api.llama.fi/summary/fees/aerodrome?dataType=dailyFees,third_party,high,30D Fees from DefiLlama fees endpoint. Methodology should be reviewed before final citation.
2026-10-04,Aerodrome,Aerodrome Slipstream,Spot,30D Fees,17040255.0,USD,30D,DefiLlama fees,https://api.llama.fi/summary/fees/aerodrome-slipstream?dataType=dailyFees,third_party,high,30D Fees from DefiLlama fees endpoint. Methodology should be reviewed before final citation.
2026-10-04,Maple,Maple Finance,Lending,30D Fees,9737476.0,USD,30D,DefiLlama fees,https://api.llama.fi/summary/fees/maple?dataType=dailyFees,third_party,high,30D Fees from DefiLlama fees endpoint. Methodology should be reviewed before final citation.
2026-10-04,Jupiter,Jupiter Perpetual Exchange,Derivatives,30D Fees,8006157.0,USD,30D,DefiLlama fees,https://api.llama.fi/summary/fees/jupiter-perpetual-exchange?dataType=dailyFees,third_party,medium,30D Fees from DefiLlama fees endpoint. Methodology should be reviewed before final citation.
2026-10-04,Ondo,Ondo Yield Assets,Tokenization,30D Fees,6467500.0,USD,30D,DefiLlama fees,https://api.llama.fi/summary/fees/ondo-yield-assets?dataType=dailyFees,third_party,high,30D Fees from DefiLlama fees endpoint. Methodology should be reviewed before final citation.
2026-10-04,Kamino,Kamino,Lending,30D Fees,4974267.0,USD,30D,DefiLlama fees,https://api.llama.fi/summary/fees/kamino?dataType=dailyFees,third_party,high,30D Fees from DefiLlama fees endpoint. Methodology should be reviewed before final citation.
2026-10-04,Uniswap,Uniswap V2,Spot,30D Fees,4443188.0,USD,30D,DefiLlama fees,https://api.llama.fi/summary/fees/uniswap-v2?dataType=dailyFees,third_party,high,30D Fees from DefiLlama fees endpoint. Methodology should be reviewed before final citation.
2026-10-04,Curve,Curve Finance,Spot,30D Fees,3699868.34,USD,30D,DefiLlama fees,https://api.llama.fi/summary/fees/curve-finance?dataType=dailyFees,third_party,high,30D Fees from DefiLlama fees endpoint. Methodology should be reviewed before final citation.
2026-10-04,Centrifuge,Centrifuge,Tokenization,30D Fees,3439173.0,USD,30D,DefiLlama fees,https://api.llama.fi/summary/fees/centrifuge?dataType=dailyFees,third_party,high,30D Fees from DefiLlama fees endpoint. Methodology should be reviewed before final citation.
2026-10-04,EtherFi,EtherFi Cash,Asset Management,30D Fees,2649181.0,USD,30D,DefiLlama fees,https://api.llama.fi/summary/fees/etherfi-cash-liquid?dataType=dailyFees,third_party,medium,30D Fees from DefiLlama fees endpoint. Methodology should be reviewed before final citation.
2026-10-04,Hyperliquid,Hyperliquid Spot Orderbook,Derivatives,30D Fees,2496689.0,USD,30D,DefiLlama fees,https://api.llama.fi/summary/fees/hyperliquid-spot-orderbook?dataType=dailyFees,third_party,medium,30D Fees from DefiLlama fees endpoint. Methodology should be reviewed before final citation.
2026-10-04,Euler,Euler V2,Lending,30D Fees,1754854.0,USD,30D,DefiLlama fees,https://api.llama.fi/summary/fees/euler-v2?dataType=dailyFees,third_party,high,30D Fees from DefiLlama fees endpoint. Methodology should be reviewed before final citation.
2026-10-04,Aave,Aave V4,Lending,30D Fees,751527.0,USD,30D,DefiLlama fees,https://api.llama.fi/summary/fees/aave-v4?dataType=dailyFees,third_party,medium,30D Fees from DefiLlama fees endpoint. Methodology should be reviewed before final citation.
2026-10-04,Pendle,Pendle,Derivatives,30D Fees,553683.0,USD,30D,DefiLlama fees,https://api.llama.fi/summary/fees/pendle?dataType=dailyFees,third_party,high,30D Fees from DefiLlama fees endpoint. Methodology should be reviewed before final citation.
2026-10-04,Hyperliquid,Hyperliquid HLP,Derivatives,30D Fees,547059.0,USD,30D,DefiLlama fees,https://api.llama.fi/summary/fees/hyperliquid-hlp?dataType=dailyFees,third_party,medium,30D Fees from DefiLlama fees endpoint. Methodology should be reviewed before final citation.
2026-10-04,LayerZero,LayerZero V2,Infra,30D Fees,293895.0,USD,30D,DefiLlama fees,https://api.llama.fi/summary/fees/layerzero?dataType=dailyFees,third_party,medium,30D Fees from DefiLlama fees endpoint. Methodology should be reviewed before final citation.
2026-10-04,Falcon,Falcon Finance,Asset Management,30D Fees,247577.0,USD,30D,DefiLlama fees,https://api.llama.fi/summary/fees/falcon-finance?dataType=dailyFees,third_party,medium,30D Fees from DefiLlama fees endpoint. Methodology should be reviewed before final citation.
2026-10-04,Pendle,Pendle Boros,Derivatives,30D Fees,33726.0,USD,30D,DefiLlama fees,https://api.llama.fi/summary/fees/boros?dataType=dailyFees,third_party,medium,30D Fees from DefiLlama fees endpoint. Methodology should be reviewed before final citation.
2026-10-04,Hyperliquid,Hyperliquid Exchange,Derivatives,30D Holders Revenue,54336012.0,USD,30D,DefiLlama fees,https://api.llama.fi/summary/fees/hyperliquid?dataType=dailyHoldersRevenue,third_party,high,30D Holders Revenue from DefiLlama fees endpoint. Methodology should be reviewed before final citation.
2026-10-04,Canton,Canton Network,Infra,30D Holders Revenue,48857312.0,USD,30D,DefiLlama fees,https://api.llama.fi/summary/fees/canton?dataType=dailyHoldersRevenue,third_party,medium,30D Holders Revenue from DefiLlama fees endpoint. Methodology should be reviewed before final citation.
2026-10-04,Aerodrome,Aerodrome V1,Spot,30D Holders Revenue,15108821.0,USD,30D,DefiLlama fees,https://api.llama.fi/summary/fees/aerodrome?dataType=dailyHoldersRevenue,third_party,high,30D Holders Revenue from DefiLlama fees endpoint. Methodology should be reviewed before final citation.
2026-10-04,Uniswap,Uniswap V3,Spot,30D Holders Revenue,14523388.0,USD,30D,DefiLlama fees,https://api.llama.fi/summary/fees/uniswap-v3?dataType=dailyHoldersRevenue,third_party,high,30D Holders Revenue from DefiLlama fees endpoint. Methodology should be reviewed before final citation.
2026-10-04,Aerodrome,Aerodrome Slipstream,Spot,30D Holders Revenue,13799970.0,USD,30D,DefiLlama fees,https://api.llama.fi/summary/fees/aerodrome-slipstream?dataType=dailyHoldersRevenue,third_party,high,30D Holders Revenue from DefiLlama fees endpoint. Methodology should be reviewed before final citation.
2026-10-04,Sky,Sky Lending,Lending,30D Holders Revenue,5291788.0,USD,30D,DefiLlama fees,https://api.llama.fi/summary/fees/sky-lending?dataType=dailyHoldersRevenue,third_party,high,30D Holders Revenue from DefiLlama fees endpoint. Methodology should be reviewed before final citation.
2026-10-04,Hyperliquid,Hyperliquid Spot Orderbook,Derivatives,30D Holders Revenue,1984786.0,USD,30D,DefiLlama fees,https://api.llama.fi/summary/fees/hyperliquid-spot-orderbook?dataType=dailyHoldersRevenue,third_party,medium,30D Holders Revenue from DefiLlama fees endpoint. Methodology should be reviewed before final citation.
2026-10-04,Curve,Curve Finance,Spot,30D Holders Revenue,1495400.0,USD,30D,DefiLlama fees,https://api.llama.fi/summary/fees/curve-finance?dataType=dailyHoldersRevenue,third_party,high,30D Holders Revenue from DefiLlama fees endpoint. Methodology should be reviewed before final citation.
2026-10-04,Jupiter,Jupiter Perpetual Exchange,Derivatives,30D Holders Revenue,1000768.0,USD,30D,DefiLlama fees,https://api.llama.fi/summary/fees/jupiter-perpetual-exchange?dataType=dailyHoldersRevenue,third_party,medium,30D Holders Revenue from DefiLlama fees endpoint. Methodology should be reviewed before final citation.
2026-10-04,Pendle,Pendle,Derivatives,30D Holders Revenue,410295.0,USD,30D,DefiLlama fees,https://api.llama.fi/summary/fees/pendle?dataType=dailyHoldersRevenue,third_party,high,30D Holders Revenue from DefiLlama fees endpoint. Methodology should be reviewed before final citation.
2026-10-04,LayerZero,LayerZero V2,Infra,30D Holders Revenue,191090.0,USD,30D,DefiLlama fees,https://api.llama.fi/summary/fees/layerzero?dataType=dailyHoldersRevenue,third_party,medium,30D Holders Revenue from DefiLlama fees endpoint. Methodology should be reviewed before final citation.
2026-10-04,Maple,Maple Finance,Lending,30D Holders Revenue,146585.0,USD,30D,DefiLlama fees,https://api.llama.fi/summary/fees/maple?dataType=dailyHoldersRevenue,third_party,high,30D Holders Revenue from DefiLlama fees endpoint. Methodology should be reviewed before final citation.
2026-10-04,Euler,Euler V2,Lending,30D Holders Revenue,0.03,USD,30D,DefiLlama fees,https://api.llama.fi/summary/fees/euler-v2?dataType=dailyHoldersRevenue,third_party,high,30D Holders Revenue from DefiLlama fees endpoint. Methodology should be reviewed before final citation.
2026-10-04,Hyperliquid,Hyperliquid Exchange,Derivatives,30D Revenue,54336012.0,USD,30D,DefiLlama fees,https://api.llama.fi/summary/fees/hyperliquid?dataType=dailyRevenue,third_party,high,30D Revenue from DefiLlama fees endpoint. Methodology should be reviewed before final citation.
2026-10-04,Canton,Canton Network,Infra,30D Revenue,48857312.0,USD,30D,DefiLlama fees,https://api.llama.fi/summary/fees/canton?dataType=dailyRevenue,third_party,medium,30D Revenue from DefiLlama fees endpoint. Methodology should be reviewed before final citation.
2026-10-04,Aerodrome,Aerodrome V1,Spot,30D Revenue,15108821.0,USD,30D,DefiLlama fees,https://api.llama.fi/summary/fees/aerodrome?dataType=dailyRevenue,third_party,high,30D Revenue from DefiLlama fees endpoint. Methodology should be reviewed before final citation.
2026-10-04,Uniswap,Uniswap V3,Spot,30D Revenue,14523388.0,USD,30D,DefiLlama fees,https://api.llama.fi/summary/fees/uniswap-v3?dataType=dailyRevenue,third_party,high,30D Revenue from DefiLlama fees endpoint. Methodology should be reviewed before final citation.
2026-10-04,Aerodrome,Aerodrome Slipstream,Spot,30D Revenue,13799970.0,USD,30D,DefiLlama fees,https://api.llama.fi/summary/fees/aerodrome-slipstream?dataType=dailyRevenue,third_party,high,30D Revenue from DefiLlama fees endpoint. Methodology should be reviewed before final citation.
2026-10-04,Sky,Sky Lending,Lending,30D Revenue,13454654.0,USD,30D,DefiLlama fees,https://api.llama.fi/summary/fees/sky-lending?dataType=dailyRevenue,third_party,high,30D Revenue from DefiLlama fees endpoint. Methodology should be reviewed before final citation.
2026-10-04,Aave,Aave V3,Lending,30D Revenue,4640667.0,USD,30D,DefiLlama fees,https://api.llama.fi/summary/fees/aave-v3?dataType=dailyRevenue,third_party,high,30D Revenue from DefiLlama fees endpoint. Methodology should be reviewed before final citation.
2026-10-04,Jupiter,Jupiter Perpetual Exchange,Derivatives,30D Revenue,2001541.0,USD,30D,DefiLlama fees,https://api.llama.fi/summary/fees/jupiter-perpetual-exchange?dataType=dailyRevenue,third_party,medium,30D Revenue from DefiLlama fees endpoint. Methodology should be reviewed before final citation.
2026-10-04,Hyperliquid,Hyperliquid Spot Orderbook,Derivatives,30D Revenue,1984786.0,USD,30D,DefiLlama fees,https://api.llama.fi/summary/fees/hyperliquid-spot-orderbook?dataType=dailyRevenue,third_party,medium,30D Revenue from DefiLlama fees endpoint. Methodology should be reviewed before final citation.
2026-10-04,EtherFi,EtherFi Cash,Asset Management,30D Revenue,1762033.0,USD,30D,DefiLlama fees,https://api.llama.fi/summary/fees/etherfi-cash-liquid?dataType=dailyRevenue,third_party,medium,30D Revenue from DefiLlama fees endpoint. Methodology should be reviewed before final citation.
2026-10-04,Curve,Curve Finance,Spot,30D Revenue,1553905.0,USD,30D,DefiLlama fees,https://api.llama.fi/summary/fees/curve-finance?dataType=dailyRevenue,third_party,high,30D Revenue from DefiLlama fees endpoint. Methodology should be reviewed before final citation.
2026-10-04,Maple,Maple Finance,Lending,30D Revenue,1465847.0,USD,30D,DefiLlama fees,https://api.llama.fi/summary/fees/maple?dataType=dailyRevenue,third_party,high,30D Revenue from DefiLlama fees endpoint. Methodology should be reviewed before final citation.
2026-10-04,Kamino,Kamino,Lending,30D Revenue,644387.0,USD,30D,DefiLlama fees,https://api.llama.fi/summary/fees/kamino?dataType=dailyRevenue,third_party,high,30D Revenue from DefiLlama fees endpoint. Methodology should be reviewed before final citation.
2026-10-04,Pendle,Pendle,Derivatives,30D Revenue,546538.0,USD,30D,DefiLlama fees,https://api.llama.fi/summary/fees/pendle?dataType=dailyRevenue,third_party,high,30D Revenue from DefiLlama fees endpoint. Methodology should be reviewed before final citation.
2026-10-04,Centrifuge,Centrifuge,Tokenization,30D Revenue,401057.0,USD,30D,DefiLlama fees,https://api.llama.fi/summary/fees/centrifuge?dataType=dailyRevenue,third_party,high,30D Revenue from DefiLlama fees endpoint. Methodology should be reviewed before final citation.
2026-10-04,LayerZero,LayerZero V2,Infra,30D Revenue,191090.0,USD,30D,DefiLlama fees,https://api.llama.fi/summary/fees/layerzero?dataType=dailyRevenue,third_party,medium,30D Revenue from DefiLlama fees endpoint. Methodology should be reviewed before final citation.
2026-10-04,Aave,Aave V4,Lending,30D Revenue,111400.0,USD,30D,DefiLlama fees,https://api.llama.fi/summary/fees/aave-v4?dataType=dailyRevenue,third_party,medium,30D Revenue from DefiLlama fees endpoint. Methodology should be reviewed before final citation.
2026-10-04,Euler,Euler V2,Lending,30D Revenue,72883.0,USD,30D,DefiLlama fees,https://api.llama.fi/summary/fees/euler-v2?dataType=dailyRevenue,third_party,high,30D Revenue from DefiLlama fees endpoint. Methodology should be reviewed before final citation.
2026-10-04,Pendle,Pendle Boros,Derivatives,30D Revenue,33670.0,USD,30D,DefiLlama fees,https://api.llama.fi/summary/fees/boros?dataType=dailyRevenue,third_party,medium,30D Revenue from DefiLlama fees endpoint. Methodology should be reviewed before final citation.
2026-10-04,Ethena,Ethena USDe,Asset Management,30D Revenue,17758.64,USD,30D,DefiLlama fees,https://api.llama.fi/summary/fees/ethena-usde?dataType=dailyRevenue,third_party,high,30D Revenue from DefiLlama fees endpoint. Methodology should be reviewed before final citation.
2026-10-04,LayerZero,ZRO token,Infra,30D Token Performance,87.5311,%,30D,CoinGecko markets,"https://api.coingecko.com/api/v3/coins/markets?vs_currency=usd&ids=aave,aerodrome-finance,canton-network,centrifuge-2,curve-dao-token,ethena,ether-fi,euler,falcon-finance-ff,hyperliquid,jupiter-exchange-solana,kamino,layerzero,morpho,ondo-finance,pendle,sky,syrup,uniswap,virtual-protocol&order=market_cap_desc&per_page=250&page=1&sparkline=false&price_change_percentage=24h%2C7d%2C30d%2C1y",third_party,high,"Token price change; market sentiment, not product adoption."
2026-10-04,Aerodrome,AERO token,Spot,30D Token Performance,73.8996,%,30D,CoinGecko markets,"https://api.coingecko.com/api/v3/coins/markets?vs_currency=usd&ids=aave,aerodrome-finance,canton-network,centrifuge-2,curve-dao-token,ethena,ether-fi,euler,falcon-finance-ff,hyperliquid,jupiter-exchange-solana,kamino,layerzero,morpho,ondo-finance,pendle,sky,syrup,uniswap,virtual-protocol&order=market_cap_desc&per_page=250&page=1&sparkline=false&price_change_percentage=24h%2C7d%2C30d%2C1y",third_party,high,"Token price change; market sentiment, not product adoption."
2026-10-04,Kamino,KMNO token,Lending,30D Token Performance,61.7455,%,30D,CoinGecko markets,"https://api.coingecko.com/api/v3/coins/markets?vs_currency=usd&ids=aave,aerodrome-finance,canton-network,centrifuge-2,curve-dao-token,ethena,ether-fi,euler,falcon-finance-ff,hyperliquid,jupiter-exchange-solana,kamino,layerzero,morpho,ondo-finance,pendle,sky,syrup,uniswap,virtual-protocol&order=market_cap_desc&per_page=250&page=1&sparkline=false&price_change_percentage=24h%2C7d%2C30d%2C1y",third_party,high,"Token price change; market sentiment, not product adoption."
2026-10-04,Jupiter,JUP token,Spot,30D Token Performance,52.2679,%,30D,CoinGecko markets,"https://api.coingecko.com/api/v3/coins/markets?vs_currency=usd&ids=aave,aerodrome-finance,canton-network,centrifuge-2,curve-dao-token,ethena,ether-fi,euler,falcon-finance-ff,hyperliquid,jupiter-exchange-solana,kamino,layerzero,morpho,ondo-finance,pendle,sky,syrup,uniswap,virtual-protocol&order=market_cap_desc&per_page=250&page=1&sparkline=false&price_change_percentage=24h%2C7d%2C30d%2C1y",third_party,high,"Token price change; market sentiment, not product adoption."
2026-10-04,Centrifuge,CFG token,Tokenization,30D Token Performance,51.3194,%,30D,CoinGecko markets,"https://api.coingecko.com/api/v3/coins/markets?vs_currency=usd&ids=aave,aerodrome-finance,canton-network,centrifuge-2,curve-dao-token,ethena,ether-fi,euler,falcon-finance-ff,hyperliquid,jupiter-exchange-solana,kamino,layerzero,morpho,ondo-finance,pendle,sky,syrup,uniswap,virtual-protocol&order=market_cap_desc&per_page=250&page=1&sparkline=false&price_change_percentage=24h%2C7d%2C30d%2C1y",third_party,high,"Token price change; market sentiment, not product adoption."
2026-10-04,Uniswap,UNI token,Spot,30D Token Performance,43.7735,%,30D,CoinGecko markets,"https://api.coingecko.com/api/v3/coins/markets?vs_currency=usd&ids=aave,aerodrome-finance,canton-network,centrifuge-2,curve-dao-token,ethena,ether-fi,euler,falcon-finance-ff,hyperliquid,jupiter-exchange-solana,kamino,layerzero,morpho,ondo-finance,pendle,sky,syrup,uniswap,virtual-protocol&order=market_cap_desc&per_page=250&page=1&sparkline=false&price_change_percentage=24h%2C7d%2C30d%2C1y",third_party,high,"Token price change; market sentiment, not product adoption."
2026-10-04,Ethena,ENA token,Asset Management,30D Token Performance,43.48,%,30D,CoinGecko markets,"https://api.coingecko.com/api/v3/coins/markets?vs_currency=usd&ids=aave,aerodrome-finance,canton-network,centrifuge-2,curve-dao-token,ethena,ether-fi,euler,falcon-finance-ff,hyperliquid,jupiter-exchange-solana,kamino,layerzero,morpho,ondo-finance,pendle,sky,syrup,uniswap,virtual-protocol&order=market_cap_desc&per_page=250&page=1&sparkline=false&price_change_percentage=24h%2C7d%2C30d%2C1y",third_party,high,"Token price change; market sentiment, not product adoption."
2026-10-04,Ondo,ONDO token,Tokenization,30D Token Performance,38.4385,%,30D,CoinGecko markets,"https://api.coingecko.com/api/v3/coins/markets?vs_currency=usd&ids=aave,aerodrome-finance,canton-network,centrifuge-2,curve-dao-token,ethena,ether-fi,euler,falcon-finance-ff,hyperliquid,jupiter-exchange-solana,kamino,layerzero,morpho,ondo-finance,pendle,sky,syrup,uniswap,virtual-protocol&order=market_cap_desc&per_page=250&page=1&sparkline=false&price_change_percentage=24h%2C7d%2C30d%2C1y",third_party,high,"Token price change; market sentiment, not product adoption."
2026-10-04,Sky,SKY token,Lending,30D Token Performance,37.3302,%,30D,CoinGecko markets,"https://api.coingecko.com/api/v3/coins/markets?vs_currency=usd&ids=aave,aerodrome-finance,canton-network,centrifuge-2,curve-dao-token,ethena,ether-fi,euler,falcon-finance-ff,hyperliquid,jupiter-exchange-solana,kamino,layerzero,morpho,ondo-finance,pendle,sky,syrup,uniswap,virtual-protocol&order=market_cap_desc&per_page=250&page=1&sparkline=false&price_change_percentage=24h%2C7d%2C30d%2C1y",third_party,high,"Token price change; market sentiment, not product adoption."
2026-10-04,Aave,AAVE token,Lending,30D Token Performance,36.4615,%,30D,CoinGecko markets,"https://api.coingecko.com/api/v3/coins/markets?vs_currency=usd&ids=aave,aerodrome-finance,canton-network,centrifuge-2,curve-dao-token,ethena,ether-fi,euler,falcon-finance-ff,hyperliquid,jupiter-exchange-solana,kamino,layerzero,morpho,ondo-finance,pendle,sky,syrup,uniswap,virtual-protocol&order=market_cap_desc&per_page=250&page=1&sparkline=false&price_change_percentage=24h%2C7d%2C30d%2C1y",third_party,high,"Token price change; market sentiment, not product adoption."
2026-10-04,EtherFi,ETHFI token,Asset Management,30D Token Performance,33.0962,%,30D,CoinGecko markets,"https://api.coingecko.com/api/v3/coins/markets?vs_currency=usd&ids=aave,aerodrome-finance,canton-network,centrifuge-2,curve-dao-token,ethena,ether-fi,euler,falcon-finance-ff,hyperliquid,jupiter-exchange-solana,kamino,layerzero,morpho,ondo-finance,pendle,sky,syrup,uniswap,virtual-protocol&order=market_cap_desc&per_page=250&page=1&sparkline=false&price_change_percentage=24h%2C7d%2C30d%2C1y",third_party,high,"Token price change; market sentiment, not product adoption."
2026-10-04,Pendle,PENDLE token,Derivatives,30D Token Performance,27.605,%,30D,CoinGecko markets,"https://api.coingecko.com/api/v3/coins/markets?vs_currency=usd&ids=aave,aerodrome-finance,canton-network,centrifuge-2,curve-dao-token,ethena,ether-fi,euler,falcon-finance-ff,hyperliquid,jupiter-exchange-solana,kamino,layerzero,morpho,ondo-finance,pendle,sky,syrup,uniswap,virtual-protocol&order=market_cap_desc&per_page=250&page=1&sparkline=false&price_change_percentage=24h%2C7d%2C30d%2C1y",third_party,high,"Token price change; market sentiment, not product adoption."
2026-10-04,Virtuals,VIRTUAL token,AI,30D Token Performance,22.6116,%,30D,CoinGecko markets,"https://api.coingecko.com/api/v3/coins/markets?vs_currency=usd&ids=aave,aerodrome-finance,canton-network,centrifuge-2,curve-dao-token,ethena,ether-fi,euler,falcon-finance-ff,hyperliquid,jupiter-exchange-solana,kamino,layerzero,morpho,ondo-finance,pendle,sky,syrup,uniswap,virtual-protocol&order=market_cap_desc&per_page=250&page=1&sparkline=false&price_change_percentage=24h%2C7d%2C30d%2C1y",third_party,high,"Token price change; market sentiment, not product adoption."
2026-10-04,Canton,CC token,Infra,30D Token Performance,15.2367,%,30D,CoinGecko markets,"https://api.coingecko.com/api/v3/coins/markets?vs_currency=usd&ids=aave,aerodrome-finance,canton-network,centrifuge-2,curve-dao-token,ethena,ether-fi,euler,falcon-finance-ff,hyperliquid,jupiter-exchange-solana,kamino,layerzero,morpho,ondo-finance,pendle,sky,syrup,uniswap,virtual-protocol&order=market_cap_desc&per_page=250&page=1&sparkline=false&price_change_percentage=24h%2C7d%2C30d%2C1y",third_party,high,"Token price change; market sentiment, not product adoption."
2026-10-04,Maple,SYRUP token,Tokenization,30D Token Performance,14.1251,%,30D,CoinGecko markets,"https://api.coingecko.com/api/v3/coins/markets?vs_currency=usd&ids=aave,aerodrome-finance,canton-network,centrifuge-2,curve-dao-token,ethena,ether-fi,euler,falcon-finance-ff,hyperliquid,jupiter-exchange-solana,kamino,layerzero,morpho,ondo-finance,pendle,sky,syrup,uniswap,virtual-protocol&order=market_cap_desc&per_page=250&page=1&sparkline=false&price_change_percentage=24h%2C7d%2C30d%2C1y",third_party,high,"Token price change; market sentiment, not product adoption."
2026-10-04,Morpho,MORPHO token,Lending,30D Token Performance,10.1055,%,30D,CoinGecko markets,"https://api.coingecko.com/api/v3/coins/markets?vs_currency=usd&ids=aave,aerodrome-finance,canton-network,centrifuge-2,curve-dao-token,ethena,ether-fi,euler,falcon-finance-ff,hyperliquid,jupiter-exchange-solana,kamino,layerzero,morpho,ondo-finance,pendle,sky,syrup,uniswap,virtual-protocol&order=market_cap_desc&per_page=250&page=1&sparkline=false&price_change_percentage=24h%2C7d%2C30d%2C1y",third_party,high,"Token price change; market sentiment, not product adoption."
2026-10-04,Euler,EUL token,Lending,30D Token Performance,9.3235,%,30D,CoinGecko markets,"https://api.coingecko.com/api/v3/coins/markets?vs_currency=usd&ids=aave,aerodrome-finance,canton-network,centrifuge-2,curve-dao-token,ethena,ether-fi,euler,falcon-finance-ff,hyperliquid,jupiter-exchange-solana,kamino,layerzero,morpho,ondo-finance,pendle,sky,syrup,uniswap,virtual-protocol&order=market_cap_desc&per_page=250&page=1&sparkline=false&price_change_percentage=24h%2C7d%2C30d%2C1y",third_party,high,"Token price change; market sentiment, not product adoption."
2026-10-04,Hyperliquid,HYPE token,Derivatives,30D Token Performance,5.8031,%,30D,CoinGecko markets,"https://api.coingecko.com/api/v3/coins/markets?vs_currency=usd&ids=aave,aerodrome-finance,canton-network,centrifuge-2,curve-dao-token,ethena,ether-fi,euler,falcon-finance-ff,hyperliquid,jupiter-exchange-solana,kamino,layerzero,morpho,ondo-finance,pendle,sky,syrup,uniswap,virtual-protocol&order=market_cap_desc&per_page=250&page=1&sparkline=false&price_change_percentage=24h%2C7d%2C30d%2C1y",third_party,high,"Token price change; market sentiment, not product adoption."
2026-10-04,Falcon,FF token,Asset Management,30D Token Performance,4.4237,%,30D,CoinGecko markets,"https://api.coingecko.com/api/v3/coins/markets?vs_currency=usd&ids=aave,aerodrome-finance,canton-network,centrifuge-2,curve-dao-token,ethena,ether-fi,euler,falcon-finance-ff,hyperliquid,jupiter-exchange-solana,kamino,layerzero,morpho,ondo-finance,pendle,sky,syrup,uniswap,virtual-protocol&order=market_cap_desc&per_page=250&page=1&sparkline=false&price_change_percentage=24h%2C7d%2C30d%2C1y",third_party,high,"Token price change; market sentiment, not product adoption."
2026-10-04,Curve,CRV token,Spot,30D Token Performance,2.6887,%,30D,CoinGecko markets,"https://api.coingecko.com/api/v3/coins/markets?vs_currency=usd&ids=aave,aerodrome-finance,canton-network,centrifuge-2,curve-dao-token,ethena,ether-fi,euler,falcon-finance-ff,hyperliquid,jupiter-exchange-solana,kamino,layerzero,morpho,ondo-finance,pendle,sky,syrup,uniswap,virtual-protocol&order=market_cap_desc&per_page=250&page=1&sparkline=false&price_change_percentage=24h%2C7d%2C30d%2C1y",third_party,high,"Token price change; market sentiment, not product adoption."
2026-10-04,Uniswap,Uniswap V4,Spot,7D DEX Volume,10035445214.0,USD,7D,DefiLlama DEX overview,https://api.llama.fi/overview/dexs,third_party,high,DEX volume is source-comparable only for DEX records.
2026-10-04,Uniswap,Uniswap V3,Spot,7D DEX Volume,9237945347.0,USD,7D,DefiLlama DEX overview,https://api.llama.fi/overview/dexs,third_party,high,DEX volume is source-comparable only for DEX records.
2026-10-04,Aerodrome,Aerodrome Slipstream,Spot,7D DEX Volume,3984452929.0,USD,7D,DefiLlama DEX overview,https://api.llama.fi/overview/dexs,third_party,high,DEX volume is source-comparable only for DEX records.
2026-10-04,Curve,Curve Finance,Spot,7D DEX Volume,689775768.0,USD,7D,DefiLlama DEX overview,https://api.llama.fi/overview/dexs,third_party,high,DEX volume is source-comparable only for DEX records.
2026-10-04,Uniswap,Uniswap V2,Spot,7D DEX Volume,209219066.0,USD,7D,DefiLlama DEX overview,https://api.llama.fi/overview/dexs,third_party,high,DEX volume is source-comparable only for DEX records.
2026-10-04,Aerodrome,Aerodrome V1,Spot,7D DEX Volume,78771502.0,USD,7D,DefiLlama DEX overview,https://api.llama.fi/overview/dexs,third_party,high,DEX volume is source-comparable only for DEX records.
2026-10-04,Virtuals,Virtuals Protocol,AI,7D Fee Growth,33.95,%,7D,DefiLlama fees overview,https://api.llama.fi/overview/fees,third_party,medium,Fee growth precomputed by DefiLlama (current window vs prior window).
2026-10-04,Aave,Aave V4,Lending,7D Fee Growth,9.47,%,7D,DefiLlama fees overview,https://api.llama.fi/overview/fees,third_party,medium,Fee growth precomputed by DefiLlama (current window vs prior window).
2026-10-04,LayerZero,LayerZero V2,Infra,7D Fee Growth,7.96,%,7D,DefiLlama fees overview,https://api.llama.fi/overview/fees,third_party,medium,Fee growth precomputed by DefiLlama (current window vs prior window).
2026-10-04,Uniswap,Uniswap V4,Spot,7D Fee Growth,2.83,%,7D,DefiLlama fees overview,https://api.llama.fi/overview/fees,third_party,high,Fee growth precomputed by DefiLlama (current window vs prior window).
2026-10-04,Aerodrome,Aerodrome Slipstream,Spot,7D Fee Growth,0.64,%,7D,DefiLlama fees overview,https://api.llama.fi/overview/fees,third_party,high,Fee growth precomputed by DefiLlama (current window vs prior window).
2026-10-04,Aave,Aave V3,Lending,7D Fee Growth,-2.65,%,7D,DefiLlama fees overview,https://api.llama.fi/overview/fees,third_party,high,Fee growth precomputed by DefiLlama (current window vs prior window).
2026-10-04,Aerodrome,Aerodrome V1,Spot,7D Fee Growth,-10.67,%,7D,DefiLlama fees overview,https://api.llama.fi/overview/fees,third_party,high,Fee growth precomputed by DefiLlama (current window vs prior window).
2026-10-04,Falcon,Falcon Finance,Asset Management,7D Fee Growth,-13.62,%,7D,DefiLlama fees overview,https://api.llama.fi/overview/fees,third_party,medium,Fee growth precomputed by DefiLlama (current window vs prior window).
2026-10-04,Uniswap,Uniswap V2,Spot,7D Fee Growth,-17.2,%,7D,DefiLlama fees overview,https://api.llama.fi/overview/fees,third_party,high,Fee growth precomputed by DefiLlama (current window vs prior window).
2026-10-04,Uniswap,Uniswap V3,Spot,7D Fee Growth,-22.92,%,7D,DefiLlama fees overview,https://api.llama.fi/overview/fees,third_party,high,Fee growth precomputed by DefiLlama (current window vs prior window).
2026-10-04,Hyperliquid,Hyperliquid HLP,Derivatives,7D Fee Growth,-27.45,%,7D,DefiLlama fees overview,https://api.llama.fi/overview/fees,third_party,medium,Fee growth precomputed by DefiLlama (current window vs prior window).
2026-10-04,Pendle,Pendle Boros,Derivatives,7D Fee Growth,-54.75,%,7D,DefiLlama fees overview,https://api.llama.fi/overview/fees,third_party,medium,Fee growth precomputed by DefiLlama (current window vs prior window).
2026-10-04,Pendle,Pendle,Derivatives,7D Fee Growth,-55.47,%,7D,DefiLlama fees overview,https://api.llama.fi/overview/fees,third_party,high,Fee growth precomputed by DefiLlama (current window vs prior window).
2026-10-04,Centrifuge,Centrifuge,Tokenization,7D Fee Growth,-102.09,%,7D,DefiLlama fees overview,https://api.llama.fi/overview/fees,third_party,high,Fee growth precomputed by DefiLlama (current window vs prior window).
2026-10-04,Uniswap,Uniswap V4,Spot,7D Fee Share,3.5438,%,7D,DefiLlama fees overview,https://api.llama.fi/overview/fees,third_party,high,"Share of all DefiLlama-tracked fees over 7D; record-level, summed per project in the dashboard."
2026-10-04,Uniswap,Uniswap V3,Spot,7D Fee Share,1.5282,%,7D,DefiLlama fees overview,https://api.llama.fi/overview/fees,third_party,high,"Share of all DefiLlama-tracked fees over 7D; record-level, summed per project in the dashboard."
2026-10-04,Aave,Aave V3,Lending,7D Fee Share,1.4255,%,7D,DefiLlama fees overview,https://api.llama.fi/overview/fees,third_party,high,"Share of all DefiLlama-tracked fees over 7D; record-level, summed per project in the dashboard."
2026-10-04,Aerodrome,Aerodrome Slipstream,Spot,7D Fee Share,0.394,%,7D,DefiLlama fees overview,https://api.llama.fi/overview/fees,third_party,high,"Share of all DefiLlama-tracked fees over 7D; record-level, summed per project in the dashboard."
2026-10-04,Uniswap,Uniswap V2,Spot,7D Fee Share,0.1166,%,7D,DefiLlama fees overview,https://api.llama.fi/overview/fees,third_party,high,"Share of all DefiLlama-tracked fees over 7D; record-level, summed per project in the dashboard."
2026-10-04,Aerodrome,Aerodrome V1,Spot,7D Fee Share,0.0763,%,7D,DefiLlama fees overview,https://api.llama.fi/overview/fees,third_party,high,"Share of all DefiLlama-tracked fees over 7D; record-level, summed per project in the dashboard."
2026-10-04,Aave,Aave V4,Lending,7D Fee Share,0.0353,%,7D,DefiLlama fees overview,https://api.llama.fi/overview/fees,third_party,medium,"Share of all DefiLlama-tracked fees over 7D; record-level, summed per project in the dashboard."
2026-10-04,Virtuals,Virtuals Protocol,AI,7D Fee Share,0.0245,%,7D,DefiLlama fees overview,https://api.llama.fi/overview/fees,third_party,medium,"Share of all DefiLlama-tracked fees over 7D; record-level, summed per project in the dashboard."
2026-10-04,Hyperliquid,Hyperliquid HLP,Derivatives,7D Fee Share,0.0188,%,7D,DefiLlama fees overview,https://api.llama.fi/overview/fees,third_party,medium,"Share of all DefiLlama-tracked fees over 7D; record-level, summed per project in the dashboard."
2026-10-04,LayerZero,LayerZero V2,Infra,7D Fee Share,0.0121,%,7D,DefiLlama fees overview,https://api.llama.fi/overview/fees,third_party,medium,"Share of all DefiLlama-tracked fees over 7D; record-level, summed per project in the dashboard."
2026-10-04,Pendle,Pendle,Derivatives,7D Fee Share,0.0106,%,7D,DefiLlama fees overview,https://api.llama.fi/overview/fees,third_party,high,"Share of all DefiLlama-tracked fees over 7D; record-level, summed per project in the dashboard."
2026-10-04,Falcon,Falcon Finance,Asset Management,7D Fee Share,0.0073,%,7D,DefiLlama fees overview,https://api.llama.fi/overview/fees,third_party,medium,"Share of all DefiLlama-tracked fees over 7D; record-level, summed per project in the dashboard."
2026-10-04,Pendle,Pendle Boros,Derivatives,7D Fee Share,0.0007,%,7D,DefiLlama fees overview,https://api.llama.fi/overview/fees,third_party,medium,"Share of all DefiLlama-tracked fees over 7D; record-level, summed per project in the dashboard."
2026-10-04,Uniswap,Uniswap V4,Spot,7D Fees,21294852.0,USD,7D,DefiLlama fees,https://api.llama.fi/summary/fees/uniswap-v4?dataType=dailyFees,third_party,high,7D Fees from the same DefiLlama fees response as the 30D figure.
2026-10-04,Hyperliquid,Hyperliquid Exchange,Derivatives,7D Fees,14597761.0,USD,7D,DefiLlama fees,https://api.llama.fi/summary/fees/hyperliquid?dataType=dailyFees,third_party,high,7D Fees from the same DefiLlama fees response as the 30D figure.
2026-10-04,Canton,Canton Network,Infra,7D Fees,12159293.0,USD,7D,DefiLlama fees,https://api.llama.fi/summary/fees/canton?dataType=dailyFees,third_party,medium,7D Fees from the same DefiLlama fees response as the 30D figure.
2026-10-04,Uniswap,Uniswap V3,Spot,7D Fees,9182769.0,USD,7D,DefiLlama fees,https://api.llama.fi/summary/fees/uniswap-v3?dataType=dailyFees,third_party,high,7D Fees from the same DefiLlama fees response as the 30D figure.
2026-10-04,Aave,Aave V3,Lending,7D Fees,8566008.0,USD,7D,DefiLlama fees,https://api.llama.fi/summary/fees/aave-v3?dataType=dailyFees,third_party,high,7D Fees from the same DefiLlama fees response as the 30D figure.
2026-10-04,Sky,Sky Lending,Lending,7D Fees,6321193.0,USD,7D,DefiLlama fees,https://api.llama.fi/summary/fees/sky-lending?dataType=dailyFees,third_party,high,7D Fees from the same DefiLlama fees response as the 30D figure.
2026-10-04,Morpho,Morpho Blue,Lending,7D Fees,5092243.0,USD,7D,DefiLlama fees,https://api.llama.fi/summary/fees/morpho-blue?dataType=dailyFees,third_party,high,7D Fees from the same DefiLlama fees response as the 30D figure.
2026-10-04,Ethena,Ethena USDe,Asset Management,7D Fees,3447442.57,USD,7D,DefiLlama fees,https://api.llama.fi/summary/fees/ethena-usde?dataType=dailyFees,third_party,high,7D Fees from the same DefiLlama fees response as the 30D figure.
2026-10-04,Aerodrome,Aerodrome V1,Spot,7D Fees,2830655.0,USD,7D,DefiLlama fees,https://api.llama.fi/summary/fees/aerodrome?dataType=dailyFees,third_party,high,7D Fees from the same DefiLlama fees response as the 30D figure.
2026-10-04,Maple,Maple Finance,Lending,7D Fees,2560140.0,USD,7D,DefiLlama fees,https://api.llama.fi/summary/fees/maple?dataType=dailyFees,third_party,high,7D Fees from the same DefiLlama fees response as the 30D figure.
2026-10-04,Aerodrome,Aerodrome Slipstream,Spot,7D Fees,2367842.0,USD,7D,DefiLlama fees,https://api.llama.fi/summary/fees/aerodrome-slipstream?dataType=dailyFees,third_party,high,7D Fees from the same DefiLlama fees response as the 30D figure.
2026-10-04,Jupiter,Jupiter Perpetual Exchange,Derivatives,7D Fees,1750164.0,USD,7D,DefiLlama fees,https://api.llama.fi/summary/fees/jupiter-perpetual-exchange?dataType=dailyFees,third_party,medium,7D Fees from the same DefiLlama fees response as the 30D figure.
2026-10-04,Ondo,Ondo Yield Assets,Tokenization,7D Fees,1554791.0,USD,7D,DefiLlama fees,https://api.llama.fi/summary/fees/ondo-yield-assets?dataType=dailyFees,third_party,high,7D Fees from the same DefiLlama fees response as the 30D figure.
2026-10-04,Kamino,Kamino,Lending,7D Fees,1301885.0,USD,7D,DefiLlama fees,https://api.llama.fi/summary/fees/kamino?dataType=dailyFees,third_party,high,7D Fees from the same DefiLlama fees response as the 30D figure.
2026-10-04,Curve,Curve Finance,Spot,7D Fees,990009.34,USD,7D,DefiLlama fees,https://api.llama.fi/summary/fees/curve-finance?dataType=dailyFees,third_party,high,7D Fees from the same DefiLlama fees response as the 30D figure.
2026-10-04,Uniswap,Uniswap V2,Spot,7D Fees,700751.0,USD,7D,DefiLlama fees,https://api.llama.fi/summary/fees/uniswap-v2?dataType=dailyFees,third_party,high,7D Fees from the same DefiLlama fees response as the 30D figure.
2026-10-04,EtherFi,EtherFi Cash,Asset Management,7D Fees,503154.0,USD,7D,DefiLlama fees,https://api.llama.fi/summary/fees/etherfi-cash-liquid?dataType=dailyFees,third_party,medium,7D Fees from the same DefiLlama fees response as the 30D figure.
2026-10-04,Hyperliquid,Hyperliquid Spot Orderbook,Derivatives,7D Fees,432344.0,USD,7D,DefiLlama fees,https://api.llama.fi/summary/fees/hyperliquid-spot-orderbook?dataType=dailyFees,third_party,medium,7D Fees from the same DefiLlama fees response as the 30D figure.
2026-10-04,Euler,Euler V2,Lending,7D Fees,405325.0,USD,7D,DefiLlama fees,https://api.llama.fi/summary/fees/euler-v2?dataType=dailyFees,third_party,high,7D Fees from the same DefiLlama fees response as the 30D figure.
2026-10-04,Aave,Aave V4,Lending,7D Fees,212074.0,USD,7D,DefiLlama fees,https://api.llama.fi/summary/fees/aave-v4?dataType=dailyFees,third_party,medium,7D Fees from the same DefiLlama fees response as the 30D figure.
2026-10-04,Hyperliquid,Hyperliquid HLP,Derivatives,7D Fees,113021.0,USD,7D,DefiLlama fees,https://api.llama.fi/summary/fees/hyperliquid-hlp?dataType=dailyFees,third_party,medium,7D Fees from the same DefiLlama fees response as the 30D figure.
2026-10-04,LayerZero,LayerZero V2,Infra,7D Fees,74389.0,USD,7D,DefiLlama fees,https://api.llama.fi/summary/fees/layerzero?dataType=dailyFees,third_party,medium,7D Fees from the same DefiLlama fees response as the 30D figure.
2026-10-04,Pendle,Pendle,Derivatives,7D Fees,67667.0,USD,7D,DefiLlama fees,https://api.llama.fi/summary/fees/pendle?dataType=dailyFees,third_party,high,7D Fees from the same DefiLlama fees response as the 30D figure.
2026-10-04,Falcon,Falcon Finance,Asset Management,7D Fees,43747.0,USD,7D,DefiLlama fees,https://api.llama.fi/summary/fees/falcon-finance?dataType=dailyFees,third_party,medium,7D Fees from the same DefiLlama fees response as the 30D figure.
2026-10-04,Pendle,Pendle Boros,Derivatives,7D Fees,4258.0,USD,7D,DefiLlama fees,https://api.llama.fi/summary/fees/boros?dataType=dailyFees,third_party,medium,7D Fees from the same DefiLlama fees response as the 30D figure.
2026-10-04,Canton,Canton Network,Infra,7D Revenue,12159293.0,USD,7D,DefiLlama fees,https://api.llama.fi/summary/fees/canton?dataType=dailyRevenue,third_party,medium,7D Revenue from the same DefiLlama fees response as the 30D figure.
2026-10-04,Hyperliquid,Hyperliquid Exchange,Derivatives,7D Revenue,11189139.0,USD,7D,DefiLlama fees,https://api.llama.fi/summary/fees/hyperliquid?dataType=dailyRevenue,third_party,high,7D Revenue from the same DefiLlama fees response as the 30D figure.
2026-10-04,Sky,Sky Lending,Lending,7D Revenue,3126941.0,USD,7D,DefiLlama fees,https://api.llama.fi/summary/fees/sky-lending?dataType=dailyRevenue,third_party,high,7D Revenue from the same DefiLlama fees response as the 30D figure.
2026-10-04,Uniswap,Uniswap V3,Spot,7D Revenue,2220631.0,USD,7D,DefiLlama fees,https://api.llama.fi/summary/fees/uniswap-v3?dataType=dailyRevenue,third_party,high,7D Revenue from the same DefiLlama fees response as the 30D figure.
2026-10-04,Aerodrome,Aerodrome V1,Spot,7D Revenue,1903099.0,USD,7D,DefiLlama fees,https://api.llama.fi/summary/fees/aerodrome?dataType=dailyRevenue,third_party,high,7D Revenue from the same DefiLlama fees response as the 30D figure.
2026-10-04,Aerodrome,Aerodrome Slipstream,Spot,7D Revenue,1556830.0,USD,7D,DefiLlama fees,https://api.llama.fi/summary/fees/aerodrome-slipstream?dataType=dailyRevenue,third_party,high,7D Revenue from the same DefiLlama fees response as the 30D figure.
2026-10-04,Aave,Aave V3,Lending,7D Revenue,1072713.0,USD,7D,DefiLlama fees,https://api.llama.fi/summary/fees/aave-v3?dataType=dailyRevenue,third_party,high,7D Revenue from the same DefiLlama fees response as the 30D figure.
2026-10-04,Curve,Curve Finance,Spot,7D Revenue,610474.0,USD,7D,DefiLlama fees,https://api.llama.fi/summary/fees/curve-finance?dataType=dailyRevenue,third_party,high,7D Revenue from the same DefiLlama fees response as the 30D figure.
2026-10-04,EtherFi,EtherFi Cash,Asset Management,7D Revenue,451150.0,USD,7D,DefiLlama fees,https://api.llama.fi/summary/fees/etherfi-cash-liquid?dataType=dailyRevenue,third_party,medium,7D Revenue from the same DefiLlama fees response as the 30D figure.
2026-10-04,Jupiter,Jupiter Perpetual Exchange,Derivatives,7D Revenue,437541.0,USD,7D,DefiLlama fees,https://api.llama.fi/summary/fees/jupiter-perpetual-exchange?dataType=dailyRevenue,third_party,medium,7D Revenue from the same DefiLlama fees response as the 30D figure.
2026-10-04,Maple,Maple Finance,Lending,7D Revenue,395342.0,USD,7D,DefiLlama fees,https://api.llama.fi/summary/fees/maple?dataType=dailyRevenue,third_party,high,7D Revenue from the same DefiLlama fees response as the 30D figure.
2026-10-04,Hyperliquid,Hyperliquid Spot Orderbook,Derivatives,7D Revenue,333242.0,USD,7D,DefiLlama fees,https://api.llama.fi/summary/fees/hyperliquid-spot-orderbook?dataType=dailyRevenue,third_party,medium,7D Revenue from the same DefiLlama fees response as the 30D figure.
2026-10-04,Kamino,Kamino,Lending,7D Revenue,165741.0,USD,7D,DefiLlama fees,https://api.llama.fi/summary/fees/kamino?dataType=dailyRevenue,third_party,high,7D Revenue from the same DefiLlama fees response as the 30D figure.
2026-10-04,Centrifuge,Centrifuge,Tokenization,7D Revenue,74984.0,USD,7D,DefiLlama fees,https://api.llama.fi/summary/fees/centrifuge?dataType=dailyRevenue,third_party,high,7D Revenue from the same DefiLlama fees response as the 30D figure.
2026-10-04,Pendle,Pendle,Derivatives,7D Revenue,66025.0,USD,7D,DefiLlama fees,https://api.llama.fi/summary/fees/pendle?dataType=dailyRevenue,third_party,high,7D Revenue from the same DefiLlama fees response as the 30D figure.
2026-10-04,Aave,Aave V4,Lending,7D Revenue,30163.0,USD,7D,DefiLlama fees,https://api.llama.fi/summary/fees/aave-v4?dataType=dailyRevenue,third_party,medium,7D Revenue from the same DefiLlama fees response as the 30D figure.
2026-10-04,Euler,Euler V2,Lending,7D Revenue,17609.0,USD,7D,DefiLlama fees,https://api.llama.fi/summary/fees/euler-v2?dataType=dailyRevenue,third_party,high,7D Revenue from the same DefiLlama fees response as the 30D figure.
2026-10-04,Pendle,Pendle Boros,Derivatives,7D Revenue,4256.0,USD,7D,DefiLlama fees,https://api.llama.fi/summary/fees/boros?dataType=dailyRevenue,third_party,medium,7D Revenue from the same DefiLlama fees response as the 30D figure.
2026-10-04,Ethena,Ethena USDe,Asset Management,7D Revenue,3028.57,USD,7D,DefiLlama fees,https://api.llama.fi/summary/fees/ethena-usde?dataType=dailyRevenue,third_party,high,7D Revenue from the same DefiLlama fees response as the 30D figure.
2026-10-04,Falcon,Falcon Finance,Asset Management,7D TVL Growth,36.9759,%,7D,DefiLlama protocol,https://api.llama.fi/protocols,third_party,medium,"Point-in-time TVL change over 7 days, precomputed by DefiLlama."
2026-10-04,Jupiter,Jupiter Lend,Lending,7D TVL Growth,9.4089,%,7D,DefiLlama protocol,https://api.llama.fi/protocols,third_party,medium,"Point-in-time TVL change over 7 days, precomputed by DefiLlama."
2026-10-04,Aave,Aave V4,Lending,7D TVL Growth,5.5662,%,7D,DefiLlama protocol,https://api.llama.fi/protocols,third_party,medium,"Point-in-time TVL change over 7 days, precomputed by DefiLlama."
2026-10-04,EtherFi,EtherFi Cash,Asset Management,7D TVL Growth,2.3817,%,7D,DefiLlama protocol,https://api.llama.fi/protocols,third_party,medium,"Point-in-time TVL change over 7 days, precomputed by DefiLlama."
2026-10-04,Sky,Sky RWA,Tokenization,7D TVL Growth,2.2634,%,7D,DefiLlama protocol,https://api.llama.fi/protocols,third_party,medium,"Point-in-time TVL change over 7 days, precomputed by DefiLlama."
2026-10-04,Morpho,Morpho Blue,Lending,7D TVL Growth,2.0469,%,7D,DefiLlama protocol,https://api.llama.fi/protocols,third_party,high,"Point-in-time TVL change over 7 days, precomputed by DefiLlama."
2026-10-04,Uniswap,Uniswap V3,Spot,7D TVL Growth,1.4816,%,7D,DefiLlama protocol,https://api.llama.fi/protocols,third_party,high,"Point-in-time TVL change over 7 days, precomputed by DefiLlama."
2026-10-04,Sky,Sky Lending,Lending,7D TVL Growth,0.2963,%,7D,DefiLlama protocol,https://api.llama.fi/protocols,third_party,high,"Point-in-time TVL change over 7 days, precomputed by DefiLlama."
2026-10-04,Ethena,Ethena USDtb,Asset Management,7D TVL Growth,0.1706,%,7D,DefiLlama protocol,https://api.llama.fi/protocols,third_party,medium,"Point-in-time TVL change over 7 days, precomputed by DefiLlama."
2026-10-04,Maple,Maple Finance,Lending,7D TVL Growth,0.0702,%,7D,DefiLlama protocol,https://api.llama.fi/protocols,third_party,high,"Point-in-time TVL change over 7 days, precomputed by DefiLlama."
2026-10-04,Uniswap,Uniswap V2,Spot,7D TVL Growth,-0.1466,%,7D,DefiLlama protocol,https://api.llama.fi/protocols,third_party,high,"Point-in-time TVL change over 7 days, precomputed by DefiLlama."
2026-10-04,Aave,Aave V3,Lending,7D TVL Growth,-0.1953,%,7D,DefiLlama protocol,https://api.llama.fi/protocols,third_party,high,"Point-in-time TVL change over 7 days, precomputed by DefiLlama."
2026-10-04,Hyperliquid,Hyperliquid HLP,Derivatives,7D TVL Growth,-0.3368,%,7D,DefiLlama protocol,https://api.llama.fi/protocols,third_party,medium,"Point-in-time TVL change over 7 days, precomputed by DefiLlama."
2026-10-04,Aerodrome,Aerodrome V1,Spot,7D TVL Growth,-0.3377,%,7D,DefiLlama protocol,https://api.llama.fi/protocols,third_party,high,"Point-in-time TVL change over 7 days, precomputed by DefiLlama."
2026-10-04,Sky,Sky Money,Asset Management,7D TVL Growth,-0.3417,%,7D,DefiLlama protocol,https://api.llama.fi/protocols,third_party,medium,"Point-in-time TVL change over 7 days, precomputed by DefiLlama."
2026-10-04,Ethena,Ethena USDe,Asset Management,7D TVL Growth,-0.6729,%,7D,DefiLlama protocol,https://api.llama.fi/protocols,third_party,high,"Point-in-time TVL change over 7 days, precomputed by DefiLlama."
2026-10-04,Aerodrome,Aerodrome Slipstream,Spot,7D TVL Growth,-1.1339,%,7D,DefiLlama protocol,https://api.llama.fi/protocols,third_party,high,"Point-in-time TVL change over 7 days, precomputed by DefiLlama."
2026-10-04,Curve,Curve Finance,Spot,7D TVL Growth,-1.5951,%,7D,DefiLlama protocol,https://api.llama.fi/protocols,third_party,high,"Point-in-time TVL change over 7 days, precomputed by DefiLlama."
2026-10-04,Euler,Euler V2,Lending,7D TVL Growth,-2.164,%,7D,DefiLlama protocol,https://api.llama.fi/protocols,third_party,high,"Point-in-time TVL change over 7 days, precomputed by DefiLlama."
2026-10-04,Jupiter,Jupiter Staked SOL,Asset Management,7D TVL Growth,-2.1858,%,7D,DefiLlama protocol,https://api.llama.fi/protocols,third_party,medium,"Point-in-time TVL change over 7 days, precomputed by DefiLlama."
2026-10-04,Jupiter,Jupiter Perpetual Exchange,Derivatives,7D TVL Growth,-2.2889,%,7D,DefiLlama protocol,https://api.llama.fi/protocols,third_party,medium,"Point-in-time TVL change over 7 days, precomputed by DefiLlama."
2026-10-04,Uniswap,Uniswap V4,Spot,7D TVL Growth,-4.4053,%,7D,DefiLlama protocol,https://api.llama.fi/protocols,third_party,high,"Point-in-time TVL change over 7 days, precomputed by DefiLlama."
2026-10-04,Kamino,Kamino,Lending,7D TVL Growth,-5.9995,%,7D,DefiLlama protocol,https://api.llama.fi/protocols,third_party,high,"Point-in-time TVL change over 7 days, precomputed by DefiLlama."
2026-10-04,Hyperliquid,Hyperliquid Spot Orderbook,Derivatives,7D TVL Growth,-9.0265,%,7D,DefiLlama protocol,https://api.llama.fi/protocols,third_party,medium,"Point-in-time TVL change over 7 days, precomputed by DefiLlama."
2026-10-04,LayerZero,ZRO token,Infra,7D Token Performance,23.1038,%,7D,CoinGecko markets,"https://api.coingecko.com/api/v3/coins/markets?vs_currency=usd&ids=aave,aerodrome-finance,canton-network,centrifuge-2,curve-dao-token,ethena,ether-fi,euler,falcon-finance-ff,hyperliquid,jupiter-exchange-solana,kamino,layerzero,morpho,ondo-finance,pendle,sky,syrup,uniswap,virtual-protocol&order=market_cap_desc&per_page=250&page=1&sparkline=false&price_change_percentage=24h%2C7d%2C30d%2C1y",third_party,high,"Token price change; market sentiment, not product adoption."
2026-10-04,Sky,SKY token,Lending,7D Token Performance,22.6939,%,7D,CoinGecko markets,"https://api.coingecko.com/api/v3/coins/markets?vs_currency=usd&ids=aave,aerodrome-finance,canton-network,centrifuge-2,curve-dao-token,ethena,ether-fi,euler,falcon-finance-ff,hyperliquid,jupiter-exchange-solana,kamino,layerzero,morpho,ondo-finance,pendle,sky,syrup,uniswap,virtual-protocol&order=market_cap_desc&per_page=250&page=1&sparkline=false&price_change_percentage=24h%2C7d%2C30d%2C1y",third_party,high,"Token price change; market sentiment, not product adoption."
2026-10-04,Aave,AAVE token,Lending,7D Token Performance,15.6808,%,7D,CoinGecko markets,"https://api.coingecko.com/api/v3/coins/markets?vs_currency=usd&ids=aave,aerodrome-finance,canton-network,centrifuge-2,curve-dao-token,ethena,ether-fi,euler,falcon-finance-ff,hyperliquid,jupiter-exchange-solana,kamino,layerzero,morpho,ondo-finance,pendle,sky,syrup,uniswap,virtual-protocol&order=market_cap_desc&per_page=250&page=1&sparkline=false&price_change_percentage=24h%2C7d%2C30d%2C1y",third_party,high,"Token price change; market sentiment, not product adoption."
2026-10-04,Maple,SYRUP token,Tokenization,7D Token Performance,15.4833,%,7D,CoinGecko markets,"https://api.coingecko.com/api/v3/coins/markets?vs_currency=usd&ids=aave,aerodrome-finance,canton-network,centrifuge-2,curve-dao-token,ethena,ether-fi,euler,falcon-finance-ff,hyperliquid,jupiter-exchange-solana,kamino,layerzero,morpho,ondo-finance,pendle,sky,syrup,uniswap,virtual-protocol&order=market_cap_desc&per_page=250&page=1&sparkline=false&price_change_percentage=24h%2C7d%2C30d%2C1y",third_party,high,"Token price change; market sentiment, not product adoption."
2026-10-04,Curve,CRV token,Spot,7D Token Performance,6.578,%,7D,CoinGecko markets,"https://api.coingecko.com/api/v3/coins/markets?vs_currency=usd&ids=aave,aerodrome-finance,canton-network,centrifuge-2,curve-dao-token,ethena,ether-fi,euler,falcon-finance-ff,hyperliquid,jupiter-exchange-solana,kamino,layerzero,morpho,ondo-finance,pendle,sky,syrup,uniswap,virtual-protocol&order=market_cap_desc&per_page=250&page=1&sparkline=false&price_change_percentage=24h%2C7d%2C30d%2C1y",third_party,high,"Token price change; market sentiment, not product adoption."
2026-10-04,EtherFi,ETHFI token,Asset Management,7D Token Performance,3.9843,%,7D,CoinGecko markets,"https://api.coingecko.com/api/v3/coins/markets?vs_currency=usd&ids=aave,aerodrome-finance,canton-network,centrifuge-2,curve-dao-token,ethena,ether-fi,euler,falcon-finance-ff,hyperliquid,jupiter-exchange-solana,kamino,layerzero,morpho,ondo-finance,pendle,sky,syrup,uniswap,virtual-protocol&order=market_cap_desc&per_page=250&page=1&sparkline=false&price_change_percentage=24h%2C7d%2C30d%2C1y",third_party,high,"Token price change; market sentiment, not product adoption."
2026-10-04,Aerodrome,AERO token,Spot,7D Token Performance,3.4608,%,7D,CoinGecko markets,"https://api.coingecko.com/api/v3/coins/markets?vs_currency=usd&ids=aave,aerodrome-finance,canton-network,centrifuge-2,curve-dao-token,ethena,ether-fi,euler,falcon-finance-ff,hyperliquid,jupiter-exchange-solana,kamino,layerzero,morpho,ondo-finance,pendle,sky,syrup,uniswap,virtual-protocol&order=market_cap_desc&per_page=250&page=1&sparkline=false&price_change_percentage=24h%2C7d%2C30d%2C1y",third_party,high,"Token price change; market sentiment, not product adoption."
2026-10-04,Morpho,MORPHO token,Lending,7D Token Performance,1.0599,%,7D,CoinGecko markets,"https://api.coingecko.com/api/v3/coins/markets?vs_currency=usd&ids=aave,aerodrome-finance,canton-network,centrifuge-2,curve-dao-token,ethena,ether-fi,euler,falcon-finance-ff,hyperliquid,jupiter-exchange-solana,kamino,layerzero,morpho,ondo-finance,pendle,sky,syrup,uniswap,virtual-protocol&order=market_cap_desc&per_page=250&page=1&sparkline=false&price_change_percentage=24h%2C7d%2C30d%2C1y",third_party,high,"Token price change; market sentiment, not product adoption."
2026-10-04,Virtuals,VIRTUAL token,AI,7D Token Performance,0.6661,%,7D,CoinGecko markets,"https://api.coingecko.com/api/v3/coins/markets?vs_currency=usd&ids=aave,aerodrome-finance,canton-network,centrifuge-2,curve-dao-token,ethena,ether-fi,euler,falcon-finance-ff,hyperliquid,jupiter-exchange-solana,kamino,layerzero,morpho,ondo-finance,pendle,sky,syrup,uniswap,virtual-protocol&order=market_cap_desc&per_page=250&page=1&sparkline=false&price_change_percentage=24h%2C7d%2C30d%2C1y",third_party,high,"Token price change; market sentiment, not product adoption."
2026-10-04,Jupiter,JUP token,Spot,7D Token Performance,-2.4335,%,7D,CoinGecko markets,"https://api.coingecko.com/api/v3/coins/markets?vs_currency=usd&ids=aave,aerodrome-finance,canton-network,centrifuge-2,curve-dao-token,ethena,ether-fi,euler,falcon-finance-ff,hyperliquid,jupiter-exchange-solana,kamino,layerzero,morpho,ondo-finance,pendle,sky,syrup,uniswap,virtual-protocol&order=market_cap_desc&per_page=250&page=1&sparkline=false&price_change_percentage=24h%2C7d%2C30d%2C1y",third_party,high,"Token price change; market sentiment, not product adoption."
2026-10-04,Euler,EUL token,Lending,7D Token Performance,-2.5937,%,7D,CoinGecko markets,"https://api.coingecko.com/api/v3/coins/markets?vs_currency=usd&ids=aave,aerodrome-finance,canton-network,centrifuge-2,curve-dao-token,ethena,ether-fi,euler,falcon-finance-ff,hyperliquid,jupiter-exchange-solana,kamino,layerzero,morpho,ondo-finance,pendle,sky,syrup,uniswap,virtual-protocol&order=market_cap_desc&per_page=250&page=1&sparkline=false&price_change_percentage=24h%2C7d%2C30d%2C1y",third_party,high,"Token price change; market sentiment, not product adoption."
2026-10-04,Hyperliquid,HYPE token,Derivatives,7D Token Performance,-2.7136,%,7D,CoinGecko markets,"https://api.coingecko.com/api/v3/coins/markets?vs_currency=usd&ids=aave,aerodrome-finance,canton-network,centrifuge-2,curve-dao-token,ethena,ether-fi,euler,falcon-finance-ff,hyperliquid,jupiter-exchange-solana,kamino,layerzero,morpho,ondo-finance,pendle,sky,syrup,uniswap,virtual-protocol&order=market_cap_desc&per_page=250&page=1&sparkline=false&price_change_percentage=24h%2C7d%2C30d%2C1y",third_party,high,"Token price change; market sentiment, not product adoption."
2026-10-04,Canton,CC token,Infra,7D Token Performance,-7.3814,%,7D,CoinGecko markets,"https://api.coingecko.com/api/v3/coins/markets?vs_currency=usd&ids=aave,aerodrome-finance,canton-network,centrifuge-2,curve-dao-token,ethena,ether-fi,euler,falcon-finance-ff,hyperliquid,jupiter-exchange-solana,kamino,layerzero,morpho,ondo-finance,pendle,sky,syrup,uniswap,virtual-protocol&order=market_cap_desc&per_page=250&page=1&sparkline=false&price_change_percentage=24h%2C7d%2C30d%2C1y",third_party,high,"Token price change; market sentiment, not product adoption."
2026-10-04,Pendle,PENDLE token,Derivatives,7D Token Performance,-8.2335,%,7D,CoinGecko markets,"https://api.coingecko.com/api/v3/coins/markets?vs_currency=usd&ids=aave,aerodrome-finance,canton-network,centrifuge-2,curve-dao-token,ethena,ether-fi,euler,falcon-finance-ff,hyperliquid,jupiter-exchange-solana,kamino,layerzero,morpho,ondo-finance,pendle,sky,syrup,uniswap,virtual-protocol&order=market_cap_desc&per_page=250&page=1&sparkline=false&price_change_percentage=24h%2C7d%2C30d%2C1y",third_party,high,"Token price change; market sentiment, not product adoption."
2026-10-04,Uniswap,UNI token,Spot,7D Token Performance,-8.4183,%,7D,CoinGecko markets,"https://api.coingecko.com/api/v3/coins/markets?vs_currency=usd&ids=aave,aerodrome-finance,canton-network,centrifuge-2,curve-dao-token,ethena,ether-fi,euler,falcon-finance-ff,hyperliquid,jupiter-exchange-solana,kamino,layerzero,morpho,ondo-finance,pendle,sky,syrup,uniswap,virtual-protocol&order=market_cap_desc&per_page=250&page=1&sparkline=false&price_change_percentage=24h%2C7d%2C30d%2C1y",third_party,high,"Token price change; market sentiment, not product adoption."
2026-10-04,Centrifuge,CFG token,Tokenization,7D Token Performance,-8.7243,%,7D,CoinGecko markets,"https://api.coingecko.com/api/v3/coins/markets?vs_currency=usd&ids=aave,aerodrome-finance,canton-network,centrifuge-2,curve-dao-token,ethena,ether-fi,euler,falcon-finance-ff,hyperliquid,jupiter-exchange-solana,kamino,layerzero,morpho,ondo-finance,pendle,sky,syrup,uniswap,virtual-protocol&order=market_cap_desc&per_page=250&page=1&sparkline=false&price_change_percentage=24h%2C7d%2C30d%2C1y",third_party,high,"Token price change; market sentiment, not product adoption."
2026-10-04,Ondo,ONDO token,Tokenization,7D Token Performance,-10.1789,%,7D,CoinGecko markets,"https://api.coingecko.com/api/v3/coins/markets?vs_currency=usd&ids=aave,aerodrome-finance,canton-network,centrifuge-2,curve-dao-token,ethena,ether-fi,euler,falcon-finance-ff,hyperliquid,jupiter-exchange-solana,kamino,layerzero,morpho,ondo-finance,pendle,sky,syrup,uniswap,virtual-protocol&order=market_cap_desc&per_page=250&page=1&sparkline=false&price_change_percentage=24h%2C7d%2C30d%2C1y",third_party,high,"Token price change; market sentiment, not product adoption."
2026-10-04,Falcon,FF token,Asset Management,7D Token Performance,-11.781,%,7D,CoinGecko markets,"https://api.coingecko.com/api/v3/coins/markets?vs_currency=usd&ids=aave,aerodrome-finance,canton-network,centrifuge-2,curve-dao-token,ethena,ether-fi,euler,falcon-finance-ff,hyperliquid,jupiter-exchange-solana,kamino,layerzero,morpho,ondo-finance,pendle,sky,syrup,uniswap,virtual-protocol&order=market_cap_desc&per_page=250&page=1&sparkline=false&price_change_percentage=24h%2C7d%2C30d%2C1y",third_party,high,"Token price change; market sentiment, not product adoption."
2026-10-04,Kamino,KMNO token,Lending,7D Token Performance,-12.365,%,7D,CoinGecko markets,"https://api.coingecko.com/api/v3/coins/markets?vs_currency=usd&ids=aave,aerodrome-finance,canton-network,centrifuge-2,curve-dao-token,ethena,ether-fi,euler,falcon-finance-ff,hyperliquid,jupiter-exchange-solana,kamino,layerzero,morpho,ondo-finance,pendle,sky,syrup,uniswap,virtual-protocol&order=market_cap_desc&per_page=250&page=1&sparkline=false&price_change_percentage=24h%2C7d%2C30d%2C1y",third_party,high,"Token price change; market sentiment, not product adoption."
2026-10-04,Ethena,ENA token,Asset Management,7D Token Performance,-12.7814,%,7D,CoinGecko markets,"https://api.coingecko.com/api/v3/coins/markets?vs_currency=usd&ids=aave,aerodrome-finance,canton-network,centrifuge-2,curve-dao-token,ethena,ether-fi,euler,falcon-finance-ff,hyperliquid,jupiter-exchange-solana,kamino,layerzero,morpho,ondo-finance,pendle,sky,syrup,uniswap,virtual-protocol&order=market_cap_desc&per_page=250&page=1&sparkline=false&price_change_percentage=24h%2C7d%2C30d%2C1y",third_party,high,"Token price change; market sentiment, not product adoption."
2026-10-04,Ethena,Ethena sUSDe,Asset Management,Current APY,4.9565,%,current,DefiLlama yields,https://yields.llama.fi/pools,third_party,high,Current sUSDe staking APY from DefiLlama yields; methodology is pool-level.
2026-10-04,Sky,Sky sUSDS,Asset Management,Current APY,3.6,%,current,DefiLlama yields,https://yields.llama.fi/pools,third_party,medium,Current sUSDS APY from DefiLlama yields; methodology is pool-level.
2026-10-04,Hyperliquid,HYPE token,Derivatives,FDV,85886921220.0,USD,current,CoinGecko markets,"https://api.coingecko.com/api/v3/coins/markets?vs_currency=usd&ids=aave,aerodrome-finance,canton-network,centrifuge-2,curve-dao-token,ethena,ether-fi,euler,falcon-finance-ff,hyperliquid,jupiter-exchange-solana,kamino,layerzero,morpho,ondo-finance,pendle,sky,syrup,uniswap,virtual-protocol&order=market_cap_desc&per_page=250&page=1&sparkline=false&price_change_percentage=24h%2C7d%2C30d%2C1y",third_party,high,Token-level market metric from CoinGecko; do not treat as protocol/product usage.
2026-10-04,Uniswap,UNI token,Spot,FDV,8032488689.0,USD,current,CoinGecko markets,"https://api.coingecko.com/api/v3/coins/markets?vs_currency=usd&ids=aave,aerodrome-finance,canton-network,centrifuge-2,curve-dao-token,ethena,ether-fi,euler,falcon-finance-ff,hyperliquid,jupiter-exchange-solana,kamino,layerzero,morpho,ondo-finance,pendle,sky,syrup,uniswap,virtual-protocol&order=market_cap_desc&per_page=250&page=1&sparkline=false&price_change_percentage=24h%2C7d%2C30d%2C1y",third_party,high,Token-level market metric from CoinGecko; do not treat as protocol/product usage.
2026-10-04,Canton,CC token,Infra,FDV,5017394259.0,USD,current,CoinGecko markets,"https://api.coingecko.com/api/v3/coins/markets?vs_currency=usd&ids=aave,aerodrome-finance,canton-network,centrifuge-2,curve-dao-token,ethena,ether-fi,euler,falcon-finance-ff,hyperliquid,jupiter-exchange-solana,kamino,layerzero,morpho,ondo-finance,pendle,sky,syrup,uniswap,virtual-protocol&order=market_cap_desc&per_page=250&page=1&sparkline=false&price_change_percentage=24h%2C7d%2C30d%2C1y",third_party,high,Token-level market metric from CoinGecko; do not treat as protocol/product usage.
2026-10-04,Ondo,ONDO token,Tokenization,FDV,4949134464.0,USD,current,CoinGecko markets,"https://api.coingecko.com/api/v3/coins/markets?vs_currency=usd&ids=aave,aerodrome-finance,canton-network,centrifuge-2,curve-dao-token,ethena,ether-fi,euler,falcon-finance-ff,hyperliquid,jupiter-exchange-solana,kamino,layerzero,morpho,ondo-finance,pendle,sky,syrup,uniswap,virtual-protocol&order=market_cap_desc&per_page=250&page=1&sparkline=false&price_change_percentage=24h%2C7d%2C30d%2C1y",third_party,high,Token-level market metric from CoinGecko; do not treat as protocol/product usage.
2026-10-04,Ethena,ENA token,Asset Management,FDV,3562972892.0,USD,current,CoinGecko markets,"https://api.coingecko.com/api/v3/coins/markets?vs_currency=usd&ids=aave,aerodrome-finance,canton-network,centrifuge-2,curve-dao-token,ethena,ether-fi,euler,falcon-finance-ff,hyperliquid,jupiter-exchange-solana,kamino,layerzero,morpho,ondo-finance,pendle,sky,syrup,uniswap,virtual-protocol&order=market_cap_desc&per_page=250&page=1&sparkline=false&price_change_percentage=24h%2C7d%2C30d%2C1y",third_party,high,Token-level market metric from CoinGecko; do not treat as protocol/product usage.
2026-10-04,Aave,AAVE token,Lending,FDV,2866546111.0,USD,current,CoinGecko markets,"https://api.coingecko.com/api/v3/coins/markets?vs_currency=usd&ids=aave,aerodrome-finance,canton-network,centrifuge-2,curve-dao-token,ethena,ether-fi,euler,falcon-finance-ff,hyperliquid,jupiter-exchange-solana,kamino,layerzero,morpho,ondo-finance,pendle,sky,syrup,uniswap,virtual-protocol&order=market_cap_desc&per_page=250&page=1&sparkline=false&price_change_percentage=24h%2C7d%2C30d%2C1y",third_party,high,Token-level market metric from CoinGecko; do not treat as protocol/product usage.
2026-10-04,Morpho,MORPHO token,Lending,FDV,2721321733.0,USD,current,CoinGecko markets,"https://api.coingecko.com/api/v3/coins/markets?vs_currency=usd&ids=aave,aerodrome-finance,canton-network,centrifuge-2,curve-dao-token,ethena,ether-fi,euler,falcon-finance-ff,hyperliquid,jupiter-exchange-solana,kamino,layerzero,morpho,ondo-finance,pendle,sky,syrup,uniswap,virtual-protocol&order=market_cap_desc&per_page=250&page=1&sparkline=false&price_change_percentage=24h%2C7d%2C30d%2C1y",third_party,high,Token-level market metric from CoinGecko; do not treat as protocol/product usage.
2026-10-04,Jupiter,JUP token,Spot,FDV,2261868162.0,USD,current,CoinGecko markets,"https://api.coingecko.com/api/v3/coins/markets?vs_currency=usd&ids=aave,aerodrome-finance,canton-network,centrifuge-2,curve-dao-token,ethena,ether-fi,euler,falcon-finance-ff,hyperliquid,jupiter-exchange-solana,kamino,layerzero,morpho,ondo-finance,pendle,sky,syrup,uniswap,virtual-protocol&order=market_cap_desc&per_page=250&page=1&sparkline=false&price_change_percentage=24h%2C7d%2C30d%2C1y",third_party,high,Token-level market metric from CoinGecko; do not treat as protocol/product usage.
2026-10-04,Sky,SKY token,Lending,FDV,2177377765.0,USD,current,CoinGecko markets,"https://api.coingecko.com/api/v3/coins/markets?vs_currency=usd&ids=aave,aerodrome-finance,canton-network,centrifuge-2,curve-dao-token,ethena,ether-fi,euler,falcon-finance-ff,hyperliquid,jupiter-exchange-solana,kamino,layerzero,morpho,ondo-finance,pendle,sky,syrup,uniswap,virtual-protocol&order=market_cap_desc&per_page=250&page=1&sparkline=false&price_change_percentage=24h%2C7d%2C30d%2C1y",third_party,high,Token-level market metric from CoinGecko; do not treat as protocol/product usage.
2026-10-04,LayerZero,ZRO token,Infra,FDV,1993564456.0,USD,current,CoinGecko markets,"https://api.coingecko.com/api/v3/coins/markets?vs_currency=usd&ids=aave,aerodrome-finance,canton-network,centrifuge-2,curve-dao-token,ethena,ether-fi,euler,falcon-finance-ff,hyperliquid,jupiter-exchange-solana,kamino,layerzero,morpho,ondo-finance,pendle,sky,syrup,uniswap,virtual-protocol&order=market_cap_desc&per_page=250&page=1&sparkline=false&price_change_percentage=24h%2C7d%2C30d%2C1y",third_party,high,Token-level market metric from CoinGecko; do not treat as protocol/product usage.
2026-10-04,Aerodrome,AERO token,Spot,FDV,1722412710.0,USD,current,CoinGecko markets,"https://api.coingecko.com/api/v3/coins/markets?vs_currency=usd&ids=aave,aerodrome-finance,canton-network,centrifuge-2,curve-dao-token,ethena,ether-fi,euler,falcon-finance-ff,hyperliquid,jupiter-exchange-solana,kamino,layerzero,morpho,ondo-finance,pendle,sky,syrup,uniswap,virtual-protocol&order=market_cap_desc&per_page=250&page=1&sparkline=false&price_change_percentage=24h%2C7d%2C30d%2C1y",third_party,high,Token-level market metric from CoinGecko; do not treat as protocol/product usage.
2026-10-04,Falcon,FF token,Asset Management,FDV,1142582771.0,USD,current,CoinGecko markets,"https://api.coingecko.com/api/v3/coins/markets?vs_currency=usd&ids=aave,aerodrome-finance,canton-network,centrifuge-2,curve-dao-token,ethena,ether-fi,euler,falcon-finance-ff,hyperliquid,jupiter-exchange-solana,kamino,layerzero,morpho,ondo-finance,pendle,sky,syrup,uniswap,virtual-protocol&order=market_cap_desc&per_page=250&page=1&sparkline=false&price_change_percentage=24h%2C7d%2C30d%2C1y",third_party,high,Token-level market metric from CoinGecko; do not treat as protocol/product usage.
2026-10-04,Curve,CRV token,Spot,FDV,894455425.0,USD,current,CoinGecko markets,"https://api.coingecko.com/api/v3/coins/markets?vs_currency=usd&ids=aave,aerodrome-finance,canton-network,centrifuge-2,curve-dao-token,ethena,ether-fi,euler,falcon-finance-ff,hyperliquid,jupiter-exchange-solana,kamino,layerzero,morpho,ondo-finance,pendle,sky,syrup,uniswap,virtual-protocol&order=market_cap_desc&per_page=250&page=1&sparkline=false&price_change_percentage=24h%2C7d%2C30d%2C1y",third_party,high,Token-level market metric from CoinGecko; do not treat as protocol/product usage.
2026-10-04,Virtuals,VIRTUAL token,AI,FDV,818381543.0,USD,current,CoinGecko markets,"https://api.coingecko.com/api/v3/coins/markets?vs_currency=usd&ids=aave,aerodrome-finance,canton-network,centrifuge-2,curve-dao-token,ethena,ether-fi,euler,falcon-finance-ff,hyperliquid,jupiter-exchange-solana,kamino,layerzero,morpho,ondo-finance,pendle,sky,syrup,uniswap,virtual-protocol&order=market_cap_desc&per_page=250&page=1&sparkline=false&price_change_percentage=24h%2C7d%2C30d%2C1y",third_party,high,Token-level market metric from CoinGecko; do not treat as protocol/product usage.
2026-10-04,EtherFi,ETHFI token,Asset Management,FDV,724886896.0,USD,current,CoinGecko markets,"https://api.coingecko.com/api/v3/coins/markets?vs_currency=usd&ids=aave,aerodrome-finance,canton-network,centrifuge-2,curve-dao-token,ethena,ether-fi,euler,falcon-finance-ff,hyperliquid,jupiter-exchange-solana,kamino,layerzero,morpho,ondo-finance,pendle,sky,syrup,uniswap,virtual-protocol&order=market_cap_desc&per_page=250&page=1&sparkline=false&price_change_percentage=24h%2C7d%2C30d%2C1y",third_party,high,Token-level market metric from CoinGecko; do not treat as protocol/product usage.
2026-10-04,Pendle,PENDLE token,Derivatives,FDV,686697807.0,USD,current,CoinGecko markets,"https://api.coingecko.com/api/v3/coins/markets?vs_currency=usd&ids=aave,aerodrome-finance,canton-network,centrifuge-2,curve-dao-token,ethena,ether-fi,euler,falcon-finance-ff,hyperliquid,jupiter-exchange-solana,kamino,layerzero,morpho,ondo-finance,pendle,sky,syrup,uniswap,virtual-protocol&order=market_cap_desc&per_page=250&page=1&sparkline=false&price_change_percentage=24h%2C7d%2C30d%2C1y",third_party,high,Token-level market metric from CoinGecko; do not treat as protocol/product usage.
2026-10-04,Kamino,KMNO token,Lending,FDV,402942929.0,USD,current,CoinGecko markets,"https://api.coingecko.com/api/v3/coins/markets?vs_currency=usd&ids=aave,aerodrome-finance,canton-network,centrifuge-2,curve-dao-token,ethena,ether-fi,euler,falcon-finance-ff,hyperliquid,jupiter-exchange-solana,kamino,layerzero,morpho,ondo-finance,pendle,sky,syrup,uniswap,virtual-protocol&order=market_cap_desc&per_page=250&page=1&sparkline=false&price_change_percentage=24h%2C7d%2C30d%2C1y",third_party,high,Token-level market metric from CoinGecko; do not treat as protocol/product usage.
2026-10-04,Maple,SYRUP token,Tokenization,FDV,319591143.0,USD,current,CoinGecko markets,"https://api.coingecko.com/api/v3/coins/markets?vs_currency=usd&ids=aave,aerodrome-finance,canton-network,centrifuge-2,curve-dao-token,ethena,ether-fi,euler,falcon-finance-ff,hyperliquid,jupiter-exchange-solana,kamino,layerzero,morpho,ondo-finance,pendle,sky,syrup,uniswap,virtual-protocol&order=market_cap_desc&per_page=250&page=1&sparkline=false&price_change_percentage=24h%2C7d%2C30d%2C1y",third_party,high,Token-level market metric from CoinGecko; do not treat as protocol/product usage.
2026-10-04,Centrifuge,CFG token,Tokenization,FDV,102893369.0,USD,current,CoinGecko markets,"https://api.coingecko.com/api/v3/coins/markets?vs_currency=usd&ids=aave,aerodrome-finance,canton-network,centrifuge-2,curve-dao-token,ethena,ether-fi,euler,falcon-finance-ff,hyperliquid,jupiter-exchange-solana,kamino,layerzero,morpho,ondo-finance,pendle,sky,syrup,uniswap,virtual-protocol&order=market_cap_desc&per_page=250&page=1&sparkline=false&price_change_percentage=24h%2C7d%2C30d%2C1y",third_party,high,Token-level market metric from CoinGecko; do not treat as protocol/product usage.
2026-10-04,Euler,EUL token,Lending,FDV,39239461.0,USD,current,CoinGecko markets,"https://api.coingecko.com/api/v3/coins/markets?vs_currency=usd&ids=aave,aerodrome-finance,canton-network,centrifuge-2,curve-dao-token,ethena,ether-fi,euler,falcon-finance-ff,hyperliquid,jupiter-exchange-solana,kamino,layerzero,morpho,ondo-finance,pendle,sky,syrup,uniswap,virtual-protocol&order=market_cap_desc&per_page=250&page=1&sparkline=false&price_change_percentage=24h%2C7d%2C30d%2C1y",third_party,high,Token-level market metric from CoinGecko; do not treat as protocol/product usage.
2026-10-04,Hyperliquid,HYPE token,Derivatives,Market Cap,19998990829.0,USD,current,CoinGecko markets,"https://api.coingecko.com/api/v3/coins/markets?vs_currency=usd&ids=aave,aerodrome-finance,canton-network,centrifuge-2,curve-dao-token,ethena,ether-fi,euler,falcon-finance-ff,hyperliquid,jupiter-exchange-solana,kamino,layerzero,morpho,ondo-finance,pendle,sky,syrup,uniswap,virtual-protocol&order=market_cap_desc&per_page=250&page=1&sparkline=false&price_change_percentage=24h%2C7d%2C30d%2C1y",third_party,high,Token-level market metric from CoinGecko; do not treat as protocol/product usage.
2026-10-04,Uniswap,UNI token,Spot,Market Cap,5658792930.0,USD,current,CoinGecko markets,"https://api.coingecko.com/api/v3/coins/markets?vs_currency=usd&ids=aave,aerodrome-finance,canton-network,centrifuge-2,curve-dao-token,ethena,ether-fi,euler,falcon-finance-ff,hyperliquid,jupiter-exchange-solana,kamino,layerzero,morpho,ondo-finance,pendle,sky,syrup,uniswap,virtual-protocol&order=market_cap_desc&per_page=250&page=1&sparkline=false&price_change_percentage=24h%2C7d%2C30d%2C1y",third_party,high,Token-level market metric from CoinGecko; do not treat as protocol/product usage.
2026-10-04,Canton,CC token,Infra,Market Cap,5017394259.0,USD,current,CoinGecko markets,"https://api.coingecko.com/api/v3/coins/markets?vs_currency=usd&ids=aave,aerodrome-finance,canton-network,centrifuge-2,curve-dao-token,ethena,ether-fi,euler,falcon-finance-ff,hyperliquid,jupiter-exchange-solana,kamino,layerzero,morpho,ondo-finance,pendle,sky,syrup,uniswap,virtual-protocol&order=market_cap_desc&per_page=250&page=1&sparkline=false&price_change_percentage=24h%2C7d%2C30d%2C1y",third_party,high,Token-level market metric from CoinGecko; do not treat as protocol/product usage.
2026-10-04,Aave,AAVE token,Lending,Market Cap,2765384906.0,USD,current,CoinGecko markets,"https://api.coingecko.com/api/v3/coins/markets?vs_currency=usd&ids=aave,aerodrome-finance,canton-network,centrifuge-2,curve-dao-token,ethena,ether-fi,euler,falcon-finance-ff,hyperliquid,jupiter-exchange-solana,kamino,layerzero,morpho,ondo-finance,pendle,sky,syrup,uniswap,virtual-protocol&order=market_cap_desc&per_page=250&page=1&sparkline=false&price_change_percentage=24h%2C7d%2C30d%2C1y",third_party,high,Token-level market metric from CoinGecko; do not treat as protocol/product usage.
2026-10-04,Ondo,ONDO token,Tokenization,Market Cap,2409897212.0,USD,current,CoinGecko markets,"https://api.coingecko.com/api/v3/coins/markets?vs_currency=usd&ids=aave,aerodrome-finance,canton-network,centrifuge-2,curve-dao-token,ethena,ether-fi,euler,falcon-finance-ff,hyperliquid,jupiter-exchange-solana,kamino,layerzero,morpho,ondo-finance,pendle,sky,syrup,uniswap,virtual-protocol&order=market_cap_desc&per_page=250&page=1&sparkline=false&price_change_percentage=24h%2C7d%2C30d%2C1y",third_party,high,Token-level market metric from CoinGecko; do not treat as protocol/product usage.
2026-10-04,Ethena,ENA token,Asset Management,Market Cap,2397954985.0,USD,current,CoinGecko markets,"https://api.coingecko.com/api/v3/coins/markets?vs_currency=usd&ids=aave,aerodrome-finance,canton-network,centrifuge-2,curve-dao-token,ethena,ether-fi,euler,falcon-finance-ff,hyperliquid,jupiter-exchange-solana,kamino,layerzero,morpho,ondo-finance,pendle,sky,syrup,uniswap,virtual-protocol&order=market_cap_desc&per_page=250&page=1&sparkline=false&price_change_percentage=24h%2C7d%2C30d%2C1y",third_party,high,Token-level market metric from CoinGecko; do not treat as protocol/product usage.
2026-10-04,Sky,SKY token,Lending,Market Cap,2174717032.0,USD,current,CoinGecko markets,"https://api.coingecko.com/api/v3/coins/markets?vs_currency=usd&ids=aave,aerodrome-finance,canton-network,centrifuge-2,curve-dao-token,ethena,ether-fi,euler,falcon-finance-ff,hyperliquid,jupiter-exchange-solana,kamino,layerzero,morpho,ondo-finance,pendle,sky,syrup,uniswap,virtual-protocol&order=market_cap_desc&per_page=250&page=1&sparkline=false&price_change_percentage=24h%2C7d%2C30d%2C1y",third_party,high,Token-level market metric from CoinGecko; do not treat as protocol/product usage.
2026-10-04,Morpho,MORPHO token,Lending,Market Cap,1904952063.0,USD,current,CoinGecko markets,"https://api.coingecko.com/api/v3/coins/markets?vs_currency=usd&ids=aave,aerodrome-finance,canton-network,centrifuge-2,curve-dao-token,ethena,ether-fi,euler,falcon-finance-ff,hyperliquid,jupiter-exchange-solana,kamino,layerzero,morpho,ondo-finance,pendle,sky,syrup,uniswap,virtual-protocol&order=market_cap_desc&per_page=250&page=1&sparkline=false&price_change_percentage=24h%2C7d%2C30d%2C1y",third_party,high,Token-level market metric from CoinGecko; do not treat as protocol/product usage.
2026-10-04,Jupiter,JUP token,Spot,Market Cap,1094219973.0,USD,current,CoinGecko markets,"https://api.coingecko.com/api/v3/coins/markets?vs_currency=usd&ids=aave,aerodrome-finance,canton-network,centrifuge-2,curve-dao-token,ethena,ether-fi,euler,falcon-finance-ff,hyperliquid,jupiter-exchange-solana,kamino,layerzero,morpho,ondo-finance,pendle,sky,syrup,uniswap,virtual-protocol&order=market_cap_desc&per_page=250&page=1&sparkline=false&price_change_percentage=24h%2C7d%2C30d%2C1y",third_party,high,Token-level market metric from CoinGecko; do not treat as protocol/product usage.
2026-10-04,Aerodrome,AERO token,Spot,Market Cap,864258526.0,USD,current,CoinGecko markets,"https://api.coingecko.com/api/v3/coins/markets?vs_currency=usd&ids=aave,aerodrome-finance,canton-network,centrifuge-2,curve-dao-token,ethena,ether-fi,euler,falcon-finance-ff,hyperliquid,jupiter-exchange-solana,kamino,layerzero,morpho,ondo-finance,pendle,sky,syrup,uniswap,virtual-protocol&order=market_cap_desc&per_page=250&page=1&sparkline=false&price_change_percentage=24h%2C7d%2C30d%2C1y",third_party,high,Token-level market metric from CoinGecko; do not treat as protocol/product usage.
2026-10-04,EtherFi,ETHFI token,Asset Management,Market Cap,724886896.0,USD,current,CoinGecko markets,"https://api.coingecko.com/api/v3/coins/markets?vs_currency=usd&ids=aave,aerodrome-finance,canton-network,centrifuge-2,curve-dao-token,ethena,ether-fi,euler,falcon-finance-ff,hyperliquid,jupiter-exchange-solana,kamino,layerzero,morpho,ondo-finance,pendle,sky,syrup,uniswap,virtual-protocol&order=market_cap_desc&per_page=250&page=1&sparkline=false&price_change_percentage=24h%2C7d%2C30d%2C1y",third_party,high,Token-level market metric from CoinGecko; do not treat as protocol/product usage.
2026-10-04,LayerZero,ZRO token,Infra,Market Cap,704352888.0,USD,current,CoinGecko markets,"https://api.coingecko.com/api/v3/coins/markets?vs_currency=usd&ids=aave,aerodrome-finance,canton-network,centrifuge-2,curve-dao-token,ethena,ether-fi,euler,falcon-finance-ff,hyperliquid,jupiter-exchange-solana,kamino,layerzero,morpho,ondo-finance,pendle,sky,syrup,uniswap,virtual-protocol&order=market_cap_desc&per_page=250&page=1&sparkline=false&price_change_percentage=24h%2C7d%2C30d%2C1y",third_party,high,Token-level market metric from CoinGecko; do not treat as protocol/product usage.
2026-10-04,Curve,CRV token,Spot,Market Cap,579943730.0,USD,current,CoinGecko markets,"https://api.coingecko.com/api/v3/coins/markets?vs_currency=usd&ids=aave,aerodrome-finance,canton-network,centrifuge-2,curve-dao-token,ethena,ether-fi,euler,falcon-finance-ff,hyperliquid,jupiter-exchange-solana,kamino,layerzero,morpho,ondo-finance,pendle,sky,syrup,uniswap,virtual-protocol&order=market_cap_desc&per_page=250&page=1&sparkline=false&price_change_percentage=24h%2C7d%2C30d%2C1y",third_party,high,Token-level market metric from CoinGecko; do not treat as protocol/product usage.
2026-10-04,Virtuals,VIRTUAL token,AI,Market Cap,538810821.0,USD,current,CoinGecko markets,"https://api.coingecko.com/api/v3/coins/markets?vs_currency=usd&ids=aave,aerodrome-finance,canton-network,centrifuge-2,curve-dao-token,ethena,ether-fi,euler,falcon-finance-ff,hyperliquid,jupiter-exchange-solana,kamino,layerzero,morpho,ondo-finance,pendle,sky,syrup,uniswap,virtual-protocol&order=market_cap_desc&per_page=250&page=1&sparkline=false&price_change_percentage=24h%2C7d%2C30d%2C1y",third_party,high,Token-level market metric from CoinGecko; do not treat as protocol/product usage.
2026-10-04,Pendle,PENDLE token,Derivatives,Market Cap,423525009.0,USD,current,CoinGecko markets,"https://api.coingecko.com/api/v3/coins/markets?vs_currency=usd&ids=aave,aerodrome-finance,canton-network,centrifuge-2,curve-dao-token,ethena,ether-fi,euler,falcon-finance-ff,hyperliquid,jupiter-exchange-solana,kamino,layerzero,morpho,ondo-finance,pendle,sky,syrup,uniswap,virtual-protocol&order=market_cap_desc&per_page=250&page=1&sparkline=false&price_change_percentage=24h%2C7d%2C30d%2C1y",third_party,high,Token-level market metric from CoinGecko; do not treat as protocol/product usage.
2026-10-04,Falcon,FF token,Asset Management,Market Cap,381971768.0,USD,current,CoinGecko markets,"https://api.coingecko.com/api/v3/coins/markets?vs_currency=usd&ids=aave,aerodrome-finance,canton-network,centrifuge-2,curve-dao-token,ethena,ether-fi,euler,falcon-finance-ff,hyperliquid,jupiter-exchange-solana,kamino,layerzero,morpho,ondo-finance,pendle,sky,syrup,uniswap,virtual-protocol&order=market_cap_desc&per_page=250&page=1&sparkline=false&price_change_percentage=24h%2C7d%2C30d%2C1y",third_party,high,Token-level market metric from CoinGecko; do not treat as protocol/product usage.
2026-10-04,Maple,SYRUP token,Tokenization,Market Cap,299716017.0,USD,current,CoinGecko markets,"https://api.coingecko.com/api/v3/coins/markets?vs_currency=usd&ids=aave,aerodrome-finance,canton-network,centrifuge-2,curve-dao-token,ethena,ether-fi,euler,falcon-finance-ff,hyperliquid,jupiter-exchange-solana,kamino,layerzero,morpho,ondo-finance,pendle,sky,syrup,uniswap,virtual-protocol&order=market_cap_desc&per_page=250&page=1&sparkline=false&price_change_percentage=24h%2C7d%2C30d%2C1y",third_party,high,Token-level market metric from CoinGecko; do not treat as protocol/product usage.
2026-10-04,Kamino,KMNO token,Lending,Market Cap,228988503.0,USD,current,CoinGecko markets,"https://api.coingecko.com/api/v3/coins/markets?vs_currency=usd&ids=aave,aerodrome-finance,canton-network,centrifuge-2,curve-dao-token,ethena,ether-fi,euler,falcon-finance-ff,hyperliquid,jupiter-exchange-solana,kamino,layerzero,morpho,ondo-finance,pendle,sky,syrup,uniswap,virtual-protocol&order=market_cap_desc&per_page=250&page=1&sparkline=false&price_change_percentage=24h%2C7d%2C30d%2C1y",third_party,high,Token-level market metric from CoinGecko; do not treat as protocol/product usage.
2026-10-04,Centrifuge,CFG token,Tokenization,Market Cap,57557343.0,USD,current,CoinGecko markets,"https://api.coingecko.com/api/v3/coins/markets?vs_currency=usd&ids=aave,aerodrome-finance,canton-network,centrifuge-2,curve-dao-token,ethena,ether-fi,euler,falcon-finance-ff,hyperliquid,jupiter-exchange-solana,kamino,layerzero,morpho,ondo-finance,pendle,sky,syrup,uniswap,virtual-protocol&order=market_cap_desc&per_page=250&page=1&sparkline=false&price_change_percentage=24h%2C7d%2C30d%2C1y",third_party,high,Token-level market metric from CoinGecko; do not treat as protocol/product usage.
2026-10-04,Euler,EUL token,Lending,Market Cap,34695106.0,USD,current,CoinGecko markets,"https://api.coingecko.com/api/v3/coins/markets?vs_currency=usd&ids=aave,aerodrome-finance,canton-network,centrifuge-2,curve-dao-token,ethena,ether-fi,euler,falcon-finance-ff,hyperliquid,jupiter-exchange-solana,kamino,layerzero,morpho,ondo-finance,pendle,sky,syrup,uniswap,virtual-protocol&order=market_cap_desc&per_page=250&page=1&sparkline=false&price_change_percentage=24h%2C7d%2C30d%2C1y",third_party,high,Token-level market metric from CoinGecko; do not treat as protocol/product usage.
2026-10-04,Aave,Aave V3,Lending,Outstanding Borrows,12649421857.45,USD,current,DefiLlama protocol,https://api.llama.fi/protocol/aave-v3,third_party,high,Outstanding borrows (current stock) from DefiLlama borrowed TVL; not daily new-borrow flow.
2026-10-04,Morpho,Morpho Blue,Lending,Outstanding Borrows,5540935461.58,USD,current,DefiLlama protocol,https://api.llama.fi/protocol/morpho-blue,third_party,high,Outstanding borrows (current stock) from DefiLlama borrowed TVL; not daily new-borrow flow.
2026-10-04,Maple,Maple Finance,Lending,Outstanding Borrows,1783929301.48,USD,current,DefiLlama protocol,https://api.llama.fi/protocol/maple,third_party,medium,Outstanding borrows (current stock) from DefiLlama borrowed TVL; institutional credit pools.
2026-10-04,Kamino,Kamino,Lending,Outstanding Borrows,1019620840.64,USD,current,DefiLlama protocol,https://api.llama.fi/protocol/kamino-lend,third_party,high,Outstanding borrows (current stock) from DefiLlama borrowed TVL; Solana lending pools.
2026-10-04,Jupiter,Jupiter Lend,Lending,Outstanding Borrows,987759833.87,USD,current,DefiLlama protocol,https://api.llama.fi/protocol/jupiter-lend,third_party,medium,Outstanding borrows (current stock) from DefiLlama borrowed TVL; not daily new-borrow flow.
2026-10-04,Euler,Euler V2,Lending,Outstanding Borrows,369030556.78,USD,current,DefiLlama protocol,https://api.llama.fi/protocol/euler-v2,third_party,high,Outstanding borrows (current stock) from DefiLlama borrowed TVL; not daily new-borrow flow.
2026-10-04,Curve,Curve Finance,Spot,Outstanding Borrows,74017499.0,USD,current,DefiLlama protocol,https://api.llama.fi/protocol/curve-finance,third_party,medium,Outstanding borrows (current stock) from DefiLlama borrowed TVL; crvUSD lending markets. (Ian: include Curve in borrows.)
2026-10-04,Sky,Sky USDS,Asset Management,Stablecoin Supply,6853148656.14,USD,current,DefiLlama stablecoins,https://stablecoins.llama.fi/stablecoins,third_party,high,"Circulating stablecoin supply; product metric, not token market cap."
2026-10-04,Ethena,Ethena USDe,Asset Management,Stablecoin Supply,4905581433.8,USD,current,DefiLlama stablecoins,https://stablecoins.llama.fi/stablecoins,third_party,high,"Circulating stablecoin supply; product metric, not token market cap."
2026-10-04,Ondo,Ondo USDY,Tokenization,Stablecoin Supply,2202458767.3,USD,current,DefiLlama stablecoins,https://stablecoins.llama.fi/stablecoins,third_party,high,Tokenized yield-asset supply via DefiLlama stablecoins.
2026-10-04,Falcon,Falcon USDf,Asset Management,Stablecoin Supply,1655285825.95,USD,current,DefiLlama stablecoins,https://stablecoins.llama.fi/stablecoins,third_party,medium,Circulating stablecoin supply; reserve attestations need separate review.
2026-10-04,Sky,Sky USDS,Asset Management,Stablecoin Supply,18045806.08,USD,current,DefiLlama stablecoins,https://stablecoins.llama.fi/stablecoins,third_party,high,"Circulating stablecoin supply; product metric, not token market cap."
2026-10-04,Sky,Sky USDS,Asset Management,Stablecoin Supply,512551.58,USD,current,DefiLlama stablecoins,https://stablecoins.llama.fi/stablecoins,third_party,high,"Circulating stablecoin supply; product metric, not token market cap."
2026-10-04,Sky,Sky USDS,Asset Management,Stablecoin Supply,100769.65,USD,current,DefiLlama stablecoins,https://stablecoins.llama.fi/stablecoins,third_party,high,"Circulating stablecoin supply; product metric, not token market cap."
2026-10-04,Sky,Sky USDS,Asset Management,Stablecoin Supply,84801.35,USD,current,DefiLlama stablecoins,https://stablecoins.llama.fi/stablecoins,third_party,high,"Circulating stablecoin supply; product metric, not token market cap."
2026-10-04,Aave,Aave V3,Lending,TVL,18296961994.92,USD,current,DefiLlama protocol,https://api.llama.fi/protocol/aave-v3,third_party,high,Primary Aave MVP lending record.
2026-10-04,Morpho,Morpho Blue,Lending,TVL,11325304015.53,USD,current,DefiLlama protocol,https://api.llama.fi/protocol/morpho-blue,third_party,high,Curator data needs Morpho-native or Dune source.
2026-10-04,Sky,Sky Lending,Lending,TVL,5910008457.64,USD,current,DefiLlama protocol,https://api.llama.fi/protocol/sky-lending,third_party,high,Lending/CDP record; APY and Agent metrics need native source checks.
2026-10-04,Ethena,Ethena USDe,Asset Management,TVL,4911470221.43,USD,current,DefiLlama protocol,https://api.llama.fi/protocol/ethena-usde,third_party,high,USDe-specific record; reserves and APY need native source checks.
2026-10-04,Maple,Maple Finance,Lending,TVL,3004266010.58,USD,current,DefiLlama protocol,https://api.llama.fi/protocol/maple,third_party,high,Maple institutional lending TVL and fees; syrup stablecoin products tracked via stablecoins endpoint.
2026-10-04,Uniswap,Uniswap V3,Spot,TVL,1714066171.95,USD,current,DefiLlama protocol,https://api.llama.fi/protocol/uniswap-v3,third_party,high,Version-specific record; do not silently blend with V2/V4.
2026-10-04,Falcon,Falcon Finance,Asset Management,TVL,1655238226.77,USD,current,DefiLlama protocol,https://api.llama.fi/protocol/falcon-finance,third_party,medium,Falcon Finance USDf/sUSDf TVL and fees; sUSDf APY needs native source.
2026-10-04,Kamino,Kamino,Lending,TVL,1397327699.25,USD,current,DefiLlama protocol,https://api.llama.fi/protocol/kamino-lend,third_party,high,Kamino Solana lending TVL and fees; outstanding borrows tracked separately.
2026-10-04,Jupiter,Jupiter Lend,Lending,TVL,1316349204.32,USD,current,DefiLlama protocol,https://api.llama.fi/protocol/jupiter-lend,third_party,medium,Separate product record; not aggregator usage.
2026-10-04,Curve,Curve Finance,Spot,TVL,1292236125.71,USD,current,DefiLlama protocol,https://api.llama.fi/protocol/curve-dex,third_party,high,"Curve DEX TVL, fees, and volume; active users via Dune dex.trades."
2026-10-04,Uniswap,Uniswap V4,Spot,TVL,1202289174.28,USD,current,DefiLlama protocol,https://api.llama.fi/protocol/uniswap-v4,third_party,high,Version-specific record; aggregation rule needs to stay visible.
2026-10-04,Uniswap,Uniswap V2,Spot,TVL,1047079169.2,USD,current,DefiLlama protocol,https://api.llama.fi/protocol/uniswap-v2,third_party,high,Version-specific legacy liquidity record.
2026-10-04,Jupiter,Jupiter Perpetual Exchange,Derivatives,TVL,820821123.17,USD,current,DefiLlama protocol,https://api.llama.fi/protocol/jupiter-perpetual-exchange,third_party,medium,Perps product record; derivatives overview access may be restricted.
2026-10-04,Aave,Aave V4,Lending,TVL,672477432.03,USD,current,DefiLlama protocol,https://api.llama.fi/protocol/aave-v4,third_party,medium,V4 hub/spoke detail still needs native source discovery.
2026-10-04,Jupiter,Jupiter Staked SOL,Asset Management,TVL,629260726.11,USD,current,DefiLlama protocol,https://api.llama.fi/protocol/jupiter-staked-sol,third_party,medium,Liquid-staking product record.
2026-10-04,Ethena,Ethena USDtb,Asset Management,TVL,492636100.72,USD,current,DefiLlama protocol,https://api.llama.fi/protocol/ethena-usdtb,third_party,medium,Separate Ethena stablecoin product.
2026-10-04,Euler,Euler V2,Lending,TVL,347848867.99,USD,current,DefiLlama protocol,https://api.llama.fi/protocol/euler-v2,third_party,high,Euler V2 lending TVL and fees; outstanding borrows tracked separately.
2026-10-04,EtherFi,EtherFi Cash,Asset Management,TVL,246800529.6,USD,current,DefiLlama protocol,https://api.llama.fi/protocol/etherfi-cash-liquid,third_party,medium,EtherFi liquid restaking and Cash card product; card metrics need PaymentScan source.
2026-10-04,Aerodrome,Aerodrome Slipstream,Spot,TVL,228104096.66,USD,current,DefiLlama protocol,https://api.llama.fi/protocol/aerodrome-slipstream,third_party,high,Concentrated-liquidity record; keep separate from V1 unless labeled.
2026-10-04,Hyperliquid,Hyperliquid HLP,Derivatives,TVL,182098788.49,USD,current,DefiLlama protocol,https://api.llama.fi/protocol/hyperliquid-hlp,third_party,medium,HLP liquidity vault record; not total Hyperliquid perps activity.
2026-10-04,Hyperliquid,Hyperliquid Spot Orderbook,Derivatives,TVL,177463202.04,USD,current,DefiLlama protocol,https://api.llama.fi/protocol/hyperliquid-spot-orderbook,third_party,medium,Spot-orderbook record; keep separate from HLP and perps.
2026-10-04,Aerodrome,Aerodrome V1,Spot,TVL,150373783.34,USD,current,DefiLlama protocol,https://api.llama.fi/protocol/aerodrome-v1,third_party,high,V1 record; keep version labels.
2026-10-04,Sky,Sky Money,Asset Management,TVL,110038284.82,USD,current,DefiLlama protocol,https://api.llama.fi/protocol/sky-money,third_party,medium,Separate Sky money product record.
2026-10-04,Sky,Sky RWA,Tokenization,TVL,75322053.01,USD,current,DefiLlama protocol,https://api.llama.fi/protocol/sky-rwa,third_party,medium,Separate Sky RWA record.
2026-10-04,Aave,AAVE token,Lending,Token Price,179.17,USD,current,CoinGecko markets,"https://api.coingecko.com/api/v3/coins/markets?vs_currency=usd&ids=aave,aerodrome-finance,canton-network,centrifuge-2,curve-dao-token,ethena,ether-fi,euler,falcon-finance-ff,hyperliquid,jupiter-exchange-solana,kamino,layerzero,morpho,ondo-finance,pendle,sky,syrup,uniswap,virtual-protocol&order=market_cap_desc&per_page=250&page=1&sparkline=false&price_change_percentage=24h%2C7d%2C30d%2C1y",third_party,high,Token-level market metric from CoinGecko; do not treat as protocol/product usage.
2026-10-04,Hyperliquid,HYPE token,Derivatives,Token Price,89.91,USD,current,CoinGecko markets,"https://api.coingecko.com/api/v3/coins/markets?vs_currency=usd&ids=aave,aerodrome-finance,canton-network,centrifuge-2,curve-dao-token,ethena,ether-fi,euler,falcon-finance-ff,hyperliquid,jupiter-exchange-solana,kamino,layerzero,morpho,ondo-finance,pendle,sky,syrup,uniswap,virtual-protocol&order=market_cap_desc&per_page=250&page=1&sparkline=false&price_change_percentage=24h%2C7d%2C30d%2C1y",third_party,high,Token-level market metric from CoinGecko; do not treat as protocol/product usage.
2026-10-04,Uniswap,UNI token,Spot,Token Price,9.05,USD,current,CoinGecko markets,"https://api.coingecko.com/api/v3/coins/markets?vs_currency=usd&ids=aave,aerodrome-finance,canton-network,centrifuge-2,curve-dao-token,ethena,ether-fi,euler,falcon-finance-ff,hyperliquid,jupiter-exchange-solana,kamino,layerzero,morpho,ondo-finance,pendle,sky,syrup,uniswap,virtual-protocol&order=market_cap_desc&per_page=250&page=1&sparkline=false&price_change_percentage=24h%2C7d%2C30d%2C1y",third_party,high,Token-level market metric from CoinGecko; do not treat as protocol/product usage.
2026-10-04,Morpho,MORPHO token,Lending,Token Price,2.72,USD,current,CoinGecko markets,"https://api.coingecko.com/api/v3/coins/markets?vs_currency=usd&ids=aave,aerodrome-finance,canton-network,centrifuge-2,curve-dao-token,ethena,ether-fi,euler,falcon-finance-ff,hyperliquid,jupiter-exchange-solana,kamino,layerzero,morpho,ondo-finance,pendle,sky,syrup,uniswap,virtual-protocol&order=market_cap_desc&per_page=250&page=1&sparkline=false&price_change_percentage=24h%2C7d%2C30d%2C1y",third_party,high,Token-level market metric from CoinGecko; do not treat as protocol/product usage.
2026-10-04,Pendle,PENDLE token,Derivatives,Token Price,2.44,USD,current,CoinGecko markets,"https://api.coingecko.com/api/v3/coins/markets?vs_currency=usd&ids=aave,aerodrome-finance,canton-network,centrifuge-2,curve-dao-token,ethena,ether-fi,euler,falcon-finance-ff,hyperliquid,jupiter-exchange-solana,kamino,layerzero,morpho,ondo-finance,pendle,sky,syrup,uniswap,virtual-protocol&order=market_cap_desc&per_page=250&page=1&sparkline=false&price_change_percentage=24h%2C7d%2C30d%2C1y",third_party,high,Token-level market metric from CoinGecko; do not treat as protocol/product usage.
2026-10-04,LayerZero,ZRO token,Infra,Token Price,2.0,USD,current,CoinGecko markets,"https://api.coingecko.com/api/v3/coins/markets?vs_currency=usd&ids=aave,aerodrome-finance,canton-network,centrifuge-2,curve-dao-token,ethena,ether-fi,euler,falcon-finance-ff,hyperliquid,jupiter-exchange-solana,kamino,layerzero,morpho,ondo-finance,pendle,sky,syrup,uniswap,virtual-protocol&order=market_cap_desc&per_page=250&page=1&sparkline=false&price_change_percentage=24h%2C7d%2C30d%2C1y",third_party,high,Token-level market metric from CoinGecko; do not treat as protocol/product usage.
2026-10-04,Euler,EUL token,Lending,Token Price,1.44,USD,current,CoinGecko markets,"https://api.coingecko.com/api/v3/coins/markets?vs_currency=usd&ids=aave,aerodrome-finance,canton-network,centrifuge-2,curve-dao-token,ethena,ether-fi,euler,falcon-finance-ff,hyperliquid,jupiter-exchange-solana,kamino,layerzero,morpho,ondo-finance,pendle,sky,syrup,uniswap,virtual-protocol&order=market_cap_desc&per_page=250&page=1&sparkline=false&price_change_percentage=24h%2C7d%2C30d%2C1y",third_party,high,Token-level market metric from CoinGecko; do not treat as protocol/product usage.
2026-10-04,Aerodrome,AERO token,Spot,Token Price,0.86,USD,current,CoinGecko markets,"https://api.coingecko.com/api/v3/coins/markets?vs_currency=usd&ids=aave,aerodrome-finance,canton-network,centrifuge-2,curve-dao-token,ethena,ether-fi,euler,falcon-finance-ff,hyperliquid,jupiter-exchange-solana,kamino,layerzero,morpho,ondo-finance,pendle,sky,syrup,uniswap,virtual-protocol&order=market_cap_desc&per_page=250&page=1&sparkline=false&price_change_percentage=24h%2C7d%2C30d%2C1y",third_party,high,Token-level market metric from CoinGecko; do not treat as protocol/product usage.
2026-10-04,Virtuals,VIRTUAL token,AI,Token Price,0.82,USD,current,CoinGecko markets,"https://api.coingecko.com/api/v3/coins/markets?vs_currency=usd&ids=aave,aerodrome-finance,canton-network,centrifuge-2,curve-dao-token,ethena,ether-fi,euler,falcon-finance-ff,hyperliquid,jupiter-exchange-solana,kamino,layerzero,morpho,ondo-finance,pendle,sky,syrup,uniswap,virtual-protocol&order=market_cap_desc&per_page=250&page=1&sparkline=false&price_change_percentage=24h%2C7d%2C30d%2C1y",third_party,high,Token-level market metric from CoinGecko; do not treat as protocol/product usage.
2026-10-04,EtherFi,ETHFI token,Asset Management,Token Price,0.75,USD,current,CoinGecko markets,"https://api.coingecko.com/api/v3/coins/markets?vs_currency=usd&ids=aave,aerodrome-finance,canton-network,centrifuge-2,curve-dao-token,ethena,ether-fi,euler,falcon-finance-ff,hyperliquid,jupiter-exchange-solana,kamino,layerzero,morpho,ondo-finance,pendle,sky,syrup,uniswap,virtual-protocol&order=market_cap_desc&per_page=250&page=1&sparkline=false&price_change_percentage=24h%2C7d%2C30d%2C1y",third_party,high,Token-level market metric from CoinGecko; do not treat as protocol/product usage.
2026-10-04,Ondo,ONDO token,Tokenization,Token Price,0.49,USD,current,CoinGecko markets,"https://api.coingecko.com/api/v3/coins/markets?vs_currency=usd&ids=aave,aerodrome-finance,canton-network,centrifuge-2,curve-dao-token,ethena,ether-fi,euler,falcon-finance-ff,hyperliquid,jupiter-exchange-solana,kamino,layerzero,morpho,ondo-finance,pendle,sky,syrup,uniswap,virtual-protocol&order=market_cap_desc&per_page=250&page=1&sparkline=false&price_change_percentage=24h%2C7d%2C30d%2C1y",third_party,high,Token-level market metric from CoinGecko; do not treat as protocol/product usage.
2026-10-04,Curve,CRV token,Spot,Token Price,0.37,USD,current,CoinGecko markets,"https://api.coingecko.com/api/v3/coins/markets?vs_currency=usd&ids=aave,aerodrome-finance,canton-network,centrifuge-2,curve-dao-token,ethena,ether-fi,euler,falcon-finance-ff,hyperliquid,jupiter-exchange-solana,kamino,layerzero,morpho,ondo-finance,pendle,sky,syrup,uniswap,virtual-protocol&order=market_cap_desc&per_page=250&page=1&sparkline=false&price_change_percentage=24h%2C7d%2C30d%2C1y",third_party,high,Token-level market metric from CoinGecko; do not treat as protocol/product usage.
2026-10-04,Jupiter,JUP token,Spot,Token Price,0.33,USD,current,CoinGecko markets,"https://api.coingecko.com/api/v3/coins/markets?vs_currency=usd&ids=aave,aerodrome-finance,canton-network,centrifuge-2,curve-dao-token,ethena,ether-fi,euler,falcon-finance-ff,hyperliquid,jupiter-exchange-solana,kamino,layerzero,morpho,ondo-finance,pendle,sky,syrup,uniswap,virtual-protocol&order=market_cap_desc&per_page=250&page=1&sparkline=false&price_change_percentage=24h%2C7d%2C30d%2C1y",third_party,high,Token-level market metric from CoinGecko; do not treat as protocol/product usage.
2026-10-04,Maple,SYRUP token,Tokenization,Token Price,0.26,USD,current,CoinGecko markets,"https://api.coingecko.com/api/v3/coins/markets?vs_currency=usd&ids=aave,aerodrome-finance,canton-network,centrifuge-2,curve-dao-token,ethena,ether-fi,euler,falcon-finance-ff,hyperliquid,jupiter-exchange-solana,kamino,layerzero,morpho,ondo-finance,pendle,sky,syrup,uniswap,virtual-protocol&order=market_cap_desc&per_page=250&page=1&sparkline=false&price_change_percentage=24h%2C7d%2C30d%2C1y",third_party,high,Token-level market metric from CoinGecko; do not treat as protocol/product usage.
2026-10-04,Ethena,ENA token,Asset Management,Token Price,0.24,USD,current,CoinGecko markets,"https://api.coingecko.com/api/v3/coins/markets?vs_currency=usd&ids=aave,aerodrome-finance,canton-network,centrifuge-2,curve-dao-token,ethena,ether-fi,euler,falcon-finance-ff,hyperliquid,jupiter-exchange-solana,kamino,layerzero,morpho,ondo-finance,pendle,sky,syrup,uniswap,virtual-protocol&order=market_cap_desc&per_page=250&page=1&sparkline=false&price_change_percentage=24h%2C7d%2C30d%2C1y",third_party,high,Token-level market metric from CoinGecko; do not treat as protocol/product usage.
2026-10-04,Centrifuge,CFG token,Tokenization,Token Price,0.15,USD,current,CoinGecko markets,"https://api.coingecko.com/api/v3/coins/markets?vs_currency=usd&ids=aave,aerodrome-finance,canton-network,centrifuge-2,curve-dao-token,ethena,ether-fi,euler,falcon-finance-ff,hyperliquid,jupiter-exchange-solana,kamino,layerzero,morpho,ondo-finance,pendle,sky,syrup,uniswap,virtual-protocol&order=market_cap_desc&per_page=250&page=1&sparkline=false&price_change_percentage=24h%2C7d%2C30d%2C1y",third_party,high,Token-level market metric from CoinGecko; do not treat as protocol/product usage.
2026-10-04,Canton,CC token,Infra,Token Price,0.13,USD,current,CoinGecko markets,"https://api.coingecko.com/api/v3/coins/markets?vs_currency=usd&ids=aave,aerodrome-finance,canton-network,centrifuge-2,curve-dao-token,ethena,ether-fi,euler,falcon-finance-ff,hyperliquid,jupiter-exchange-solana,kamino,layerzero,morpho,ondo-finance,pendle,sky,syrup,uniswap,virtual-protocol&order=market_cap_desc&per_page=250&page=1&sparkline=false&price_change_percentage=24h%2C7d%2C30d%2C1y",third_party,high,Token-level market metric from CoinGecko; do not treat as protocol/product usage.
2026-10-04,Falcon,FF token,Asset Management,Token Price,0.11,USD,current,CoinGecko markets,"https://api.coingecko.com/api/v3/coins/markets?vs_currency=usd&ids=aave,aerodrome-finance,canton-network,centrifuge-2,curve-dao-token,ethena,ether-fi,euler,falcon-finance-ff,hyperliquid,jupiter-exchange-solana,kamino,layerzero,morpho,ondo-finance,pendle,sky,syrup,uniswap,virtual-protocol&order=market_cap_desc&per_page=250&page=1&sparkline=false&price_change_percentage=24h%2C7d%2C30d%2C1y",third_party,high,Token-level market metric from CoinGecko; do not treat as protocol/product usage.
2026-10-04,Sky,SKY token,Lending,Token Price,0.09,USD,current,CoinGecko markets,"https://api.coingecko.com/api/v3/coins/markets?vs_currency=usd&ids=aave,aerodrome-finance,canton-network,centrifuge-2,curve-dao-token,ethena,ether-fi,euler,falcon-finance-ff,hyperliquid,jupiter-exchange-solana,kamino,layerzero,morpho,ondo-finance,pendle,sky,syrup,uniswap,virtual-protocol&order=market_cap_desc&per_page=250&page=1&sparkline=false&price_change_percentage=24h%2C7d%2C30d%2C1y",third_party,high,Token-level market metric from CoinGecko; do not treat as protocol/product usage.
2026-10-04,Kamino,KMNO token,Lending,Token Price,0.04,USD,current,CoinGecko markets,"https://api.coingecko.com/api/v3/coins/markets?vs_currency=usd&ids=aave,aerodrome-finance,canton-network,centrifuge-2,curve-dao-token,ethena,ether-fi,euler,falcon-finance-ff,hyperliquid,jupiter-exchange-solana,kamino,layerzero,morpho,ondo-finance,pendle,sky,syrup,uniswap,virtual-protocol&order=market_cap_desc&per_page=250&page=1&sparkline=false&price_change_percentage=24h%2C7d%2C30d%2C1y",third_party,high,Token-level market metric from CoinGecko; do not treat as protocol/product usage.
