pulled_date,project,record,sector,metric,value,unit,period,source_name,source,source_relationship,confidence,notes
2026-10-07,Hyperliquid,HYPE token,Derivatives,1Y Token Performance,94.3056,%,1Y,CoinGecko markets,"https://api.coingecko.com/api/v3/coins/markets?vs_currency=usd&ids=aave,aerodrome-finance,canton-network,centrifuge-2,curve-dao-token,ethena,ether-fi,euler,falcon-finance-ff,hyperliquid,jupiter-exchange-solana,kamino,layerzero,morpho,ondo-finance,pendle,sky,syrup,uniswap,virtual-protocol&order=market_cap_desc&per_page=250&page=1&sparkline=false&price_change_percentage=24h%2C7d%2C30d%2C1y",third_party,high,"Token price change; market sentiment, not product adoption."
2026-10-07,Morpho,MORPHO token,Lending,1Y Token Performance,36.1988,%,1Y,CoinGecko markets,"https://api.coingecko.com/api/v3/coins/markets?vs_currency=usd&ids=aave,aerodrome-finance,canton-network,centrifuge-2,curve-dao-token,ethena,ether-fi,euler,falcon-finance-ff,hyperliquid,jupiter-exchange-solana,kamino,layerzero,morpho,ondo-finance,pendle,sky,syrup,uniswap,virtual-protocol&order=market_cap_desc&per_page=250&page=1&sparkline=false&price_change_percentage=24h%2C7d%2C30d%2C1y",third_party,high,"Token price change; market sentiment, not product adoption."
2026-10-07,Sky,SKY token,Lending,1Y Token Performance,17.6877,%,1Y,CoinGecko markets,"https://api.coingecko.com/api/v3/coins/markets?vs_currency=usd&ids=aave,aerodrome-finance,canton-network,centrifuge-2,curve-dao-token,ethena,ether-fi,euler,falcon-finance-ff,hyperliquid,jupiter-exchange-solana,kamino,layerzero,morpho,ondo-finance,pendle,sky,syrup,uniswap,virtual-protocol&order=market_cap_desc&per_page=250&page=1&sparkline=false&price_change_percentage=24h%2C7d%2C30d%2C1y",third_party,high,"Token price change; market sentiment, not product adoption."
2026-10-07,Uniswap,UNI token,Spot,1Y Token Performance,0.1525,%,1Y,CoinGecko markets,"https://api.coingecko.com/api/v3/coins/markets?vs_currency=usd&ids=aave,aerodrome-finance,canton-network,centrifuge-2,curve-dao-token,ethena,ether-fi,euler,falcon-finance-ff,hyperliquid,jupiter-exchange-solana,kamino,layerzero,morpho,ondo-finance,pendle,sky,syrup,uniswap,virtual-protocol&order=market_cap_desc&per_page=250&page=1&sparkline=false&price_change_percentage=24h%2C7d%2C30d%2C1y",third_party,high,"Token price change; market sentiment, not product adoption."
2026-10-07,LayerZero,ZRO token,Infra,1Y Token Performance,-11.5717,%,1Y,CoinGecko markets,"https://api.coingecko.com/api/v3/coins/markets?vs_currency=usd&ids=aave,aerodrome-finance,canton-network,centrifuge-2,curve-dao-token,ethena,ether-fi,euler,falcon-finance-ff,hyperliquid,jupiter-exchange-solana,kamino,layerzero,morpho,ondo-finance,pendle,sky,syrup,uniswap,virtual-protocol&order=market_cap_desc&per_page=250&page=1&sparkline=false&price_change_percentage=24h%2C7d%2C30d%2C1y",third_party,high,"Token price change; market sentiment, not product adoption."
2026-10-07,Aerodrome,AERO token,Spot,1Y Token Performance,-27.8233,%,1Y,CoinGecko markets,"https://api.coingecko.com/api/v3/coins/markets?vs_currency=usd&ids=aave,aerodrome-finance,canton-network,centrifuge-2,curve-dao-token,ethena,ether-fi,euler,falcon-finance-ff,hyperliquid,jupiter-exchange-solana,kamino,layerzero,morpho,ondo-finance,pendle,sky,syrup,uniswap,virtual-protocol&order=market_cap_desc&per_page=250&page=1&sparkline=false&price_change_percentage=24h%2C7d%2C30d%2C1y",third_party,high,"Token price change; market sentiment, not product adoption."
2026-10-07,Jupiter,JUP token,Spot,1Y Token Performance,-29.1561,%,1Y,CoinGecko markets,"https://api.coingecko.com/api/v3/coins/markets?vs_currency=usd&ids=aave,aerodrome-finance,canton-network,centrifuge-2,curve-dao-token,ethena,ether-fi,euler,falcon-finance-ff,hyperliquid,jupiter-exchange-solana,kamino,layerzero,morpho,ondo-finance,pendle,sky,syrup,uniswap,virtual-protocol&order=market_cap_desc&per_page=250&page=1&sparkline=false&price_change_percentage=24h%2C7d%2C30d%2C1y",third_party,high,"Token price change; market sentiment, not product adoption."
2026-10-07,Virtuals,VIRTUAL token,AI,1Y Token Performance,-30.4544,%,1Y,CoinGecko markets,"https://api.coingecko.com/api/v3/coins/markets?vs_currency=usd&ids=aave,aerodrome-finance,canton-network,centrifuge-2,curve-dao-token,ethena,ether-fi,euler,falcon-finance-ff,hyperliquid,jupiter-exchange-solana,kamino,layerzero,morpho,ondo-finance,pendle,sky,syrup,uniswap,virtual-protocol&order=market_cap_desc&per_page=250&page=1&sparkline=false&price_change_percentage=24h%2C7d%2C30d%2C1y",third_party,high,"Token price change; market sentiment, not product adoption."
2026-10-07,Falcon,FF token,Asset Management,1Y Token Performance,-38.1939,%,1Y,CoinGecko markets,"https://api.coingecko.com/api/v3/coins/markets?vs_currency=usd&ids=aave,aerodrome-finance,canton-network,centrifuge-2,curve-dao-token,ethena,ether-fi,euler,falcon-finance-ff,hyperliquid,jupiter-exchange-solana,kamino,layerzero,morpho,ondo-finance,pendle,sky,syrup,uniswap,virtual-protocol&order=market_cap_desc&per_page=250&page=1&sparkline=false&price_change_percentage=24h%2C7d%2C30d%2C1y",third_party,high,"Token price change; market sentiment, not product adoption."
2026-10-07,Aave,AAVE token,Lending,1Y Token Performance,-38.4749,%,1Y,CoinGecko markets,"https://api.coingecko.com/api/v3/coins/markets?vs_currency=usd&ids=aave,aerodrome-finance,canton-network,centrifuge-2,curve-dao-token,ethena,ether-fi,euler,falcon-finance-ff,hyperliquid,jupiter-exchange-solana,kamino,layerzero,morpho,ondo-finance,pendle,sky,syrup,uniswap,virtual-protocol&order=market_cap_desc&per_page=250&page=1&sparkline=false&price_change_percentage=24h%2C7d%2C30d%2C1y",third_party,high,"Token price change; market sentiment, not product adoption."
2026-10-07,Maple,SYRUP token,Tokenization,1Y Token Performance,-41.9851,%,1Y,CoinGecko markets,"https://api.coingecko.com/api/v3/coins/markets?vs_currency=usd&ids=aave,aerodrome-finance,canton-network,centrifuge-2,curve-dao-token,ethena,ether-fi,euler,falcon-finance-ff,hyperliquid,jupiter-exchange-solana,kamino,layerzero,morpho,ondo-finance,pendle,sky,syrup,uniswap,virtual-protocol&order=market_cap_desc&per_page=250&page=1&sparkline=false&price_change_percentage=24h%2C7d%2C30d%2C1y",third_party,high,"Token price change; market sentiment, not product adoption."
2026-10-07,Ondo,ONDO token,Tokenization,1Y Token Performance,-48.9825,%,1Y,CoinGecko markets,"https://api.coingecko.com/api/v3/coins/markets?vs_currency=usd&ids=aave,aerodrome-finance,canton-network,centrifuge-2,curve-dao-token,ethena,ether-fi,euler,falcon-finance-ff,hyperliquid,jupiter-exchange-solana,kamino,layerzero,morpho,ondo-finance,pendle,sky,syrup,uniswap,virtual-protocol&order=market_cap_desc&per_page=250&page=1&sparkline=false&price_change_percentage=24h%2C7d%2C30d%2C1y",third_party,high,"Token price change; market sentiment, not product adoption."
2026-10-07,Centrifuge,CFG token,Tokenization,1Y Token Performance,-51.294,%,1Y,CoinGecko markets,"https://api.coingecko.com/api/v3/coins/markets?vs_currency=usd&ids=aave,aerodrome-finance,canton-network,centrifuge-2,curve-dao-token,ethena,ether-fi,euler,falcon-finance-ff,hyperliquid,jupiter-exchange-solana,kamino,layerzero,morpho,ondo-finance,pendle,sky,syrup,uniswap,virtual-protocol&order=market_cap_desc&per_page=250&page=1&sparkline=false&price_change_percentage=24h%2C7d%2C30d%2C1y",third_party,high,"Token price change; market sentiment, not product adoption."
2026-10-07,Kamino,KMNO token,Lending,1Y Token Performance,-51.3434,%,1Y,CoinGecko markets,"https://api.coingecko.com/api/v3/coins/markets?vs_currency=usd&ids=aave,aerodrome-finance,canton-network,centrifuge-2,curve-dao-token,ethena,ether-fi,euler,falcon-finance-ff,hyperliquid,jupiter-exchange-solana,kamino,layerzero,morpho,ondo-finance,pendle,sky,syrup,uniswap,virtual-protocol&order=market_cap_desc&per_page=250&page=1&sparkline=false&price_change_percentage=24h%2C7d%2C30d%2C1y",third_party,high,"Token price change; market sentiment, not product adoption."
2026-10-07,Pendle,PENDLE token,Derivatives,1Y Token Performance,-53.9031,%,1Y,CoinGecko markets,"https://api.coingecko.com/api/v3/coins/markets?vs_currency=usd&ids=aave,aerodrome-finance,canton-network,centrifuge-2,curve-dao-token,ethena,ether-fi,euler,falcon-finance-ff,hyperliquid,jupiter-exchange-solana,kamino,layerzero,morpho,ondo-finance,pendle,sky,syrup,uniswap,virtual-protocol&order=market_cap_desc&per_page=250&page=1&sparkline=false&price_change_percentage=24h%2C7d%2C30d%2C1y",third_party,high,"Token price change; market sentiment, not product adoption."
2026-10-07,Curve,CRV token,Spot,1Y Token Performance,-53.9215,%,1Y,CoinGecko markets,"https://api.coingecko.com/api/v3/coins/markets?vs_currency=usd&ids=aave,aerodrome-finance,canton-network,centrifuge-2,curve-dao-token,ethena,ether-fi,euler,falcon-finance-ff,hyperliquid,jupiter-exchange-solana,kamino,layerzero,morpho,ondo-finance,pendle,sky,syrup,uniswap,virtual-protocol&order=market_cap_desc&per_page=250&page=1&sparkline=false&price_change_percentage=24h%2C7d%2C30d%2C1y",third_party,high,"Token price change; market sentiment, not product adoption."
2026-10-07,Ethena,ENA token,Asset Management,1Y Token Performance,-59.6389,%,1Y,CoinGecko markets,"https://api.coingecko.com/api/v3/coins/markets?vs_currency=usd&ids=aave,aerodrome-finance,canton-network,centrifuge-2,curve-dao-token,ethena,ether-fi,euler,falcon-finance-ff,hyperliquid,jupiter-exchange-solana,kamino,layerzero,morpho,ondo-finance,pendle,sky,syrup,uniswap,virtual-protocol&order=market_cap_desc&per_page=250&page=1&sparkline=false&price_change_percentage=24h%2C7d%2C30d%2C1y",third_party,high,"Token price change; market sentiment, not product adoption."
2026-10-07,EtherFi,ETHFI token,Asset Management,1Y Token Performance,-60.0479,%,1Y,CoinGecko markets,"https://api.coingecko.com/api/v3/coins/markets?vs_currency=usd&ids=aave,aerodrome-finance,canton-network,centrifuge-2,curve-dao-token,ethena,ether-fi,euler,falcon-finance-ff,hyperliquid,jupiter-exchange-solana,kamino,layerzero,morpho,ondo-finance,pendle,sky,syrup,uniswap,virtual-protocol&order=market_cap_desc&per_page=250&page=1&sparkline=false&price_change_percentage=24h%2C7d%2C30d%2C1y",third_party,high,"Token price change; market sentiment, not product adoption."
2026-10-07,Euler,EUL token,Lending,1Y Token Performance,-86.3147,%,1Y,CoinGecko markets,"https://api.coingecko.com/api/v3/coins/markets?vs_currency=usd&ids=aave,aerodrome-finance,canton-network,centrifuge-2,curve-dao-token,ethena,ether-fi,euler,falcon-finance-ff,hyperliquid,jupiter-exchange-solana,kamino,layerzero,morpho,ondo-finance,pendle,sky,syrup,uniswap,virtual-protocol&order=market_cap_desc&per_page=250&page=1&sparkline=false&price_change_percentage=24h%2C7d%2C30d%2C1y",third_party,high,"Token price change; market sentiment, not product adoption."
2026-10-07,Uniswap,Uniswap V4,Spot,24H DEX Volume,1453095954.0,USD,24H,DefiLlama DEX overview,https://api.llama.fi/overview/dexs,third_party,high,DEX volume is source-comparable only for DEX records.
2026-10-07,Uniswap,Uniswap V3,Spot,24H DEX Volume,1180429341.0,USD,24H,DefiLlama DEX overview,https://api.llama.fi/overview/dexs,third_party,high,DEX volume is source-comparable only for DEX records.
2026-10-07,Aerodrome,Aerodrome Slipstream,Spot,24H DEX Volume,566728780.0,USD,24H,DefiLlama DEX overview,https://api.llama.fi/overview/dexs,third_party,high,DEX volume is source-comparable only for DEX records.
2026-10-07,Curve,Curve Finance,Spot,24H DEX Volume,105478201.0,USD,24H,DefiLlama DEX overview,https://api.llama.fi/overview/dexs,third_party,high,DEX volume is source-comparable only for DEX records.
2026-10-07,Uniswap,Uniswap V2,Spot,24H DEX Volume,20087799.0,USD,24H,DefiLlama DEX overview,https://api.llama.fi/overview/dexs,third_party,high,DEX volume is source-comparable only for DEX records.
2026-10-07,Aerodrome,Aerodrome V1,Spot,24H DEX Volume,7854582.0,USD,24H,DefiLlama DEX overview,https://api.llama.fi/overview/dexs,third_party,high,DEX volume is source-comparable only for DEX records.
2026-10-07,Uniswap,Uniswap V4,Spot,24H Fee Share,2.8529,%,24H,DefiLlama fees overview,https://api.llama.fi/overview/fees,third_party,high,"Share of all DefiLlama-tracked fees over 24H; record-level, summed per project in the dashboard."
2026-10-07,Aave,Aave V3,Lending,24H Fee Share,1.8705,%,24H,DefiLlama fees overview,https://api.llama.fi/overview/fees,third_party,high,"Share of all DefiLlama-tracked fees over 24H; record-level, summed per project in the dashboard."
2026-10-07,Uniswap,Uniswap V3,Spot,24H Fee Share,1.3322,%,24H,DefiLlama fees overview,https://api.llama.fi/overview/fees,third_party,high,"Share of all DefiLlama-tracked fees over 24H; record-level, summed per project in the dashboard."
2026-10-07,Aerodrome,Aerodrome Slipstream,Spot,24H Fee Share,0.4424,%,24H,DefiLlama fees overview,https://api.llama.fi/overview/fees,third_party,high,"Share of all DefiLlama-tracked fees over 24H; record-level, summed per project in the dashboard."
2026-10-07,Aerodrome,Aerodrome V1,Spot,24H Fee Share,0.2009,%,24H,DefiLlama fees overview,https://api.llama.fi/overview/fees,third_party,high,"Share of all DefiLlama-tracked fees over 24H; record-level, summed per project in the dashboard."
2026-10-07,Centrifuge,Centrifuge,Tokenization,24H Fee Share,0.1671,%,24H,DefiLlama fees overview,https://api.llama.fi/overview/fees,third_party,high,"Share of all DefiLlama-tracked fees over 24H; record-level, summed per project in the dashboard."
2026-10-07,Uniswap,Uniswap V2,Spot,24H Fee Share,0.0753,%,24H,DefiLlama fees overview,https://api.llama.fi/overview/fees,third_party,high,"Share of all DefiLlama-tracked fees over 24H; record-level, summed per project in the dashboard."
2026-10-07,Aave,Aave V4,Lending,24H Fee Share,0.0453,%,24H,DefiLlama fees overview,https://api.llama.fi/overview/fees,third_party,medium,"Share of all DefiLlama-tracked fees over 24H; record-level, summed per project in the dashboard."
2026-10-07,LayerZero,LayerZero V2,Infra,24H Fee Share,0.0197,%,24H,DefiLlama fees overview,https://api.llama.fi/overview/fees,third_party,medium,"Share of all DefiLlama-tracked fees over 24H; record-level, summed per project in the dashboard."
2026-10-07,Hyperliquid,Hyperliquid HLP,Derivatives,24H Fee Share,0.0171,%,24H,DefiLlama fees overview,https://api.llama.fi/overview/fees,third_party,medium,"Share of all DefiLlama-tracked fees over 24H; record-level, summed per project in the dashboard."
2026-10-07,Pendle,Pendle,Derivatives,24H Fee Share,0.0131,%,24H,DefiLlama fees overview,https://api.llama.fi/overview/fees,third_party,high,"Share of all DefiLlama-tracked fees over 24H; record-level, summed per project in the dashboard."
2026-10-07,Virtuals,Virtuals Protocol,AI,24H Fee Share,0.0114,%,24H,DefiLlama fees overview,https://api.llama.fi/overview/fees,third_party,medium,"Share of all DefiLlama-tracked fees over 24H; record-level, summed per project in the dashboard."
2026-10-07,Pendle,Pendle Boros,Derivatives,24H Fee Share,0.0017,%,24H,DefiLlama fees overview,https://api.llama.fi/overview/fees,third_party,medium,"Share of all DefiLlama-tracked fees over 24H; record-level, summed per project in the dashboard."
2026-10-07,Falcon,Falcon Finance,Asset Management,24H Fee Share,0.0011,%,24H,DefiLlama fees overview,https://api.llama.fi/overview/fees,third_party,medium,"Share of all DefiLlama-tracked fees over 24H; record-level, summed per project in the dashboard."
2026-10-07,Hyperliquid,Hyperliquid Exchange,Derivatives,24H Fees,2470722.0,USD,24H,DefiLlama fees,https://api.llama.fi/summary/fees/hyperliquid?dataType=dailyFees,third_party,high,24H Fees from the same DefiLlama fees response as the 30D figure.
2026-10-07,Uniswap,Uniswap V4,Spot,24H Fees,2313562.0,USD,24H,DefiLlama fees,https://api.llama.fi/summary/fees/uniswap-v4?dataType=dailyFees,third_party,high,24H Fees from the same DefiLlama fees response as the 30D figure.
2026-10-07,Canton,Canton Network,Infra,24H Fees,1734855.0,USD,24H,DefiLlama fees,https://api.llama.fi/summary/fees/canton?dataType=dailyFees,third_party,medium,24H Fees from the same DefiLlama fees response as the 30D figure.
2026-10-07,Aave,Aave V3,Lending,24H Fees,1499203.0,USD,24H,DefiLlama fees,https://api.llama.fi/summary/fees/aave-v3?dataType=dailyFees,third_party,high,24H Fees from the same DefiLlama fees response as the 30D figure.
2026-10-07,Uniswap,Uniswap V3,Spot,24H Fees,1080364.0,USD,24H,DefiLlama fees,https://api.llama.fi/summary/fees/uniswap-v3?dataType=dailyFees,third_party,high,24H Fees from the same DefiLlama fees response as the 30D figure.
2026-10-07,Sky,Sky Lending,Lending,24H Fees,919611.0,USD,24H,DefiLlama fees,https://api.llama.fi/summary/fees/sky-lending?dataType=dailyFees,third_party,high,24H Fees from the same DefiLlama fees response as the 30D figure.
2026-10-07,Morpho,Morpho Blue,Lending,24H Fees,815725.0,USD,24H,DefiLlama fees,https://api.llama.fi/summary/fees/morpho-blue?dataType=dailyFees,third_party,high,24H Fees from the same DefiLlama fees response as the 30D figure.
2026-10-07,Aerodrome,Aerodrome V1,Spot,24H Fees,362555.0,USD,24H,DefiLlama fees,https://api.llama.fi/summary/fees/aerodrome?dataType=dailyFees,third_party,high,24H Fees from the same DefiLlama fees response as the 30D figure.
2026-10-07,Aerodrome,Aerodrome Slipstream,Spot,24H Fees,298915.0,USD,24H,DefiLlama fees,https://api.llama.fi/summary/fees/aerodrome-slipstream?dataType=dailyFees,third_party,high,24H Fees from the same DefiLlama fees response as the 30D figure.
2026-10-07,Ondo,Ondo Yield Assets,Tokenization,24H Fees,254868.0,USD,24H,DefiLlama fees,https://api.llama.fi/summary/fees/ondo-yield-assets?dataType=dailyFees,third_party,high,24H Fees from the same DefiLlama fees response as the 30D figure.
2026-10-07,Kamino,Kamino,Lending,24H Fees,163802.0,USD,24H,DefiLlama fees,https://api.llama.fi/summary/fees/kamino?dataType=dailyFees,third_party,high,24H Fees from the same DefiLlama fees response as the 30D figure.
2026-10-07,Jupiter,Jupiter Perpetual Exchange,Derivatives,24H Fees,123531.0,USD,24H,DefiLlama fees,https://api.llama.fi/summary/fees/jupiter-perpetual-exchange?dataType=dailyFees,third_party,medium,24H Fees from the same DefiLlama fees response as the 30D figure.
2026-10-07,Maple,Maple Finance,Lending,24H Fees,113347.0,USD,24H,DefiLlama fees,https://api.llama.fi/summary/fees/maple?dataType=dailyFees,third_party,high,24H Fees from the same DefiLlama fees response as the 30D figure.
2026-10-07,Centrifuge,Centrifuge,Tokenization,24H Fees,106423.0,USD,24H,DefiLlama fees,https://api.llama.fi/summary/fees/centrifuge?dataType=dailyFees,third_party,high,24H Fees from the same DefiLlama fees response as the 30D figure.
2026-10-07,EtherFi,EtherFi Cash,Asset Management,24H Fees,73529.0,USD,24H,DefiLlama fees,https://api.llama.fi/summary/fees/etherfi-cash-liquid?dataType=dailyFees,third_party,medium,24H Fees from the same DefiLlama fees response as the 30D figure.
2026-10-07,Uniswap,Uniswap V2,Spot,24H Fees,61054.0,USD,24H,DefiLlama fees,https://api.llama.fi/summary/fees/uniswap-v2?dataType=dailyFees,third_party,high,24H Fees from the same DefiLlama fees response as the 30D figure.
2026-10-07,Hyperliquid,Hyperliquid Spot Orderbook,Derivatives,24H Fees,59341.0,USD,24H,DefiLlama fees,https://api.llama.fi/summary/fees/hyperliquid-spot-orderbook?dataType=dailyFees,third_party,medium,24H Fees from the same DefiLlama fees response as the 30D figure.
2026-10-07,Euler,Euler V2,Lending,24H Fees,58122.0,USD,24H,DefiLlama fees,https://api.llama.fi/summary/fees/euler-v2?dataType=dailyFees,third_party,high,24H Fees from the same DefiLlama fees response as the 30D figure.
2026-10-07,Ethena,Ethena USDe,Asset Management,24H Fees,41949.0,USD,24H,DefiLlama fees,https://api.llama.fi/summary/fees/ethena-usde?dataType=dailyFees,third_party,high,24H Fees from the same DefiLlama fees response as the 30D figure.
2026-10-07,Curve,Curve Finance,Spot,24H Fees,40466.81,USD,24H,DefiLlama fees,https://api.llama.fi/summary/fees/curve-finance?dataType=dailyFees,third_party,high,24H Fees from the same DefiLlama fees response as the 30D figure.
2026-10-07,Aave,Aave V4,Lending,24H Fees,36827.0,USD,24H,DefiLlama fees,https://api.llama.fi/summary/fees/aave-v4?dataType=dailyFees,third_party,medium,24H Fees from the same DefiLlama fees response as the 30D figure.
2026-10-07,Pendle,Pendle,Derivatives,24H Fees,15095.0,USD,24H,DefiLlama fees,https://api.llama.fi/summary/fees/pendle?dataType=dailyFees,third_party,high,24H Fees from the same DefiLlama fees response as the 30D figure.
2026-10-07,Hyperliquid,Hyperliquid HLP,Derivatives,24H Fees,13882.0,USD,24H,DefiLlama fees,https://api.llama.fi/summary/fees/hyperliquid-hlp?dataType=dailyFees,third_party,medium,24H Fees from the same DefiLlama fees response as the 30D figure.
2026-10-07,LayerZero,LayerZero V2,Infra,24H Fees,8984.0,USD,24H,DefiLlama fees,https://api.llama.fi/summary/fees/layerzero?dataType=dailyFees,third_party,medium,24H Fees from the same DefiLlama fees response as the 30D figure.
2026-10-07,Pendle,Pendle Boros,Derivatives,24H Fees,1407.0,USD,24H,DefiLlama fees,https://api.llama.fi/summary/fees/boros?dataType=dailyFees,third_party,medium,24H Fees from the same DefiLlama fees response as the 30D figure.
2026-10-07,Falcon,Falcon Finance,Asset Management,24H Fees,915.0,USD,24H,DefiLlama fees,https://api.llama.fi/summary/fees/falcon-finance?dataType=dailyFees,third_party,medium,24H Fees from the same DefiLlama fees response as the 30D figure.
2026-10-07,Hyperliquid,Hyperliquid Perps,Derivatives,24H Perps Volume,6421729794.35,USD,24H,Hyperliquid info API,https://api.hyperliquid.xyz/info,third_party,high,24H perp notional volume summed across assets from the official Hyperliquid info API (project-native).
2026-10-07,Hyperliquid,Hyperliquid Exchange,Derivatives,24H Revenue,1916956.0,USD,24H,DefiLlama fees,https://api.llama.fi/summary/fees/hyperliquid?dataType=dailyRevenue,third_party,high,24H Revenue from the same DefiLlama fees response as the 30D figure.
2026-10-07,Canton,Canton Network,Infra,24H Revenue,1734855.0,USD,24H,DefiLlama fees,https://api.llama.fi/summary/fees/canton?dataType=dailyRevenue,third_party,medium,24H Revenue from the same DefiLlama fees response as the 30D figure.
2026-10-07,Sky,Sky Lending,Lending,24H Revenue,455409.0,USD,24H,DefiLlama fees,https://api.llama.fi/summary/fees/sky-lending?dataType=dailyRevenue,third_party,high,24H Revenue from the same DefiLlama fees response as the 30D figure.
2026-10-07,Uniswap,Uniswap V3,Spot,24H Revenue,277309.0,USD,24H,DefiLlama fees,https://api.llama.fi/summary/fees/uniswap-v3?dataType=dailyRevenue,third_party,high,24H Revenue from the same DefiLlama fees response as the 30D figure.
2026-10-07,Aerodrome,Aerodrome V1,Spot,24H Revenue,255583.0,USD,24H,DefiLlama fees,https://api.llama.fi/summary/fees/aerodrome?dataType=dailyRevenue,third_party,high,24H Revenue from the same DefiLlama fees response as the 30D figure.
2026-10-07,Aerodrome,Aerodrome Slipstream,Spot,24H Revenue,193202.0,USD,24H,DefiLlama fees,https://api.llama.fi/summary/fees/aerodrome-slipstream?dataType=dailyRevenue,third_party,high,24H Revenue from the same DefiLlama fees response as the 30D figure.
2026-10-07,Aave,Aave V3,Lending,24H Revenue,179459.0,USD,24H,DefiLlama fees,https://api.llama.fi/summary/fees/aave-v3?dataType=dailyRevenue,third_party,high,24H Revenue from the same DefiLlama fees response as the 30D figure.
2026-10-07,EtherFi,EtherFi Cash,Asset Management,24H Revenue,64696.0,USD,24H,DefiLlama fees,https://api.llama.fi/summary/fees/etherfi-cash-liquid?dataType=dailyRevenue,third_party,medium,24H Revenue from the same DefiLlama fees response as the 30D figure.
2026-10-07,Hyperliquid,Hyperliquid Spot Orderbook,Derivatives,24H Revenue,46757.0,USD,24H,DefiLlama fees,https://api.llama.fi/summary/fees/hyperliquid-spot-orderbook?dataType=dailyRevenue,third_party,medium,24H Revenue from the same DefiLlama fees response as the 30D figure.
2026-10-07,Jupiter,Jupiter Perpetual Exchange,Derivatives,24H Revenue,30883.0,USD,24H,DefiLlama fees,https://api.llama.fi/summary/fees/jupiter-perpetual-exchange?dataType=dailyRevenue,third_party,medium,24H Revenue from the same DefiLlama fees response as the 30D figure.
2026-10-07,Kamino,Kamino,Lending,24H Revenue,21273.0,USD,24H,DefiLlama fees,https://api.llama.fi/summary/fees/kamino?dataType=dailyRevenue,third_party,high,24H Revenue from the same DefiLlama fees response as the 30D figure.
2026-10-07,Maple,Maple Finance,Lending,24H Revenue,18423.0,USD,24H,DefiLlama fees,https://api.llama.fi/summary/fees/maple?dataType=dailyRevenue,third_party,high,24H Revenue from the same DefiLlama fees response as the 30D figure.
2026-10-07,Pendle,Pendle,Derivatives,24H Revenue,14840.0,USD,24H,DefiLlama fees,https://api.llama.fi/summary/fees/pendle?dataType=dailyRevenue,third_party,high,24H Revenue from the same DefiLlama fees response as the 30D figure.
2026-10-07,Curve,Curve Finance,Spot,24H Revenue,10766.0,USD,24H,DefiLlama fees,https://api.llama.fi/summary/fees/curve-finance?dataType=dailyRevenue,third_party,high,24H Revenue from the same DefiLlama fees response as the 30D figure.
2026-10-07,Centrifuge,Centrifuge,Tokenization,24H Revenue,10695.0,USD,24H,DefiLlama fees,https://api.llama.fi/summary/fees/centrifuge?dataType=dailyRevenue,third_party,high,24H Revenue from the same DefiLlama fees response as the 30D figure.
2026-10-07,Aave,Aave V4,Lending,24H Revenue,5014.0,USD,24H,DefiLlama fees,https://api.llama.fi/summary/fees/aave-v4?dataType=dailyRevenue,third_party,medium,24H Revenue from the same DefiLlama fees response as the 30D figure.
2026-10-07,Euler,Euler V2,Lending,24H Revenue,2544.0,USD,24H,DefiLlama fees,https://api.llama.fi/summary/fees/euler-v2?dataType=dailyRevenue,third_party,high,24H Revenue from the same DefiLlama fees response as the 30D figure.
2026-10-07,Pendle,Pendle Boros,Derivatives,24H Revenue,1407.0,USD,24H,DefiLlama fees,https://api.llama.fi/summary/fees/boros?dataType=dailyRevenue,third_party,medium,24H Revenue from the same DefiLlama fees response as the 30D figure.
2026-10-07,Ethena,Ethena USDe,Asset Management,24H Revenue,19.37,USD,24H,DefiLlama fees,https://api.llama.fi/summary/fees/ethena-usde?dataType=dailyRevenue,third_party,high,24H Revenue from the same DefiLlama fees response as the 30D figure.
2026-10-07,Falcon,FF token,Asset Management,24H Token Performance,-0.1682,%,24H,CoinGecko markets,"https://api.coingecko.com/api/v3/coins/markets?vs_currency=usd&ids=aave,aerodrome-finance,canton-network,centrifuge-2,curve-dao-token,ethena,ether-fi,euler,falcon-finance-ff,hyperliquid,jupiter-exchange-solana,kamino,layerzero,morpho,ondo-finance,pendle,sky,syrup,uniswap,virtual-protocol&order=market_cap_desc&per_page=250&page=1&sparkline=false&price_change_percentage=24h%2C7d%2C30d%2C1y",third_party,high,"Token price change; market sentiment, not product adoption."
2026-10-07,Aerodrome,AERO token,Spot,24H Token Performance,-1.0683,%,24H,CoinGecko markets,"https://api.coingecko.com/api/v3/coins/markets?vs_currency=usd&ids=aave,aerodrome-finance,canton-network,centrifuge-2,curve-dao-token,ethena,ether-fi,euler,falcon-finance-ff,hyperliquid,jupiter-exchange-solana,kamino,layerzero,morpho,ondo-finance,pendle,sky,syrup,uniswap,virtual-protocol&order=market_cap_desc&per_page=250&page=1&sparkline=false&price_change_percentage=24h%2C7d%2C30d%2C1y",third_party,high,"Token price change; market sentiment, not product adoption."
2026-10-07,LayerZero,ZRO token,Infra,24H Token Performance,-2.4071,%,24H,CoinGecko markets,"https://api.coingecko.com/api/v3/coins/markets?vs_currency=usd&ids=aave,aerodrome-finance,canton-network,centrifuge-2,curve-dao-token,ethena,ether-fi,euler,falcon-finance-ff,hyperliquid,jupiter-exchange-solana,kamino,layerzero,morpho,ondo-finance,pendle,sky,syrup,uniswap,virtual-protocol&order=market_cap_desc&per_page=250&page=1&sparkline=false&price_change_percentage=24h%2C7d%2C30d%2C1y",third_party,high,"Token price change; market sentiment, not product adoption."
2026-10-07,Curve,CRV token,Spot,24H Token Performance,-3.0335,%,24H,CoinGecko markets,"https://api.coingecko.com/api/v3/coins/markets?vs_currency=usd&ids=aave,aerodrome-finance,canton-network,centrifuge-2,curve-dao-token,ethena,ether-fi,euler,falcon-finance-ff,hyperliquid,jupiter-exchange-solana,kamino,layerzero,morpho,ondo-finance,pendle,sky,syrup,uniswap,virtual-protocol&order=market_cap_desc&per_page=250&page=1&sparkline=false&price_change_percentage=24h%2C7d%2C30d%2C1y",third_party,high,"Token price change; market sentiment, not product adoption."
2026-10-07,Hyperliquid,HYPE token,Derivatives,24H Token Performance,-4.1081,%,24H,CoinGecko markets,"https://api.coingecko.com/api/v3/coins/markets?vs_currency=usd&ids=aave,aerodrome-finance,canton-network,centrifuge-2,curve-dao-token,ethena,ether-fi,euler,falcon-finance-ff,hyperliquid,jupiter-exchange-solana,kamino,layerzero,morpho,ondo-finance,pendle,sky,syrup,uniswap,virtual-protocol&order=market_cap_desc&per_page=250&page=1&sparkline=false&price_change_percentage=24h%2C7d%2C30d%2C1y",third_party,high,"Token price change; market sentiment, not product adoption."
2026-10-07,Ethena,ENA token,Asset Management,24H Token Performance,-4.309,%,24H,CoinGecko markets,"https://api.coingecko.com/api/v3/coins/markets?vs_currency=usd&ids=aave,aerodrome-finance,canton-network,centrifuge-2,curve-dao-token,ethena,ether-fi,euler,falcon-finance-ff,hyperliquid,jupiter-exchange-solana,kamino,layerzero,morpho,ondo-finance,pendle,sky,syrup,uniswap,virtual-protocol&order=market_cap_desc&per_page=250&page=1&sparkline=false&price_change_percentage=24h%2C7d%2C30d%2C1y",third_party,high,"Token price change; market sentiment, not product adoption."
2026-10-07,Aave,AAVE token,Lending,24H Token Performance,-4.7346,%,24H,CoinGecko markets,"https://api.coingecko.com/api/v3/coins/markets?vs_currency=usd&ids=aave,aerodrome-finance,canton-network,centrifuge-2,curve-dao-token,ethena,ether-fi,euler,falcon-finance-ff,hyperliquid,jupiter-exchange-solana,kamino,layerzero,morpho,ondo-finance,pendle,sky,syrup,uniswap,virtual-protocol&order=market_cap_desc&per_page=250&page=1&sparkline=false&price_change_percentage=24h%2C7d%2C30d%2C1y",third_party,high,"Token price change; market sentiment, not product adoption."
2026-10-07,Euler,EUL token,Lending,24H Token Performance,-5.0166,%,24H,CoinGecko markets,"https://api.coingecko.com/api/v3/coins/markets?vs_currency=usd&ids=aave,aerodrome-finance,canton-network,centrifuge-2,curve-dao-token,ethena,ether-fi,euler,falcon-finance-ff,hyperliquid,jupiter-exchange-solana,kamino,layerzero,morpho,ondo-finance,pendle,sky,syrup,uniswap,virtual-protocol&order=market_cap_desc&per_page=250&page=1&sparkline=false&price_change_percentage=24h%2C7d%2C30d%2C1y",third_party,high,"Token price change; market sentiment, not product adoption."
2026-10-07,Kamino,KMNO token,Lending,24H Token Performance,-5.1141,%,24H,CoinGecko markets,"https://api.coingecko.com/api/v3/coins/markets?vs_currency=usd&ids=aave,aerodrome-finance,canton-network,centrifuge-2,curve-dao-token,ethena,ether-fi,euler,falcon-finance-ff,hyperliquid,jupiter-exchange-solana,kamino,layerzero,morpho,ondo-finance,pendle,sky,syrup,uniswap,virtual-protocol&order=market_cap_desc&per_page=250&page=1&sparkline=false&price_change_percentage=24h%2C7d%2C30d%2C1y",third_party,high,"Token price change; market sentiment, not product adoption."
2026-10-07,EtherFi,ETHFI token,Asset Management,24H Token Performance,-5.651,%,24H,CoinGecko markets,"https://api.coingecko.com/api/v3/coins/markets?vs_currency=usd&ids=aave,aerodrome-finance,canton-network,centrifuge-2,curve-dao-token,ethena,ether-fi,euler,falcon-finance-ff,hyperliquid,jupiter-exchange-solana,kamino,layerzero,morpho,ondo-finance,pendle,sky,syrup,uniswap,virtual-protocol&order=market_cap_desc&per_page=250&page=1&sparkline=false&price_change_percentage=24h%2C7d%2C30d%2C1y",third_party,high,"Token price change; market sentiment, not product adoption."
2026-10-07,Pendle,PENDLE token,Derivatives,24H Token Performance,-6.2843,%,24H,CoinGecko markets,"https://api.coingecko.com/api/v3/coins/markets?vs_currency=usd&ids=aave,aerodrome-finance,canton-network,centrifuge-2,curve-dao-token,ethena,ether-fi,euler,falcon-finance-ff,hyperliquid,jupiter-exchange-solana,kamino,layerzero,morpho,ondo-finance,pendle,sky,syrup,uniswap,virtual-protocol&order=market_cap_desc&per_page=250&page=1&sparkline=false&price_change_percentage=24h%2C7d%2C30d%2C1y",third_party,high,"Token price change; market sentiment, not product adoption."
2026-10-07,Ondo,ONDO token,Tokenization,24H Token Performance,-6.3672,%,24H,CoinGecko markets,"https://api.coingecko.com/api/v3/coins/markets?vs_currency=usd&ids=aave,aerodrome-finance,canton-network,centrifuge-2,curve-dao-token,ethena,ether-fi,euler,falcon-finance-ff,hyperliquid,jupiter-exchange-solana,kamino,layerzero,morpho,ondo-finance,pendle,sky,syrup,uniswap,virtual-protocol&order=market_cap_desc&per_page=250&page=1&sparkline=false&price_change_percentage=24h%2C7d%2C30d%2C1y",third_party,high,"Token price change; market sentiment, not product adoption."
2026-10-07,Virtuals,VIRTUAL token,AI,24H Token Performance,-6.65,%,24H,CoinGecko markets,"https://api.coingecko.com/api/v3/coins/markets?vs_currency=usd&ids=aave,aerodrome-finance,canton-network,centrifuge-2,curve-dao-token,ethena,ether-fi,euler,falcon-finance-ff,hyperliquid,jupiter-exchange-solana,kamino,layerzero,morpho,ondo-finance,pendle,sky,syrup,uniswap,virtual-protocol&order=market_cap_desc&per_page=250&page=1&sparkline=false&price_change_percentage=24h%2C7d%2C30d%2C1y",third_party,high,"Token price change; market sentiment, not product adoption."
2026-10-07,Canton,CC token,Infra,24H Token Performance,-6.7416,%,24H,CoinGecko markets,"https://api.coingecko.com/api/v3/coins/markets?vs_currency=usd&ids=aave,aerodrome-finance,canton-network,centrifuge-2,curve-dao-token,ethena,ether-fi,euler,falcon-finance-ff,hyperliquid,jupiter-exchange-solana,kamino,layerzero,morpho,ondo-finance,pendle,sky,syrup,uniswap,virtual-protocol&order=market_cap_desc&per_page=250&page=1&sparkline=false&price_change_percentage=24h%2C7d%2C30d%2C1y",third_party,high,"Token price change; market sentiment, not product adoption."
2026-10-07,Centrifuge,CFG token,Tokenization,24H Token Performance,-6.9456,%,24H,CoinGecko markets,"https://api.coingecko.com/api/v3/coins/markets?vs_currency=usd&ids=aave,aerodrome-finance,canton-network,centrifuge-2,curve-dao-token,ethena,ether-fi,euler,falcon-finance-ff,hyperliquid,jupiter-exchange-solana,kamino,layerzero,morpho,ondo-finance,pendle,sky,syrup,uniswap,virtual-protocol&order=market_cap_desc&per_page=250&page=1&sparkline=false&price_change_percentage=24h%2C7d%2C30d%2C1y",third_party,high,"Token price change; market sentiment, not product adoption."
2026-10-07,Morpho,MORPHO token,Lending,24H Token Performance,-7.9419,%,24H,CoinGecko markets,"https://api.coingecko.com/api/v3/coins/markets?vs_currency=usd&ids=aave,aerodrome-finance,canton-network,centrifuge-2,curve-dao-token,ethena,ether-fi,euler,falcon-finance-ff,hyperliquid,jupiter-exchange-solana,kamino,layerzero,morpho,ondo-finance,pendle,sky,syrup,uniswap,virtual-protocol&order=market_cap_desc&per_page=250&page=1&sparkline=false&price_change_percentage=24h%2C7d%2C30d%2C1y",third_party,high,"Token price change; market sentiment, not product adoption."
2026-10-07,Sky,SKY token,Lending,24H Token Performance,-8.3074,%,24H,CoinGecko markets,"https://api.coingecko.com/api/v3/coins/markets?vs_currency=usd&ids=aave,aerodrome-finance,canton-network,centrifuge-2,curve-dao-token,ethena,ether-fi,euler,falcon-finance-ff,hyperliquid,jupiter-exchange-solana,kamino,layerzero,morpho,ondo-finance,pendle,sky,syrup,uniswap,virtual-protocol&order=market_cap_desc&per_page=250&page=1&sparkline=false&price_change_percentage=24h%2C7d%2C30d%2C1y",third_party,high,"Token price change; market sentiment, not product adoption."
2026-10-07,Maple,SYRUP token,Tokenization,24H Token Performance,-8.8023,%,24H,CoinGecko markets,"https://api.coingecko.com/api/v3/coins/markets?vs_currency=usd&ids=aave,aerodrome-finance,canton-network,centrifuge-2,curve-dao-token,ethena,ether-fi,euler,falcon-finance-ff,hyperliquid,jupiter-exchange-solana,kamino,layerzero,morpho,ondo-finance,pendle,sky,syrup,uniswap,virtual-protocol&order=market_cap_desc&per_page=250&page=1&sparkline=false&price_change_percentage=24h%2C7d%2C30d%2C1y",third_party,high,"Token price change; market sentiment, not product adoption."
2026-10-07,Uniswap,UNI token,Spot,24H Token Performance,-9.3962,%,24H,CoinGecko markets,"https://api.coingecko.com/api/v3/coins/markets?vs_currency=usd&ids=aave,aerodrome-finance,canton-network,centrifuge-2,curve-dao-token,ethena,ether-fi,euler,falcon-finance-ff,hyperliquid,jupiter-exchange-solana,kamino,layerzero,morpho,ondo-finance,pendle,sky,syrup,uniswap,virtual-protocol&order=market_cap_desc&per_page=250&page=1&sparkline=false&price_change_percentage=24h%2C7d%2C30d%2C1y",third_party,high,"Token price change; market sentiment, not product adoption."
2026-10-07,Jupiter,JUP token,Spot,24H Token Performance,-10.7833,%,24H,CoinGecko markets,"https://api.coingecko.com/api/v3/coins/markets?vs_currency=usd&ids=aave,aerodrome-finance,canton-network,centrifuge-2,curve-dao-token,ethena,ether-fi,euler,falcon-finance-ff,hyperliquid,jupiter-exchange-solana,kamino,layerzero,morpho,ondo-finance,pendle,sky,syrup,uniswap,virtual-protocol&order=market_cap_desc&per_page=250&page=1&sparkline=false&price_change_percentage=24h%2C7d%2C30d%2C1y",third_party,high,"Token price change; market sentiment, not product adoption."
2026-10-07,Hyperliquid,HYPE token,Derivatives,24H Token Volume,884125296.0,USD,24H,CoinGecko markets,"https://api.coingecko.com/api/v3/coins/markets?vs_currency=usd&ids=aave,aerodrome-finance,canton-network,centrifuge-2,curve-dao-token,ethena,ether-fi,euler,falcon-finance-ff,hyperliquid,jupiter-exchange-solana,kamino,layerzero,morpho,ondo-finance,pendle,sky,syrup,uniswap,virtual-protocol&order=market_cap_desc&per_page=250&page=1&sparkline=false&price_change_percentage=24h%2C7d%2C30d%2C1y",third_party,high,Token-level market metric from CoinGecko; do not treat as protocol/product usage.
2026-10-07,Uniswap,UNI token,Spot,24H Token Volume,777407654.0,USD,24H,CoinGecko markets,"https://api.coingecko.com/api/v3/coins/markets?vs_currency=usd&ids=aave,aerodrome-finance,canton-network,centrifuge-2,curve-dao-token,ethena,ether-fi,euler,falcon-finance-ff,hyperliquid,jupiter-exchange-solana,kamino,layerzero,morpho,ondo-finance,pendle,sky,syrup,uniswap,virtual-protocol&order=market_cap_desc&per_page=250&page=1&sparkline=false&price_change_percentage=24h%2C7d%2C30d%2C1y",third_party,high,Token-level market metric from CoinGecko; do not treat as protocol/product usage.
2026-10-07,Ethena,ENA token,Asset Management,24H Token Volume,392404751.0,USD,24H,CoinGecko markets,"https://api.coingecko.com/api/v3/coins/markets?vs_currency=usd&ids=aave,aerodrome-finance,canton-network,centrifuge-2,curve-dao-token,ethena,ether-fi,euler,falcon-finance-ff,hyperliquid,jupiter-exchange-solana,kamino,layerzero,morpho,ondo-finance,pendle,sky,syrup,uniswap,virtual-protocol&order=market_cap_desc&per_page=250&page=1&sparkline=false&price_change_percentage=24h%2C7d%2C30d%2C1y",third_party,high,Token-level market metric from CoinGecko; do not treat as protocol/product usage.
2026-10-07,Aave,AAVE token,Lending,24H Token Volume,338309354.0,USD,24H,CoinGecko markets,"https://api.coingecko.com/api/v3/coins/markets?vs_currency=usd&ids=aave,aerodrome-finance,canton-network,centrifuge-2,curve-dao-token,ethena,ether-fi,euler,falcon-finance-ff,hyperliquid,jupiter-exchange-solana,kamino,layerzero,morpho,ondo-finance,pendle,sky,syrup,uniswap,virtual-protocol&order=market_cap_desc&per_page=250&page=1&sparkline=false&price_change_percentage=24h%2C7d%2C30d%2C1y",third_party,high,Token-level market metric from CoinGecko; do not treat as protocol/product usage.
2026-10-07,Ondo,ONDO token,Tokenization,24H Token Volume,191341065.0,USD,24H,CoinGecko markets,"https://api.coingecko.com/api/v3/coins/markets?vs_currency=usd&ids=aave,aerodrome-finance,canton-network,centrifuge-2,curve-dao-token,ethena,ether-fi,euler,falcon-finance-ff,hyperliquid,jupiter-exchange-solana,kamino,layerzero,morpho,ondo-finance,pendle,sky,syrup,uniswap,virtual-protocol&order=market_cap_desc&per_page=250&page=1&sparkline=false&price_change_percentage=24h%2C7d%2C30d%2C1y",third_party,high,Token-level market metric from CoinGecko; do not treat as protocol/product usage.
2026-10-07,LayerZero,ZRO token,Infra,24H Token Volume,119653895.0,USD,24H,CoinGecko markets,"https://api.coingecko.com/api/v3/coins/markets?vs_currency=usd&ids=aave,aerodrome-finance,canton-network,centrifuge-2,curve-dao-token,ethena,ether-fi,euler,falcon-finance-ff,hyperliquid,jupiter-exchange-solana,kamino,layerzero,morpho,ondo-finance,pendle,sky,syrup,uniswap,virtual-protocol&order=market_cap_desc&per_page=250&page=1&sparkline=false&price_change_percentage=24h%2C7d%2C30d%2C1y",third_party,high,Token-level market metric from CoinGecko; do not treat as protocol/product usage.
2026-10-07,Virtuals,VIRTUAL token,AI,24H Token Volume,99600922.0,USD,24H,CoinGecko markets,"https://api.coingecko.com/api/v3/coins/markets?vs_currency=usd&ids=aave,aerodrome-finance,canton-network,centrifuge-2,curve-dao-token,ethena,ether-fi,euler,falcon-finance-ff,hyperliquid,jupiter-exchange-solana,kamino,layerzero,morpho,ondo-finance,pendle,sky,syrup,uniswap,virtual-protocol&order=market_cap_desc&per_page=250&page=1&sparkline=false&price_change_percentage=24h%2C7d%2C30d%2C1y",third_party,high,Token-level market metric from CoinGecko; do not treat as protocol/product usage.
2026-10-07,Jupiter,JUP token,Spot,24H Token Volume,89871603.0,USD,24H,CoinGecko markets,"https://api.coingecko.com/api/v3/coins/markets?vs_currency=usd&ids=aave,aerodrome-finance,canton-network,centrifuge-2,curve-dao-token,ethena,ether-fi,euler,falcon-finance-ff,hyperliquid,jupiter-exchange-solana,kamino,layerzero,morpho,ondo-finance,pendle,sky,syrup,uniswap,virtual-protocol&order=market_cap_desc&per_page=250&page=1&sparkline=false&price_change_percentage=24h%2C7d%2C30d%2C1y",third_party,high,Token-level market metric from CoinGecko; do not treat as protocol/product usage.
2026-10-07,Pendle,PENDLE token,Derivatives,24H Token Volume,66564490.0,USD,24H,CoinGecko markets,"https://api.coingecko.com/api/v3/coins/markets?vs_currency=usd&ids=aave,aerodrome-finance,canton-network,centrifuge-2,curve-dao-token,ethena,ether-fi,euler,falcon-finance-ff,hyperliquid,jupiter-exchange-solana,kamino,layerzero,morpho,ondo-finance,pendle,sky,syrup,uniswap,virtual-protocol&order=market_cap_desc&per_page=250&page=1&sparkline=false&price_change_percentage=24h%2C7d%2C30d%2C1y",third_party,high,Token-level market metric from CoinGecko; do not treat as protocol/product usage.
2026-10-07,Curve,CRV token,Spot,24H Token Volume,63218974.0,USD,24H,CoinGecko markets,"https://api.coingecko.com/api/v3/coins/markets?vs_currency=usd&ids=aave,aerodrome-finance,canton-network,centrifuge-2,curve-dao-token,ethena,ether-fi,euler,falcon-finance-ff,hyperliquid,jupiter-exchange-solana,kamino,layerzero,morpho,ondo-finance,pendle,sky,syrup,uniswap,virtual-protocol&order=market_cap_desc&per_page=250&page=1&sparkline=false&price_change_percentage=24h%2C7d%2C30d%2C1y",third_party,high,Token-level market metric from CoinGecko; do not treat as protocol/product usage.
2026-10-07,EtherFi,ETHFI token,Asset Management,24H Token Volume,62353962.0,USD,24H,CoinGecko markets,"https://api.coingecko.com/api/v3/coins/markets?vs_currency=usd&ids=aave,aerodrome-finance,canton-network,centrifuge-2,curve-dao-token,ethena,ether-fi,euler,falcon-finance-ff,hyperliquid,jupiter-exchange-solana,kamino,layerzero,morpho,ondo-finance,pendle,sky,syrup,uniswap,virtual-protocol&order=market_cap_desc&per_page=250&page=1&sparkline=false&price_change_percentage=24h%2C7d%2C30d%2C1y",third_party,high,Token-level market metric from CoinGecko; do not treat as protocol/product usage.
2026-10-07,Aerodrome,AERO token,Spot,24H Token Volume,45897164.0,USD,24H,CoinGecko markets,"https://api.coingecko.com/api/v3/coins/markets?vs_currency=usd&ids=aave,aerodrome-finance,canton-network,centrifuge-2,curve-dao-token,ethena,ether-fi,euler,falcon-finance-ff,hyperliquid,jupiter-exchange-solana,kamino,layerzero,morpho,ondo-finance,pendle,sky,syrup,uniswap,virtual-protocol&order=market_cap_desc&per_page=250&page=1&sparkline=false&price_change_percentage=24h%2C7d%2C30d%2C1y",third_party,high,Token-level market metric from CoinGecko; do not treat as protocol/product usage.
2026-10-07,Sky,SKY token,Lending,24H Token Volume,22492277.0,USD,24H,CoinGecko markets,"https://api.coingecko.com/api/v3/coins/markets?vs_currency=usd&ids=aave,aerodrome-finance,canton-network,centrifuge-2,curve-dao-token,ethena,ether-fi,euler,falcon-finance-ff,hyperliquid,jupiter-exchange-solana,kamino,layerzero,morpho,ondo-finance,pendle,sky,syrup,uniswap,virtual-protocol&order=market_cap_desc&per_page=250&page=1&sparkline=false&price_change_percentage=24h%2C7d%2C30d%2C1y",third_party,high,Token-level market metric from CoinGecko; do not treat as protocol/product usage.
2026-10-07,Morpho,MORPHO token,Lending,24H Token Volume,21499879.0,USD,24H,CoinGecko markets,"https://api.coingecko.com/api/v3/coins/markets?vs_currency=usd&ids=aave,aerodrome-finance,canton-network,centrifuge-2,curve-dao-token,ethena,ether-fi,euler,falcon-finance-ff,hyperliquid,jupiter-exchange-solana,kamino,layerzero,morpho,ondo-finance,pendle,sky,syrup,uniswap,virtual-protocol&order=market_cap_desc&per_page=250&page=1&sparkline=false&price_change_percentage=24h%2C7d%2C30d%2C1y",third_party,high,Token-level market metric from CoinGecko; do not treat as protocol/product usage.
2026-10-07,Canton,CC token,Infra,24H Token Volume,12765766.0,USD,24H,CoinGecko markets,"https://api.coingecko.com/api/v3/coins/markets?vs_currency=usd&ids=aave,aerodrome-finance,canton-network,centrifuge-2,curve-dao-token,ethena,ether-fi,euler,falcon-finance-ff,hyperliquid,jupiter-exchange-solana,kamino,layerzero,morpho,ondo-finance,pendle,sky,syrup,uniswap,virtual-protocol&order=market_cap_desc&per_page=250&page=1&sparkline=false&price_change_percentage=24h%2C7d%2C30d%2C1y",third_party,high,Token-level market metric from CoinGecko; do not treat as protocol/product usage.
2026-10-07,Centrifuge,CFG token,Tokenization,24H Token Volume,9662724.0,USD,24H,CoinGecko markets,"https://api.coingecko.com/api/v3/coins/markets?vs_currency=usd&ids=aave,aerodrome-finance,canton-network,centrifuge-2,curve-dao-token,ethena,ether-fi,euler,falcon-finance-ff,hyperliquid,jupiter-exchange-solana,kamino,layerzero,morpho,ondo-finance,pendle,sky,syrup,uniswap,virtual-protocol&order=market_cap_desc&per_page=250&page=1&sparkline=false&price_change_percentage=24h%2C7d%2C30d%2C1y",third_party,high,Token-level market metric from CoinGecko; do not treat as protocol/product usage.
2026-10-07,Maple,SYRUP token,Tokenization,24H Token Volume,9123655.0,USD,24H,CoinGecko markets,"https://api.coingecko.com/api/v3/coins/markets?vs_currency=usd&ids=aave,aerodrome-finance,canton-network,centrifuge-2,curve-dao-token,ethena,ether-fi,euler,falcon-finance-ff,hyperliquid,jupiter-exchange-solana,kamino,layerzero,morpho,ondo-finance,pendle,sky,syrup,uniswap,virtual-protocol&order=market_cap_desc&per_page=250&page=1&sparkline=false&price_change_percentage=24h%2C7d%2C30d%2C1y",third_party,high,Token-level market metric from CoinGecko; do not treat as protocol/product usage.
2026-10-07,Kamino,KMNO token,Lending,24H Token Volume,5396762.0,USD,24H,CoinGecko markets,"https://api.coingecko.com/api/v3/coins/markets?vs_currency=usd&ids=aave,aerodrome-finance,canton-network,centrifuge-2,curve-dao-token,ethena,ether-fi,euler,falcon-finance-ff,hyperliquid,jupiter-exchange-solana,kamino,layerzero,morpho,ondo-finance,pendle,sky,syrup,uniswap,virtual-protocol&order=market_cap_desc&per_page=250&page=1&sparkline=false&price_change_percentage=24h%2C7d%2C30d%2C1y",third_party,high,Token-level market metric from CoinGecko; do not treat as protocol/product usage.
2026-10-07,Falcon,FF token,Asset Management,24H Token Volume,4826261.0,USD,24H,CoinGecko markets,"https://api.coingecko.com/api/v3/coins/markets?vs_currency=usd&ids=aave,aerodrome-finance,canton-network,centrifuge-2,curve-dao-token,ethena,ether-fi,euler,falcon-finance-ff,hyperliquid,jupiter-exchange-solana,kamino,layerzero,morpho,ondo-finance,pendle,sky,syrup,uniswap,virtual-protocol&order=market_cap_desc&per_page=250&page=1&sparkline=false&price_change_percentage=24h%2C7d%2C30d%2C1y",third_party,high,Token-level market metric from CoinGecko; do not treat as protocol/product usage.
2026-10-07,Euler,EUL token,Lending,24H Token Volume,2953359.0,USD,24H,CoinGecko markets,"https://api.coingecko.com/api/v3/coins/markets?vs_currency=usd&ids=aave,aerodrome-finance,canton-network,centrifuge-2,curve-dao-token,ethena,ether-fi,euler,falcon-finance-ff,hyperliquid,jupiter-exchange-solana,kamino,layerzero,morpho,ondo-finance,pendle,sky,syrup,uniswap,virtual-protocol&order=market_cap_desc&per_page=250&page=1&sparkline=false&price_change_percentage=24h%2C7d%2C30d%2C1y",third_party,high,Token-level market metric from CoinGecko; do not treat as protocol/product usage.
2026-10-07,Uniswap,Uniswap V3,Spot,30D DEX Volume,42475387060.0,USD,30D,DefiLlama DEX overview,https://api.llama.fi/overview/dexs,third_party,high,DEX volume is source-comparable only for DEX records.
2026-10-07,Uniswap,Uniswap V4,Spot,30D DEX Volume,42227640570.0,USD,30D,DefiLlama DEX overview,https://api.llama.fi/overview/dexs,third_party,high,DEX volume is source-comparable only for DEX records.
2026-10-07,Aerodrome,Aerodrome Slipstream,Spot,30D DEX Volume,14039982500.0,USD,30D,DefiLlama DEX overview,https://api.llama.fi/overview/dexs,third_party,high,DEX volume is source-comparable only for DEX records.
2026-10-07,Curve,Curve Finance,Spot,30D DEX Volume,3102833626.0,USD,30D,DefiLlama DEX overview,https://api.llama.fi/overview/dexs,third_party,high,DEX volume is source-comparable only for DEX records.
2026-10-07,Uniswap,Uniswap V2,Spot,30D DEX Volume,1643278730.0,USD,30D,DefiLlama DEX overview,https://api.llama.fi/overview/dexs,third_party,high,DEX volume is source-comparable only for DEX records.
2026-10-07,Aerodrome,Aerodrome V1,Spot,30D DEX Volume,430024535.0,USD,30D,DefiLlama DEX overview,https://api.llama.fi/overview/dexs,third_party,high,DEX volume is source-comparable only for DEX records.
2026-10-07,Uniswap,Uniswap V3,Spot,30D DEX Volume Share,13.2376,%,30D,DefiLlama DEX overview,https://api.llama.fi/overview/dexs,third_party,high,"Share of all DefiLlama-tracked DEX volume over 30D; record-level, not project-blended."
2026-10-07,Uniswap,Uniswap V4,Spot,30D DEX Volume Share,13.1604,%,30D,DefiLlama DEX overview,https://api.llama.fi/overview/dexs,third_party,high,"Share of all DefiLlama-tracked DEX volume over 30D; record-level, not project-blended."
2026-10-07,Aerodrome,Aerodrome Slipstream,Spot,30D DEX Volume Share,4.3756,%,30D,DefiLlama DEX overview,https://api.llama.fi/overview/dexs,third_party,high,"Share of all DefiLlama-tracked DEX volume over 30D; record-level, not project-blended."
2026-10-07,Curve,Curve Finance,Spot,30D DEX Volume Share,0.967,%,30D,DefiLlama DEX overview,https://api.llama.fi/overview/dexs,third_party,high,"Share of all DefiLlama-tracked DEX volume over 30D; record-level, not project-blended."
2026-10-07,Uniswap,Uniswap V2,Spot,30D DEX Volume Share,0.5121,%,30D,DefiLlama DEX overview,https://api.llama.fi/overview/dexs,third_party,high,"Share of all DefiLlama-tracked DEX volume over 30D; record-level, not project-blended."
2026-10-07,Aerodrome,Aerodrome V1,Spot,30D DEX Volume Share,0.134,%,30D,DefiLlama DEX overview,https://api.llama.fi/overview/dexs,third_party,high,"Share of all DefiLlama-tracked DEX volume over 30D; record-level, not project-blended."
2026-10-07,Hyperliquid,Hyperliquid Perps,Derivatives,30D Derivatives Volume,100345212785.95,USD,30D,Hyperliquid info API,https://api.hyperliquid.xyz/info,third_party,high,Rolling 16-day perp volume from native API daily snapshots (target: 30 days). Source: Hyperliquid info API.
2026-10-07,Centrifuge,Centrifuge,Tokenization,30D Fee Growth,762.55,%,30D,DefiLlama fees overview,https://api.llama.fi/overview/fees,third_party,high,Fee growth precomputed by DefiLlama (current window vs prior window).
2026-10-07,Aerodrome,Aerodrome V1,Spot,30D Fee Growth,375.58,%,30D,DefiLlama fees overview,https://api.llama.fi/overview/fees,third_party,high,Fee growth precomputed by DefiLlama (current window vs prior window).
2026-10-07,Pendle,Pendle Boros,Derivatives,30D Fee Growth,190.7,%,30D,DefiLlama fees overview,https://api.llama.fi/overview/fees,third_party,medium,Fee growth precomputed by DefiLlama (current window vs prior window).
2026-10-07,LayerZero,LayerZero V2,Infra,30D Fee Growth,121.16,%,30D,DefiLlama fees overview,https://api.llama.fi/overview/fees,third_party,medium,Fee growth precomputed by DefiLlama (current window vs prior window).
2026-10-07,Aave,Aave V4,Lending,30D Fee Growth,95.59,%,30D,DefiLlama fees overview,https://api.llama.fi/overview/fees,third_party,medium,Fee growth precomputed by DefiLlama (current window vs prior window).
2026-10-07,Aerodrome,Aerodrome Slipstream,Spot,30D Fee Growth,75.61,%,30D,DefiLlama fees overview,https://api.llama.fi/overview/fees,third_party,high,Fee growth precomputed by DefiLlama (current window vs prior window).
2026-10-07,Pendle,Pendle,Derivatives,30D Fee Growth,52.5,%,30D,DefiLlama fees overview,https://api.llama.fi/overview/fees,third_party,high,Fee growth precomputed by DefiLlama (current window vs prior window).
2026-10-07,Aave,Aave V3,Lending,30D Fee Growth,27.13,%,30D,DefiLlama fees overview,https://api.llama.fi/overview/fees,third_party,high,Fee growth precomputed by DefiLlama (current window vs prior window).
2026-10-07,Hyperliquid,Hyperliquid HLP,Derivatives,30D Fee Growth,5.09,%,30D,DefiLlama fees overview,https://api.llama.fi/overview/fees,third_party,medium,Fee growth precomputed by DefiLlama (current window vs prior window).
2026-10-07,Uniswap,Uniswap V2,Spot,30D Fee Growth,-47.61,%,30D,DefiLlama fees overview,https://api.llama.fi/overview/fees,third_party,high,Fee growth precomputed by DefiLlama (current window vs prior window).
2026-10-07,Virtuals,Virtuals Protocol,AI,30D Fee Growth,-55.76,%,30D,DefiLlama fees overview,https://api.llama.fi/overview/fees,third_party,medium,Fee growth precomputed by DefiLlama (current window vs prior window).
2026-10-07,Uniswap,Uniswap V3,Spot,30D Fee Growth,-65.28,%,30D,DefiLlama fees overview,https://api.llama.fi/overview/fees,third_party,high,Fee growth precomputed by DefiLlama (current window vs prior window).
2026-10-07,Uniswap,Uniswap V4,Spot,30D Fee Growth,-66.61,%,30D,DefiLlama fees overview,https://api.llama.fi/overview/fees,third_party,high,Fee growth precomputed by DefiLlama (current window vs prior window).
2026-10-07,Falcon,Falcon Finance,Asset Management,30D Fee Growth,-92.09,%,30D,DefiLlama fees overview,https://api.llama.fi/overview/fees,third_party,medium,Fee growth precomputed by DefiLlama (current window vs prior window).
2026-10-07,Uniswap,Uniswap V4,Spot,30D Fee Share,3.7365,%,30D,DefiLlama fees overview,https://api.llama.fi/overview/fees,third_party,high,"Share of all DefiLlama-tracked fees over 30D; record-level, summed per project in the dashboard."
2026-10-07,Uniswap,Uniswap V3,Spot,30D Fee Share,1.9002,%,30D,DefiLlama fees overview,https://api.llama.fi/overview/fees,third_party,high,"Share of all DefiLlama-tracked fees over 30D; record-level, summed per project in the dashboard."
2026-10-07,Aave,Aave V3,Lending,30D Fee Share,1.3761,%,30D,DefiLlama fees overview,https://api.llama.fi/overview/fees,third_party,high,"Share of all DefiLlama-tracked fees over 30D; record-level, summed per project in the dashboard."
2026-10-07,Aerodrome,Aerodrome Slipstream,Spot,30D Fee Share,0.6485,%,30D,DefiLlama fees overview,https://api.llama.fi/overview/fees,third_party,high,"Share of all DefiLlama-tracked fees over 30D; record-level, summed per project in the dashboard."
2026-10-07,Uniswap,Uniswap V2,Spot,30D Fee Share,0.1622,%,30D,DefiLlama fees overview,https://api.llama.fi/overview/fees,third_party,high,"Share of all DefiLlama-tracked fees over 30D; record-level, summed per project in the dashboard."
2026-10-07,Centrifuge,Centrifuge,Tokenization,30D Fee Share,0.1341,%,30D,DefiLlama fees overview,https://api.llama.fi/overview/fees,third_party,high,"Share of all DefiLlama-tracked fees over 30D; record-level, summed per project in the dashboard."
2026-10-07,Aerodrome,Aerodrome V1,Spot,30D Fee Share,0.0738,%,30D,DefiLlama fees overview,https://api.llama.fi/overview/fees,third_party,high,"Share of all DefiLlama-tracked fees over 30D; record-level, summed per project in the dashboard."
2026-10-07,Aave,Aave V4,Lending,30D Fee Share,0.0296,%,30D,DefiLlama fees overview,https://api.llama.fi/overview/fees,third_party,medium,"Share of all DefiLlama-tracked fees over 30D; record-level, summed per project in the dashboard."
2026-10-07,Pendle,Pendle,Derivatives,30D Fee Share,0.0207,%,30D,DefiLlama fees overview,https://api.llama.fi/overview/fees,third_party,high,"Share of all DefiLlama-tracked fees over 30D; record-level, summed per project in the dashboard."
2026-10-07,Hyperliquid,Hyperliquid HLP,Derivatives,30D Fee Share,0.0205,%,30D,DefiLlama fees overview,https://api.llama.fi/overview/fees,third_party,medium,"Share of all DefiLlama-tracked fees over 30D; record-level, summed per project in the dashboard."
2026-10-07,Virtuals,Virtuals Protocol,AI,30D Fee Share,0.0195,%,30D,DefiLlama fees overview,https://api.llama.fi/overview/fees,third_party,medium,"Share of all DefiLlama-tracked fees over 30D; record-level, summed per project in the dashboard."
2026-10-07,LayerZero,LayerZero V2,Infra,30D Fee Share,0.0109,%,30D,DefiLlama fees overview,https://api.llama.fi/overview/fees,third_party,medium,"Share of all DefiLlama-tracked fees over 30D; record-level, summed per project in the dashboard."
2026-10-07,Falcon,Falcon Finance,Asset Management,30D Fee Share,0.0096,%,30D,DefiLlama fees overview,https://api.llama.fi/overview/fees,third_party,medium,"Share of all DefiLlama-tracked fees over 30D; record-level, summed per project in the dashboard."
2026-10-07,Pendle,Pendle Boros,Derivatives,30D Fee Share,0.0013,%,30D,DefiLlama fees overview,https://api.llama.fi/overview/fees,third_party,medium,"Share of all DefiLlama-tracked fees over 30D; record-level, summed per project in the dashboard."
2026-10-07,Uniswap,Uniswap V4,Spot,30D Fees,99433705.0,USD,30D,DefiLlama fees,https://api.llama.fi/summary/fees/uniswap-v4?dataType=dailyFees,third_party,high,30D Fees from DefiLlama fees endpoint. Methodology should be reviewed before final citation.
2026-10-07,Hyperliquid,Hyperliquid Exchange,Derivatives,30D Fees,89334593.0,USD,30D,DefiLlama fees,https://api.llama.fi/summary/fees/hyperliquid?dataType=dailyFees,third_party,high,30D Fees from DefiLlama fees endpoint. Methodology should be reviewed before final citation.
2026-10-07,Uniswap,Uniswap V3,Spot,30D Fees,50568020.0,USD,30D,DefiLlama fees,https://api.llama.fi/summary/fees/uniswap-v3?dataType=dailyFees,third_party,high,30D Fees from DefiLlama fees endpoint. Methodology should be reviewed before final citation.
2026-10-07,Canton,Canton Network,Infra,30D Fees,48857312.0,USD,30D,DefiLlama fees,https://api.llama.fi/summary/fees/canton?dataType=dailyFees,third_party,medium,30D Fees from DefiLlama fees endpoint. Methodology should be reviewed before final citation.
2026-10-07,Aave,Aave V3,Lending,30D Fees,36619224.0,USD,30D,DefiLlama fees,https://api.llama.fi/summary/fees/aave-v3?dataType=dailyFees,third_party,high,30D Fees from DefiLlama fees endpoint. Methodology should be reviewed before final citation.
2026-10-07,Sky,Sky Lending,Lending,30D Fees,26942693.0,USD,30D,DefiLlama fees,https://api.llama.fi/summary/fees/sky-lending?dataType=dailyFees,third_party,high,30D Fees from DefiLlama fees endpoint. Methodology should be reviewed before final citation.
2026-10-07,Morpho,Morpho Blue,Lending,30D Fees,20118691.0,USD,30D,DefiLlama fees,https://api.llama.fi/summary/fees/morpho-blue?dataType=dailyFees,third_party,high,30D Fees from DefiLlama fees endpoint. Methodology should be reviewed before final citation.
2026-10-07,Aerodrome,Aerodrome V1,Spot,30D Fees,19234576.0,USD,30D,DefiLlama fees,https://api.llama.fi/summary/fees/aerodrome?dataType=dailyFees,third_party,high,30D Fees from DefiLlama fees endpoint. Methodology should be reviewed before final citation.
2026-10-07,Ethena,Ethena USDe,Asset Management,30D Fees,18338253.94,USD,30D,DefiLlama fees,https://api.llama.fi/summary/fees/ethena-usde?dataType=dailyFees,third_party,high,30D Fees from DefiLlama fees endpoint. Methodology should be reviewed before final citation.
2026-10-07,Aerodrome,Aerodrome Slipstream,Spot,30D Fees,17256985.0,USD,30D,DefiLlama fees,https://api.llama.fi/summary/fees/aerodrome-slipstream?dataType=dailyFees,third_party,high,30D Fees from DefiLlama fees endpoint. Methodology should be reviewed before final citation.
2026-10-07,Maple,Maple Finance,Lending,30D Fees,9491432.0,USD,30D,DefiLlama fees,https://api.llama.fi/summary/fees/maple?dataType=dailyFees,third_party,high,30D Fees from DefiLlama fees endpoint. Methodology should be reviewed before final citation.
2026-10-07,Jupiter,Jupiter Perpetual Exchange,Derivatives,30D Fees,7754218.0,USD,30D,DefiLlama fees,https://api.llama.fi/summary/fees/jupiter-perpetual-exchange?dataType=dailyFees,third_party,medium,30D Fees from DefiLlama fees endpoint. Methodology should be reviewed before final citation.
2026-10-07,Ondo,Ondo Yield Assets,Tokenization,30D Fees,6359579.0,USD,30D,DefiLlama fees,https://api.llama.fi/summary/fees/ondo-yield-assets?dataType=dailyFees,third_party,high,30D Fees from DefiLlama fees endpoint. Methodology should be reviewed before final citation.
2026-10-07,Kamino,Kamino,Lending,30D Fees,5028417.0,USD,30D,DefiLlama fees,https://api.llama.fi/summary/fees/kamino?dataType=dailyFees,third_party,high,30D Fees from DefiLlama fees endpoint. Methodology should be reviewed before final citation.
2026-10-07,Uniswap,Uniswap V2,Spot,30D Fees,4315277.0,USD,30D,DefiLlama fees,https://api.llama.fi/summary/fees/uniswap-v2?dataType=dailyFees,third_party,high,30D Fees from DefiLlama fees endpoint. Methodology should be reviewed before final citation.
2026-10-07,Curve,Curve Finance,Spot,30D Fees,3747840.06,USD,30D,DefiLlama fees,https://api.llama.fi/summary/fees/curve-finance?dataType=dailyFees,third_party,high,30D Fees from DefiLlama fees endpoint. Methodology should be reviewed before final citation.
2026-10-07,Centrifuge,Centrifuge,Tokenization,30D Fees,3569407.0,USD,30D,DefiLlama fees,https://api.llama.fi/summary/fees/centrifuge?dataType=dailyFees,third_party,high,30D Fees from DefiLlama fees endpoint. Methodology should be reviewed before final citation.
2026-10-07,Hyperliquid,Hyperliquid Spot Orderbook,Derivatives,30D Fees,2419067.0,USD,30D,DefiLlama fees,https://api.llama.fi/summary/fees/hyperliquid-spot-orderbook?dataType=dailyFees,third_party,medium,30D Fees from DefiLlama fees endpoint. Methodology should be reviewed before final citation.
2026-10-07,EtherFi,EtherFi Cash,Asset Management,30D Fees,2354780.0,USD,30D,DefiLlama fees,https://api.llama.fi/summary/fees/etherfi-cash-liquid?dataType=dailyFees,third_party,medium,30D Fees from DefiLlama fees endpoint. Methodology should be reviewed before final citation.
2026-10-07,Euler,Euler V2,Lending,30D Fees,1728595.0,USD,30D,DefiLlama fees,https://api.llama.fi/summary/fees/euler-v2?dataType=dailyFees,third_party,high,30D Fees from DefiLlama fees endpoint. Methodology should be reviewed before final citation.
2026-10-07,Aave,Aave V4,Lending,30D Fees,786436.0,USD,30D,DefiLlama fees,https://api.llama.fi/summary/fees/aave-v4?dataType=dailyFees,third_party,medium,30D Fees from DefiLlama fees endpoint. Methodology should be reviewed before final citation.
2026-10-07,Pendle,Pendle,Derivatives,30D Fees,585610.0,USD,30D,DefiLlama fees,https://api.llama.fi/summary/fees/pendle?dataType=dailyFees,third_party,high,30D Fees from DefiLlama fees endpoint. Methodology should be reviewed before final citation.
2026-10-07,Hyperliquid,Hyperliquid HLP,Derivatives,30D Fees,545440.0,USD,30D,DefiLlama fees,https://api.llama.fi/summary/fees/hyperliquid-hlp?dataType=dailyFees,third_party,medium,30D Fees from DefiLlama fees endpoint. Methodology should be reviewed before final citation.
2026-10-07,LayerZero,LayerZero V2,Infra,30D Fees,292357.0,USD,30D,DefiLlama fees,https://api.llama.fi/summary/fees/layerzero?dataType=dailyFees,third_party,medium,30D Fees from DefiLlama fees endpoint. Methodology should be reviewed before final citation.
2026-10-07,Falcon,Falcon Finance,Asset Management,30D Fees,254870.0,USD,30D,DefiLlama fees,https://api.llama.fi/summary/fees/falcon-finance?dataType=dailyFees,third_party,medium,30D Fees from DefiLlama fees endpoint. Methodology should be reviewed before final citation.
2026-10-07,Pendle,Pendle Boros,Derivatives,30D Fees,33446.0,USD,30D,DefiLlama fees,https://api.llama.fi/summary/fees/boros?dataType=dailyFees,third_party,medium,30D Fees from DefiLlama fees endpoint. Methodology should be reviewed before final citation.
2026-10-07,Hyperliquid,Hyperliquid Exchange,Derivatives,30D Holders Revenue,72546124.0,USD,30D,DefiLlama fees,https://api.llama.fi/summary/fees/hyperliquid?dataType=dailyHoldersRevenue,third_party,high,30D Holders Revenue from DefiLlama fees endpoint. Methodology should be reviewed before final citation.
2026-10-07,Canton,Canton Network,Infra,30D Holders Revenue,48857312.0,USD,30D,DefiLlama fees,https://api.llama.fi/summary/fees/canton?dataType=dailyHoldersRevenue,third_party,medium,30D Holders Revenue from DefiLlama fees endpoint. Methodology should be reviewed before final citation.
2026-10-07,Aerodrome,Aerodrome V1,Spot,30D Holders Revenue,15212969.0,USD,30D,DefiLlama fees,https://api.llama.fi/summary/fees/aerodrome?dataType=dailyHoldersRevenue,third_party,high,30D Holders Revenue from DefiLlama fees endpoint. Methodology should be reviewed before final citation.
2026-10-07,Aerodrome,Aerodrome Slipstream,Spot,30D Holders Revenue,13896001.0,USD,30D,DefiLlama fees,https://api.llama.fi/summary/fees/aerodrome-slipstream?dataType=dailyHoldersRevenue,third_party,high,30D Holders Revenue from DefiLlama fees endpoint. Methodology should be reviewed before final citation.
2026-10-07,Uniswap,Uniswap V3,Spot,30D Holders Revenue,12253509.0,USD,30D,DefiLlama fees,https://api.llama.fi/summary/fees/uniswap-v3?dataType=dailyHoldersRevenue,third_party,high,30D Holders Revenue from DefiLlama fees endpoint. Methodology should be reviewed before final citation.
2026-10-07,Sky,Sky Lending,Lending,30D Holders Revenue,5490928.0,USD,30D,DefiLlama fees,https://api.llama.fi/summary/fees/sky-lending?dataType=dailyHoldersRevenue,third_party,high,30D Holders Revenue from DefiLlama fees endpoint. Methodology should be reviewed before final citation.
2026-10-07,Hyperliquid,Hyperliquid Spot Orderbook,Derivatives,30D Holders Revenue,1903173.0,USD,30D,DefiLlama fees,https://api.llama.fi/summary/fees/hyperliquid-spot-orderbook?dataType=dailyHoldersRevenue,third_party,medium,30D Holders Revenue from DefiLlama fees endpoint. Methodology should be reviewed before final citation.
2026-10-07,Curve,Curve Finance,Spot,30D Holders Revenue,1516962.0,USD,30D,DefiLlama fees,https://api.llama.fi/summary/fees/curve-finance?dataType=dailyHoldersRevenue,third_party,high,30D Holders Revenue from DefiLlama fees endpoint. Methodology should be reviewed before final citation.
2026-10-07,Jupiter,Jupiter Perpetual Exchange,Derivatives,30D Holders Revenue,969274.0,USD,30D,DefiLlama fees,https://api.llama.fi/summary/fees/jupiter-perpetual-exchange?dataType=dailyHoldersRevenue,third_party,medium,30D Holders Revenue from DefiLlama fees endpoint. Methodology should be reviewed before final citation.
2026-10-07,Pendle,Pendle,Derivatives,30D Holders Revenue,436426.0,USD,30D,DefiLlama fees,https://api.llama.fi/summary/fees/pendle?dataType=dailyHoldersRevenue,third_party,high,30D Holders Revenue from DefiLlama fees endpoint. Methodology should be reviewed before final citation.
2026-10-07,Maple,Maple Finance,Lending,30D Holders Revenue,141898.0,USD,30D,DefiLlama fees,https://api.llama.fi/summary/fees/maple?dataType=dailyHoldersRevenue,third_party,high,30D Holders Revenue from DefiLlama fees endpoint. Methodology should be reviewed before final citation.
2026-10-07,Euler,Euler V2,Lending,30D Holders Revenue,0.03,USD,30D,DefiLlama fees,https://api.llama.fi/summary/fees/euler-v2?dataType=dailyHoldersRevenue,third_party,high,30D Holders Revenue from DefiLlama fees endpoint. Methodology should be reviewed before final citation.
2026-10-07,Hyperliquid,Hyperliquid Exchange,Derivatives,30D Revenue,72546124.0,USD,30D,DefiLlama fees,https://api.llama.fi/summary/fees/hyperliquid?dataType=dailyRevenue,third_party,high,30D Revenue from DefiLlama fees endpoint. Methodology should be reviewed before final citation.
2026-10-07,Canton,Canton Network,Infra,30D Revenue,48857312.0,USD,30D,DefiLlama fees,https://api.llama.fi/summary/fees/canton?dataType=dailyRevenue,third_party,medium,30D Revenue from DefiLlama fees endpoint. Methodology should be reviewed before final citation.
2026-10-07,Aerodrome,Aerodrome V1,Spot,30D Revenue,15212969.0,USD,30D,DefiLlama fees,https://api.llama.fi/summary/fees/aerodrome?dataType=dailyRevenue,third_party,high,30D Revenue from DefiLlama fees endpoint. Methodology should be reviewed before final citation.
2026-10-07,Aerodrome,Aerodrome Slipstream,Spot,30D Revenue,13896001.0,USD,30D,DefiLlama fees,https://api.llama.fi/summary/fees/aerodrome-slipstream?dataType=dailyRevenue,third_party,high,30D Revenue from DefiLlama fees endpoint. Methodology should be reviewed before final citation.
2026-10-07,Sky,Sky Lending,Lending,30D Revenue,13481137.0,USD,30D,DefiLlama fees,https://api.llama.fi/summary/fees/sky-lending?dataType=dailyRevenue,third_party,high,30D Revenue from DefiLlama fees endpoint. Methodology should be reviewed before final citation.
2026-10-07,Uniswap,Uniswap V3,Spot,30D Revenue,12253509.0,USD,30D,DefiLlama fees,https://api.llama.fi/summary/fees/uniswap-v3?dataType=dailyRevenue,third_party,high,30D Revenue from DefiLlama fees endpoint. Methodology should be reviewed before final citation.
2026-10-07,Aave,Aave V3,Lending,30D Revenue,4668422.0,USD,30D,DefiLlama fees,https://api.llama.fi/summary/fees/aave-v3?dataType=dailyRevenue,third_party,high,30D Revenue from DefiLlama fees endpoint. Methodology should be reviewed before final citation.
2026-10-07,Jupiter,Jupiter Perpetual Exchange,Derivatives,30D Revenue,1938557.0,USD,30D,DefiLlama fees,https://api.llama.fi/summary/fees/jupiter-perpetual-exchange?dataType=dailyRevenue,third_party,medium,30D Revenue from DefiLlama fees endpoint. Methodology should be reviewed before final citation.
2026-10-07,Hyperliquid,Hyperliquid Spot Orderbook,Derivatives,30D Revenue,1903173.0,USD,30D,DefiLlama fees,https://api.llama.fi/summary/fees/hyperliquid-spot-orderbook?dataType=dailyRevenue,third_party,medium,30D Revenue from DefiLlama fees endpoint. Methodology should be reviewed before final citation.
2026-10-07,EtherFi,EtherFi Cash,Asset Management,30D Revenue,1770899.0,USD,30D,DefiLlama fees,https://api.llama.fi/summary/fees/etherfi-cash-liquid?dataType=dailyRevenue,third_party,medium,30D Revenue from DefiLlama fees endpoint. Methodology should be reviewed before final citation.
2026-10-07,Curve,Curve Finance,Spot,30D Revenue,1578030.0,USD,30D,DefiLlama fees,https://api.llama.fi/summary/fees/curve-finance?dataType=dailyRevenue,third_party,high,30D Revenue from DefiLlama fees endpoint. Methodology should be reviewed before final citation.
2026-10-07,Maple,Maple Finance,Lending,30D Revenue,1418978.0,USD,30D,DefiLlama fees,https://api.llama.fi/summary/fees/maple?dataType=dailyRevenue,third_party,high,30D Revenue from DefiLlama fees endpoint. Methodology should be reviewed before final citation.
2026-10-07,Kamino,Kamino,Lending,30D Revenue,652620.0,USD,30D,DefiLlama fees,https://api.llama.fi/summary/fees/kamino?dataType=dailyRevenue,third_party,high,30D Revenue from DefiLlama fees endpoint. Methodology should be reviewed before final citation.
2026-10-07,Pendle,Pendle,Derivatives,30D Revenue,578934.0,USD,30D,DefiLlama fees,https://api.llama.fi/summary/fees/pendle?dataType=dailyRevenue,third_party,high,30D Revenue from DefiLlama fees endpoint. Methodology should be reviewed before final citation.
2026-10-07,Centrifuge,Centrifuge,Tokenization,30D Revenue,385996.0,USD,30D,DefiLlama fees,https://api.llama.fi/summary/fees/centrifuge?dataType=dailyRevenue,third_party,high,30D Revenue from DefiLlama fees endpoint. Methodology should be reviewed before final citation.
2026-10-07,Aave,Aave V4,Lending,30D Revenue,116151.0,USD,30D,DefiLlama fees,https://api.llama.fi/summary/fees/aave-v4?dataType=dailyRevenue,third_party,medium,30D Revenue from DefiLlama fees endpoint. Methodology should be reviewed before final citation.
2026-10-07,Euler,Euler V2,Lending,30D Revenue,73686.0,USD,30D,DefiLlama fees,https://api.llama.fi/summary/fees/euler-v2?dataType=dailyRevenue,third_party,high,30D Revenue from DefiLlama fees endpoint. Methodology should be reviewed before final citation.
2026-10-07,Pendle,Pendle Boros,Derivatives,30D Revenue,33401.0,USD,30D,DefiLlama fees,https://api.llama.fi/summary/fees/boros?dataType=dailyRevenue,third_party,medium,30D Revenue from DefiLlama fees endpoint. Methodology should be reviewed before final citation.
2026-10-07,Ethena,Ethena USDe,Asset Management,30D Revenue,17847.66,USD,30D,DefiLlama fees,https://api.llama.fi/summary/fees/ethena-usde?dataType=dailyRevenue,third_party,high,30D Revenue from DefiLlama fees endpoint. Methodology should be reviewed before final citation.
2026-10-07,LayerZero,ZRO token,Infra,30D Token Performance,91.3841,%,30D,CoinGecko markets,"https://api.coingecko.com/api/v3/coins/markets?vs_currency=usd&ids=aave,aerodrome-finance,canton-network,centrifuge-2,curve-dao-token,ethena,ether-fi,euler,falcon-finance-ff,hyperliquid,jupiter-exchange-solana,kamino,layerzero,morpho,ondo-finance,pendle,sky,syrup,uniswap,virtual-protocol&order=market_cap_desc&per_page=250&page=1&sparkline=false&price_change_percentage=24h%2C7d%2C30d%2C1y",third_party,high,"Token price change; market sentiment, not product adoption."
2026-10-07,Kamino,KMNO token,Lending,30D Token Performance,50.3075,%,30D,CoinGecko markets,"https://api.coingecko.com/api/v3/coins/markets?vs_currency=usd&ids=aave,aerodrome-finance,canton-network,centrifuge-2,curve-dao-token,ethena,ether-fi,euler,falcon-finance-ff,hyperliquid,jupiter-exchange-solana,kamino,layerzero,morpho,ondo-finance,pendle,sky,syrup,uniswap,virtual-protocol&order=market_cap_desc&per_page=250&page=1&sparkline=false&price_change_percentage=24h%2C7d%2C30d%2C1y",third_party,high,"Token price change; market sentiment, not product adoption."
2026-10-07,Aerodrome,AERO token,Spot,30D Token Performance,41.1862,%,30D,CoinGecko markets,"https://api.coingecko.com/api/v3/coins/markets?vs_currency=usd&ids=aave,aerodrome-finance,canton-network,centrifuge-2,curve-dao-token,ethena,ether-fi,euler,falcon-finance-ff,hyperliquid,jupiter-exchange-solana,kamino,layerzero,morpho,ondo-finance,pendle,sky,syrup,uniswap,virtual-protocol&order=market_cap_desc&per_page=250&page=1&sparkline=false&price_change_percentage=24h%2C7d%2C30d%2C1y",third_party,high,"Token price change; market sentiment, not product adoption."
2026-10-07,Ethena,ENA token,Asset Management,30D Token Performance,38.0572,%,30D,CoinGecko markets,"https://api.coingecko.com/api/v3/coins/markets?vs_currency=usd&ids=aave,aerodrome-finance,canton-network,centrifuge-2,curve-dao-token,ethena,ether-fi,euler,falcon-finance-ff,hyperliquid,jupiter-exchange-solana,kamino,layerzero,morpho,ondo-finance,pendle,sky,syrup,uniswap,virtual-protocol&order=market_cap_desc&per_page=250&page=1&sparkline=false&price_change_percentage=24h%2C7d%2C30d%2C1y",third_party,high,"Token price change; market sentiment, not product adoption."
2026-10-07,Aave,AAVE token,Lending,30D Token Performance,31.4156,%,30D,CoinGecko markets,"https://api.coingecko.com/api/v3/coins/markets?vs_currency=usd&ids=aave,aerodrome-finance,canton-network,centrifuge-2,curve-dao-token,ethena,ether-fi,euler,falcon-finance-ff,hyperliquid,jupiter-exchange-solana,kamino,layerzero,morpho,ondo-finance,pendle,sky,syrup,uniswap,virtual-protocol&order=market_cap_desc&per_page=250&page=1&sparkline=false&price_change_percentage=24h%2C7d%2C30d%2C1y",third_party,high,"Token price change; market sentiment, not product adoption."
2026-10-07,Jupiter,JUP token,Spot,30D Token Performance,27.6149,%,30D,CoinGecko markets,"https://api.coingecko.com/api/v3/coins/markets?vs_currency=usd&ids=aave,aerodrome-finance,canton-network,centrifuge-2,curve-dao-token,ethena,ether-fi,euler,falcon-finance-ff,hyperliquid,jupiter-exchange-solana,kamino,layerzero,morpho,ondo-finance,pendle,sky,syrup,uniswap,virtual-protocol&order=market_cap_desc&per_page=250&page=1&sparkline=false&price_change_percentage=24h%2C7d%2C30d%2C1y",third_party,high,"Token price change; market sentiment, not product adoption."
2026-10-07,EtherFi,ETHFI token,Asset Management,30D Token Performance,23.5683,%,30D,CoinGecko markets,"https://api.coingecko.com/api/v3/coins/markets?vs_currency=usd&ids=aave,aerodrome-finance,canton-network,centrifuge-2,curve-dao-token,ethena,ether-fi,euler,falcon-finance-ff,hyperliquid,jupiter-exchange-solana,kamino,layerzero,morpho,ondo-finance,pendle,sky,syrup,uniswap,virtual-protocol&order=market_cap_desc&per_page=250&page=1&sparkline=false&price_change_percentage=24h%2C7d%2C30d%2C1y",third_party,high,"Token price change; market sentiment, not product adoption."
2026-10-07,Ondo,ONDO token,Tokenization,30D Token Performance,22.9758,%,30D,CoinGecko markets,"https://api.coingecko.com/api/v3/coins/markets?vs_currency=usd&ids=aave,aerodrome-finance,canton-network,centrifuge-2,curve-dao-token,ethena,ether-fi,euler,falcon-finance-ff,hyperliquid,jupiter-exchange-solana,kamino,layerzero,morpho,ondo-finance,pendle,sky,syrup,uniswap,virtual-protocol&order=market_cap_desc&per_page=250&page=1&sparkline=false&price_change_percentage=24h%2C7d%2C30d%2C1y",third_party,high,"Token price change; market sentiment, not product adoption."
2026-10-07,Sky,SKY token,Lending,30D Token Performance,17.7521,%,30D,CoinGecko markets,"https://api.coingecko.com/api/v3/coins/markets?vs_currency=usd&ids=aave,aerodrome-finance,canton-network,centrifuge-2,curve-dao-token,ethena,ether-fi,euler,falcon-finance-ff,hyperliquid,jupiter-exchange-solana,kamino,layerzero,morpho,ondo-finance,pendle,sky,syrup,uniswap,virtual-protocol&order=market_cap_desc&per_page=250&page=1&sparkline=false&price_change_percentage=24h%2C7d%2C30d%2C1y",third_party,high,"Token price change; market sentiment, not product adoption."
2026-10-07,Uniswap,UNI token,Spot,30D Token Performance,15.5074,%,30D,CoinGecko markets,"https://api.coingecko.com/api/v3/coins/markets?vs_currency=usd&ids=aave,aerodrome-finance,canton-network,centrifuge-2,curve-dao-token,ethena,ether-fi,euler,falcon-finance-ff,hyperliquid,jupiter-exchange-solana,kamino,layerzero,morpho,ondo-finance,pendle,sky,syrup,uniswap,virtual-protocol&order=market_cap_desc&per_page=250&page=1&sparkline=false&price_change_percentage=24h%2C7d%2C30d%2C1y",third_party,high,"Token price change; market sentiment, not product adoption."
2026-10-07,Centrifuge,CFG token,Tokenization,30D Token Performance,15.2287,%,30D,CoinGecko markets,"https://api.coingecko.com/api/v3/coins/markets?vs_currency=usd&ids=aave,aerodrome-finance,canton-network,centrifuge-2,curve-dao-token,ethena,ether-fi,euler,falcon-finance-ff,hyperliquid,jupiter-exchange-solana,kamino,layerzero,morpho,ondo-finance,pendle,sky,syrup,uniswap,virtual-protocol&order=market_cap_desc&per_page=250&page=1&sparkline=false&price_change_percentage=24h%2C7d%2C30d%2C1y",third_party,high,"Token price change; market sentiment, not product adoption."
2026-10-07,Canton,CC token,Infra,30D Token Performance,13.4694,%,30D,CoinGecko markets,"https://api.coingecko.com/api/v3/coins/markets?vs_currency=usd&ids=aave,aerodrome-finance,canton-network,centrifuge-2,curve-dao-token,ethena,ether-fi,euler,falcon-finance-ff,hyperliquid,jupiter-exchange-solana,kamino,layerzero,morpho,ondo-finance,pendle,sky,syrup,uniswap,virtual-protocol&order=market_cap_desc&per_page=250&page=1&sparkline=false&price_change_percentage=24h%2C7d%2C30d%2C1y",third_party,high,"Token price change; market sentiment, not product adoption."
2026-10-07,Pendle,PENDLE token,Derivatives,30D Token Performance,8.2099,%,30D,CoinGecko markets,"https://api.coingecko.com/api/v3/coins/markets?vs_currency=usd&ids=aave,aerodrome-finance,canton-network,centrifuge-2,curve-dao-token,ethena,ether-fi,euler,falcon-finance-ff,hyperliquid,jupiter-exchange-solana,kamino,layerzero,morpho,ondo-finance,pendle,sky,syrup,uniswap,virtual-protocol&order=market_cap_desc&per_page=250&page=1&sparkline=false&price_change_percentage=24h%2C7d%2C30d%2C1y",third_party,high,"Token price change; market sentiment, not product adoption."
2026-10-07,Virtuals,VIRTUAL token,AI,30D Token Performance,7.1255,%,30D,CoinGecko markets,"https://api.coingecko.com/api/v3/coins/markets?vs_currency=usd&ids=aave,aerodrome-finance,canton-network,centrifuge-2,curve-dao-token,ethena,ether-fi,euler,falcon-finance-ff,hyperliquid,jupiter-exchange-solana,kamino,layerzero,morpho,ondo-finance,pendle,sky,syrup,uniswap,virtual-protocol&order=market_cap_desc&per_page=250&page=1&sparkline=false&price_change_percentage=24h%2C7d%2C30d%2C1y",third_party,high,"Token price change; market sentiment, not product adoption."
2026-10-07,Euler,EUL token,Lending,30D Token Performance,5.7897,%,30D,CoinGecko markets,"https://api.coingecko.com/api/v3/coins/markets?vs_currency=usd&ids=aave,aerodrome-finance,canton-network,centrifuge-2,curve-dao-token,ethena,ether-fi,euler,falcon-finance-ff,hyperliquid,jupiter-exchange-solana,kamino,layerzero,morpho,ondo-finance,pendle,sky,syrup,uniswap,virtual-protocol&order=market_cap_desc&per_page=250&page=1&sparkline=false&price_change_percentage=24h%2C7d%2C30d%2C1y",third_party,high,"Token price change; market sentiment, not product adoption."
2026-10-07,Maple,SYRUP token,Tokenization,30D Token Performance,4.0427,%,30D,CoinGecko markets,"https://api.coingecko.com/api/v3/coins/markets?vs_currency=usd&ids=aave,aerodrome-finance,canton-network,centrifuge-2,curve-dao-token,ethena,ether-fi,euler,falcon-finance-ff,hyperliquid,jupiter-exchange-solana,kamino,layerzero,morpho,ondo-finance,pendle,sky,syrup,uniswap,virtual-protocol&order=market_cap_desc&per_page=250&page=1&sparkline=false&price_change_percentage=24h%2C7d%2C30d%2C1y",third_party,high,"Token price change; market sentiment, not product adoption."
2026-10-07,Hyperliquid,HYPE token,Derivatives,30D Token Performance,3.1797,%,30D,CoinGecko markets,"https://api.coingecko.com/api/v3/coins/markets?vs_currency=usd&ids=aave,aerodrome-finance,canton-network,centrifuge-2,curve-dao-token,ethena,ether-fi,euler,falcon-finance-ff,hyperliquid,jupiter-exchange-solana,kamino,layerzero,morpho,ondo-finance,pendle,sky,syrup,uniswap,virtual-protocol&order=market_cap_desc&per_page=250&page=1&sparkline=false&price_change_percentage=24h%2C7d%2C30d%2C1y",third_party,high,"Token price change; market sentiment, not product adoption."
2026-10-07,Morpho,MORPHO token,Lending,30D Token Performance,1.4139,%,30D,CoinGecko markets,"https://api.coingecko.com/api/v3/coins/markets?vs_currency=usd&ids=aave,aerodrome-finance,canton-network,centrifuge-2,curve-dao-token,ethena,ether-fi,euler,falcon-finance-ff,hyperliquid,jupiter-exchange-solana,kamino,layerzero,morpho,ondo-finance,pendle,sky,syrup,uniswap,virtual-protocol&order=market_cap_desc&per_page=250&page=1&sparkline=false&price_change_percentage=24h%2C7d%2C30d%2C1y",third_party,high,"Token price change; market sentiment, not product adoption."
2026-10-07,Curve,CRV token,Spot,30D Token Performance,-6.0119,%,30D,CoinGecko markets,"https://api.coingecko.com/api/v3/coins/markets?vs_currency=usd&ids=aave,aerodrome-finance,canton-network,centrifuge-2,curve-dao-token,ethena,ether-fi,euler,falcon-finance-ff,hyperliquid,jupiter-exchange-solana,kamino,layerzero,morpho,ondo-finance,pendle,sky,syrup,uniswap,virtual-protocol&order=market_cap_desc&per_page=250&page=1&sparkline=false&price_change_percentage=24h%2C7d%2C30d%2C1y",third_party,high,"Token price change; market sentiment, not product adoption."
2026-10-07,Falcon,FF token,Asset Management,30D Token Performance,-8.4089,%,30D,CoinGecko markets,"https://api.coingecko.com/api/v3/coins/markets?vs_currency=usd&ids=aave,aerodrome-finance,canton-network,centrifuge-2,curve-dao-token,ethena,ether-fi,euler,falcon-finance-ff,hyperliquid,jupiter-exchange-solana,kamino,layerzero,morpho,ondo-finance,pendle,sky,syrup,uniswap,virtual-protocol&order=market_cap_desc&per_page=250&page=1&sparkline=false&price_change_percentage=24h%2C7d%2C30d%2C1y",third_party,high,"Token price change; market sentiment, not product adoption."
2026-10-07,Uniswap,Uniswap V4,Spot,7D DEX Volume,9550554873.0,USD,7D,DefiLlama DEX overview,https://api.llama.fi/overview/dexs,third_party,high,DEX volume is source-comparable only for DEX records.
2026-10-07,Uniswap,Uniswap V3,Spot,7D DEX Volume,7593376651.0,USD,7D,DefiLlama DEX overview,https://api.llama.fi/overview/dexs,third_party,high,DEX volume is source-comparable only for DEX records.
2026-10-07,Aerodrome,Aerodrome Slipstream,Spot,7D DEX Volume,3810022036.0,USD,7D,DefiLlama DEX overview,https://api.llama.fi/overview/dexs,third_party,high,DEX volume is source-comparable only for DEX records.
2026-10-07,Curve,Curve Finance,Spot,7D DEX Volume,643145611.0,USD,7D,DefiLlama DEX overview,https://api.llama.fi/overview/dexs,third_party,high,DEX volume is source-comparable only for DEX records.
2026-10-07,Uniswap,Uniswap V2,Spot,7D DEX Volume,197341485.0,USD,7D,DefiLlama DEX overview,https://api.llama.fi/overview/dexs,third_party,high,DEX volume is source-comparable only for DEX records.
2026-10-07,Aerodrome,Aerodrome V1,Spot,7D DEX Volume,65825917.0,USD,7D,DefiLlama DEX overview,https://api.llama.fi/overview/dexs,third_party,high,DEX volume is source-comparable only for DEX records.
2026-10-07,Pendle,Pendle,Derivatives,7D Fee Growth,42.15,%,7D,DefiLlama fees overview,https://api.llama.fi/overview/fees,third_party,high,Fee growth precomputed by DefiLlama (current window vs prior window).
2026-10-07,Aave,Aave V4,Lending,7D Fee Growth,5.75,%,7D,DefiLlama fees overview,https://api.llama.fi/overview/fees,third_party,medium,Fee growth precomputed by DefiLlama (current window vs prior window).
2026-10-07,Aave,Aave V3,Lending,7D Fee Growth,2.29,%,7D,DefiLlama fees overview,https://api.llama.fi/overview/fees,third_party,high,Fee growth precomputed by DefiLlama (current window vs prior window).
2026-10-07,Uniswap,Uniswap V4,Spot,7D Fee Growth,-6.53,%,7D,DefiLlama fees overview,https://api.llama.fi/overview/fees,third_party,high,Fee growth precomputed by DefiLlama (current window vs prior window).
2026-10-07,Aerodrome,Aerodrome Slipstream,Spot,7D Fee Growth,-6.83,%,7D,DefiLlama fees overview,https://api.llama.fi/overview/fees,third_party,high,Fee growth precomputed by DefiLlama (current window vs prior window).
2026-10-07,LayerZero,LayerZero V2,Infra,7D Fee Growth,-8.12,%,7D,DefiLlama fees overview,https://api.llama.fi/overview/fees,third_party,medium,Fee growth precomputed by DefiLlama (current window vs prior window).
2026-10-07,Virtuals,Virtuals Protocol,AI,7D Fee Growth,-8.98,%,7D,DefiLlama fees overview,https://api.llama.fi/overview/fees,third_party,medium,Fee growth precomputed by DefiLlama (current window vs prior window).
2026-10-07,Falcon,Falcon Finance,Asset Management,7D Fee Growth,-9.52,%,7D,DefiLlama fees overview,https://api.llama.fi/overview/fees,third_party,medium,Fee growth precomputed by DefiLlama (current window vs prior window).
2026-10-07,Uniswap,Uniswap V2,Spot,7D Fee Growth,-11.79,%,7D,DefiLlama fees overview,https://api.llama.fi/overview/fees,third_party,high,Fee growth precomputed by DefiLlama (current window vs prior window).
2026-10-07,Aerodrome,Aerodrome V1,Spot,7D Fee Growth,-17.13,%,7D,DefiLlama fees overview,https://api.llama.fi/overview/fees,third_party,high,Fee growth precomputed by DefiLlama (current window vs prior window).
2026-10-07,Hyperliquid,Hyperliquid HLP,Derivatives,7D Fee Growth,-18.92,%,7D,DefiLlama fees overview,https://api.llama.fi/overview/fees,third_party,medium,Fee growth precomputed by DefiLlama (current window vs prior window).
2026-10-07,Uniswap,Uniswap V3,Spot,7D Fee Growth,-36.07,%,7D,DefiLlama fees overview,https://api.llama.fi/overview/fees,third_party,high,Fee growth precomputed by DefiLlama (current window vs prior window).
2026-10-07,Pendle,Pendle Boros,Derivatives,7D Fee Growth,-36.7,%,7D,DefiLlama fees overview,https://api.llama.fi/overview/fees,third_party,medium,Fee growth precomputed by DefiLlama (current window vs prior window).
2026-10-07,Centrifuge,Centrifuge,Tokenization,7D Fee Growth,-39.07,%,7D,DefiLlama fees overview,https://api.llama.fi/overview/fees,third_party,high,Fee growth precomputed by DefiLlama (current window vs prior window).
2026-10-07,Uniswap,Uniswap V4,Spot,7D Fee Share,3.2863,%,7D,DefiLlama fees overview,https://api.llama.fi/overview/fees,third_party,high,"Share of all DefiLlama-tracked fees over 7D; record-level, summed per project in the dashboard."
2026-10-07,Aave,Aave V3,Lending,7D Fee Share,1.5054,%,7D,DefiLlama fees overview,https://api.llama.fi/overview/fees,third_party,high,"Share of all DefiLlama-tracked fees over 7D; record-level, summed per project in the dashboard."
2026-10-07,Uniswap,Uniswap V3,Spot,7D Fee Share,1.1849,%,7D,DefiLlama fees overview,https://api.llama.fi/overview/fees,third_party,high,"Share of all DefiLlama-tracked fees over 7D; record-level, summed per project in the dashboard."
2026-10-07,Aerodrome,Aerodrome Slipstream,Spot,7D Fee Share,0.3747,%,7D,DefiLlama fees overview,https://api.llama.fi/overview/fees,third_party,high,"Share of all DefiLlama-tracked fees over 7D; record-level, summed per project in the dashboard."
2026-10-07,Uniswap,Uniswap V2,Spot,7D Fee Share,0.1029,%,7D,DefiLlama fees overview,https://api.llama.fi/overview/fees,third_party,high,"Share of all DefiLlama-tracked fees over 7D; record-level, summed per project in the dashboard."
2026-10-07,Aerodrome,Aerodrome V1,Spot,7D Fee Share,0.0701,%,7D,DefiLlama fees overview,https://api.llama.fi/overview/fees,third_party,high,"Share of all DefiLlama-tracked fees over 7D; record-level, summed per project in the dashboard."
2026-10-07,Centrifuge,Centrifuge,Tokenization,7D Fee Share,0.0541,%,7D,DefiLlama fees overview,https://api.llama.fi/overview/fees,third_party,high,"Share of all DefiLlama-tracked fees over 7D; record-level, summed per project in the dashboard."
2026-10-07,Aave,Aave V4,Lending,7D Fee Share,0.0364,%,7D,DefiLlama fees overview,https://api.llama.fi/overview/fees,third_party,medium,"Share of all DefiLlama-tracked fees over 7D; record-level, summed per project in the dashboard."
2026-10-07,Virtuals,Virtuals Protocol,AI,7D Fee Share,0.0198,%,7D,DefiLlama fees overview,https://api.llama.fi/overview/fees,third_party,medium,"Share of all DefiLlama-tracked fees over 7D; record-level, summed per project in the dashboard."
2026-10-07,Hyperliquid,Hyperliquid HLP,Derivatives,7D Fee Share,0.0178,%,7D,DefiLlama fees overview,https://api.llama.fi/overview/fees,third_party,medium,"Share of all DefiLlama-tracked fees over 7D; record-level, summed per project in the dashboard."
2026-10-07,Pendle,Pendle,Derivatives,7D Fee Share,0.0168,%,7D,DefiLlama fees overview,https://api.llama.fi/overview/fees,third_party,high,"Share of all DefiLlama-tracked fees over 7D; record-level, summed per project in the dashboard."
2026-10-07,LayerZero,LayerZero V2,Infra,7D Fee Share,0.0108,%,7D,DefiLlama fees overview,https://api.llama.fi/overview/fees,third_party,medium,"Share of all DefiLlama-tracked fees over 7D; record-level, summed per project in the dashboard."
2026-10-07,Falcon,Falcon Finance,Asset Management,7D Fee Share,0.0083,%,7D,DefiLlama fees overview,https://api.llama.fi/overview/fees,third_party,medium,"Share of all DefiLlama-tracked fees over 7D; record-level, summed per project in the dashboard."
2026-10-07,Pendle,Pendle Boros,Derivatives,7D Fee Share,0.0007,%,7D,DefiLlama fees overview,https://api.llama.fi/overview/fees,third_party,medium,"Share of all DefiLlama-tracked fees over 7D; record-level, summed per project in the dashboard."
2026-10-07,Uniswap,Uniswap V4,Spot,7D Fees,19292561.0,USD,7D,DefiLlama fees,https://api.llama.fi/summary/fees/uniswap-v4?dataType=dailyFees,third_party,high,7D Fees from the same DefiLlama fees response as the 30D figure.
2026-10-07,Hyperliquid,Hyperliquid Exchange,Derivatives,7D Fees,17355012.0,USD,7D,DefiLlama fees,https://api.llama.fi/summary/fees/hyperliquid?dataType=dailyFees,third_party,high,7D Fees from the same DefiLlama fees response as the 30D figure.
2026-10-07,Canton,Canton Network,Infra,7D Fees,12159293.0,USD,7D,DefiLlama fees,https://api.llama.fi/summary/fees/canton?dataType=dailyFees,third_party,medium,7D Fees from the same DefiLlama fees response as the 30D figure.
2026-10-07,Aave,Aave V3,Lending,7D Fees,8837535.0,USD,7D,DefiLlama fees,https://api.llama.fi/summary/fees/aave-v3?dataType=dailyFees,third_party,high,7D Fees from the same DefiLlama fees response as the 30D figure.
2026-10-07,Uniswap,Uniswap V3,Spot,7D Fees,6956428.0,USD,7D,DefiLlama fees,https://api.llama.fi/summary/fees/uniswap-v3?dataType=dailyFees,third_party,high,7D Fees from the same DefiLlama fees response as the 30D figure.
2026-10-07,Sky,Sky Lending,Lending,7D Fees,6361320.0,USD,7D,DefiLlama fees,https://api.llama.fi/summary/fees/sky-lending?dataType=dailyFees,third_party,high,7D Fees from the same DefiLlama fees response as the 30D figure.
2026-10-07,Morpho,Morpho Blue,Lending,7D Fees,4859621.0,USD,7D,DefiLlama fees,https://api.llama.fi/summary/fees/morpho-blue?dataType=dailyFees,third_party,high,7D Fees from the same DefiLlama fees response as the 30D figure.
2026-10-07,Ethena,Ethena USDe,Asset Management,7D Fees,3446285.67,USD,7D,DefiLlama fees,https://api.llama.fi/summary/fees/ethena-usde?dataType=dailyFees,third_party,high,7D Fees from the same DefiLlama fees response as the 30D figure.
2026-10-07,Aerodrome,Aerodrome V1,Spot,7D Fees,2614724.0,USD,7D,DefiLlama fees,https://api.llama.fi/summary/fees/aerodrome?dataType=dailyFees,third_party,high,7D Fees from the same DefiLlama fees response as the 30D figure.
2026-10-07,Aerodrome,Aerodrome Slipstream,Spot,7D Fees,2199539.0,USD,7D,DefiLlama fees,https://api.llama.fi/summary/fees/aerodrome-slipstream?dataType=dailyFees,third_party,high,7D Fees from the same DefiLlama fees response as the 30D figure.
2026-10-07,Maple,Maple Finance,Lending,7D Fees,1978696.0,USD,7D,DefiLlama fees,https://api.llama.fi/summary/fees/maple?dataType=dailyFees,third_party,high,7D Fees from the same DefiLlama fees response as the 30D figure.
2026-10-07,Ondo,Ondo Yield Assets,Tokenization,7D Fees,1575007.0,USD,7D,DefiLlama fees,https://api.llama.fi/summary/fees/ondo-yield-assets?dataType=dailyFees,third_party,high,7D Fees from the same DefiLlama fees response as the 30D figure.
2026-10-07,Jupiter,Jupiter Perpetual Exchange,Derivatives,7D Fees,1417278.0,USD,7D,DefiLlama fees,https://api.llama.fi/summary/fees/jupiter-perpetual-exchange?dataType=dailyFees,third_party,medium,7D Fees from the same DefiLlama fees response as the 30D figure.
2026-10-07,Kamino,Kamino,Lending,7D Fees,1257377.0,USD,7D,DefiLlama fees,https://api.llama.fi/summary/fees/kamino?dataType=dailyFees,third_party,high,7D Fees from the same DefiLlama fees response as the 30D figure.
2026-10-07,Curve,Curve Finance,Spot,7D Fees,634061.34,USD,7D,DefiLlama fees,https://api.llama.fi/summary/fees/curve-finance?dataType=dailyFees,third_party,high,7D Fees from the same DefiLlama fees response as the 30D figure.
2026-10-07,Uniswap,Uniswap V2,Spot,7D Fees,604094.0,USD,7D,DefiLlama fees,https://api.llama.fi/summary/fees/uniswap-v2?dataType=dailyFees,third_party,high,7D Fees from the same DefiLlama fees response as the 30D figure.
2026-10-07,EtherFi,EtherFi Cash,Asset Management,7D Fees,532488.0,USD,7D,DefiLlama fees,https://api.llama.fi/summary/fees/etherfi-cash-liquid?dataType=dailyFees,third_party,medium,7D Fees from the same DefiLlama fees response as the 30D figure.
2026-10-07,Euler,Euler V2,Lending,7D Fees,409590.0,USD,7D,DefiLlama fees,https://api.llama.fi/summary/fees/euler-v2?dataType=dailyFees,third_party,high,7D Fees from the same DefiLlama fees response as the 30D figure.
2026-10-07,Hyperliquid,Hyperliquid Spot Orderbook,Derivatives,7D Fees,380186.0,USD,7D,DefiLlama fees,https://api.llama.fi/summary/fees/hyperliquid-spot-orderbook?dataType=dailyFees,third_party,medium,7D Fees from the same DefiLlama fees response as the 30D figure.
2026-10-07,Centrifuge,Centrifuge,Tokenization,7D Fees,317697.0,USD,7D,DefiLlama fees,https://api.llama.fi/summary/fees/centrifuge?dataType=dailyFees,third_party,high,7D Fees from the same DefiLlama fees response as the 30D figure.
2026-10-07,Aave,Aave V4,Lending,7D Fees,213954.0,USD,7D,DefiLlama fees,https://api.llama.fi/summary/fees/aave-v4?dataType=dailyFees,third_party,medium,7D Fees from the same DefiLlama fees response as the 30D figure.
2026-10-07,Hyperliquid,Hyperliquid HLP,Derivatives,7D Fees,104551.0,USD,7D,DefiLlama fees,https://api.llama.fi/summary/fees/hyperliquid-hlp?dataType=dailyFees,third_party,medium,7D Fees from the same DefiLlama fees response as the 30D figure.
2026-10-07,Pendle,Pendle,Derivatives,7D Fees,102433.0,USD,7D,DefiLlama fees,https://api.llama.fi/summary/fees/pendle?dataType=dailyFees,third_party,high,7D Fees from the same DefiLlama fees response as the 30D figure.
2026-10-07,LayerZero,LayerZero V2,Infra,7D Fees,64783.0,USD,7D,DefiLlama fees,https://api.llama.fi/summary/fees/layerzero?dataType=dailyFees,third_party,medium,7D Fees from the same DefiLlama fees response as the 30D figure.
2026-10-07,Falcon,Falcon Finance,Asset Management,7D Fees,48954.0,USD,7D,DefiLlama fees,https://api.llama.fi/summary/fees/falcon-finance?dataType=dailyFees,third_party,medium,7D Fees from the same DefiLlama fees response as the 30D figure.
2026-10-07,Pendle,Pendle Boros,Derivatives,7D Fees,3972.0,USD,7D,DefiLlama fees,https://api.llama.fi/summary/fees/boros?dataType=dailyFees,third_party,medium,7D Fees from the same DefiLlama fees response as the 30D figure.
2026-10-07,Hyperliquid,Hyperliquid Exchange,Derivatives,7D Revenue,14117664.0,USD,7D,DefiLlama fees,https://api.llama.fi/summary/fees/hyperliquid?dataType=dailyRevenue,third_party,high,7D Revenue from the same DefiLlama fees response as the 30D figure.
2026-10-07,Canton,Canton Network,Infra,7D Revenue,12159293.0,USD,7D,DefiLlama fees,https://api.llama.fi/summary/fees/canton?dataType=dailyRevenue,third_party,medium,7D Revenue from the same DefiLlama fees response as the 30D figure.
2026-10-07,Sky,Sky Lending,Lending,7D Revenue,3118894.0,USD,7D,DefiLlama fees,https://api.llama.fi/summary/fees/sky-lending?dataType=dailyRevenue,third_party,high,7D Revenue from the same DefiLlama fees response as the 30D figure.
2026-10-07,Aerodrome,Aerodrome V1,Spot,7D Revenue,1756521.0,USD,7D,DefiLlama fees,https://api.llama.fi/summary/fees/aerodrome?dataType=dailyRevenue,third_party,high,7D Revenue from the same DefiLlama fees response as the 30D figure.
2026-10-07,Uniswap,Uniswap V3,Spot,7D Revenue,1735495.0,USD,7D,DefiLlama fees,https://api.llama.fi/summary/fees/uniswap-v3?dataType=dailyRevenue,third_party,high,7D Revenue from the same DefiLlama fees response as the 30D figure.
2026-10-07,Aerodrome,Aerodrome Slipstream,Spot,7D Revenue,1445931.0,USD,7D,DefiLlama fees,https://api.llama.fi/summary/fees/aerodrome-slipstream?dataType=dailyRevenue,third_party,high,7D Revenue from the same DefiLlama fees response as the 30D figure.
2026-10-07,Aave,Aave V3,Lending,7D Revenue,1101561.0,USD,7D,DefiLlama fees,https://api.llama.fi/summary/fees/aave-v3?dataType=dailyRevenue,third_party,high,7D Revenue from the same DefiLlama fees response as the 30D figure.
2026-10-07,EtherFi,EtherFi Cash,Asset Management,7D Revenue,478281.0,USD,7D,DefiLlama fees,https://api.llama.fi/summary/fees/etherfi-cash-liquid?dataType=dailyRevenue,third_party,medium,7D Revenue from the same DefiLlama fees response as the 30D figure.
2026-10-07,Jupiter,Jupiter Perpetual Exchange,Derivatives,7D Revenue,354320.0,USD,7D,DefiLlama fees,https://api.llama.fi/summary/fees/jupiter-perpetual-exchange?dataType=dailyRevenue,third_party,medium,7D Revenue from the same DefiLlama fees response as the 30D figure.
2026-10-07,Maple,Maple Finance,Lending,7D Revenue,317070.0,USD,7D,DefiLlama fees,https://api.llama.fi/summary/fees/maple?dataType=dailyRevenue,third_party,high,7D Revenue from the same DefiLlama fees response as the 30D figure.
2026-10-07,Hyperliquid,Hyperliquid Spot Orderbook,Derivatives,7D Revenue,296752.0,USD,7D,DefiLlama fees,https://api.llama.fi/summary/fees/hyperliquid-spot-orderbook?dataType=dailyRevenue,third_party,medium,7D Revenue from the same DefiLlama fees response as the 30D figure.
2026-10-07,Curve,Curve Finance,Spot,7D Revenue,273383.0,USD,7D,DefiLlama fees,https://api.llama.fi/summary/fees/curve-finance?dataType=dailyRevenue,third_party,high,7D Revenue from the same DefiLlama fees response as the 30D figure.
2026-10-07,Kamino,Kamino,Lending,7D Revenue,161082.0,USD,7D,DefiLlama fees,https://api.llama.fi/summary/fees/kamino?dataType=dailyRevenue,third_party,high,7D Revenue from the same DefiLlama fees response as the 30D figure.
2026-10-07,Pendle,Pendle,Derivatives,7D Revenue,100939.0,USD,7D,DefiLlama fees,https://api.llama.fi/summary/fees/pendle?dataType=dailyRevenue,third_party,high,7D Revenue from the same DefiLlama fees response as the 30D figure.
2026-10-07,Centrifuge,Centrifuge,Tokenization,7D Revenue,75077.0,USD,7D,DefiLlama fees,https://api.llama.fi/summary/fees/centrifuge?dataType=dailyRevenue,third_party,high,7D Revenue from the same DefiLlama fees response as the 30D figure.
2026-10-07,Aave,Aave V4,Lending,7D Revenue,30592.0,USD,7D,DefiLlama fees,https://api.llama.fi/summary/fees/aave-v4?dataType=dailyRevenue,third_party,medium,7D Revenue from the same DefiLlama fees response as the 30D figure.
2026-10-07,Euler,Euler V2,Lending,7D Revenue,17831.0,USD,7D,DefiLlama fees,https://api.llama.fi/summary/fees/euler-v2?dataType=dailyRevenue,third_party,high,7D Revenue from the same DefiLlama fees response as the 30D figure.
2026-10-07,Pendle,Pendle Boros,Derivatives,7D Revenue,3971.0,USD,7D,DefiLlama fees,https://api.llama.fi/summary/fees/boros?dataType=dailyRevenue,third_party,medium,7D Revenue from the same DefiLlama fees response as the 30D figure.
2026-10-07,Ethena,Ethena USDe,Asset Management,7D Revenue,1871.67,USD,7D,DefiLlama fees,https://api.llama.fi/summary/fees/ethena-usde?dataType=dailyRevenue,third_party,high,7D Revenue from the same DefiLlama fees response as the 30D figure.
2026-10-07,Falcon,Falcon Finance,Asset Management,7D TVL Growth,36.7841,%,7D,DefiLlama protocol,https://api.llama.fi/protocols,third_party,medium,"Point-in-time TVL change over 7 days, precomputed by DefiLlama."
2026-10-07,Uniswap,Uniswap V4,Spot,7D TVL Growth,7.281,%,7D,DefiLlama protocol,https://api.llama.fi/protocols,third_party,high,"Point-in-time TVL change over 7 days, precomputed by DefiLlama."
2026-10-07,Sky,Sky Lending,Lending,7D TVL Growth,2.6751,%,7D,DefiLlama protocol,https://api.llama.fi/protocols,third_party,high,"Point-in-time TVL change over 7 days, precomputed by DefiLlama."
2026-10-07,Maple,Maple Finance,Lending,7D TVL Growth,2.1511,%,7D,DefiLlama protocol,https://api.llama.fi/protocols,third_party,high,"Point-in-time TVL change over 7 days, precomputed by DefiLlama."
2026-10-07,Aave,Aave V4,Lending,7D TVL Growth,1.5881,%,7D,DefiLlama protocol,https://api.llama.fi/protocols,third_party,medium,"Point-in-time TVL change over 7 days, precomputed by DefiLlama."
2026-10-07,Sky,Sky Money,Asset Management,7D TVL Growth,0.982,%,7D,DefiLlama protocol,https://api.llama.fi/protocols,third_party,medium,"Point-in-time TVL change over 7 days, precomputed by DefiLlama."
2026-10-07,Ethena,Ethena USDe,Asset Management,7D TVL Growth,0.8552,%,7D,DefiLlama protocol,https://api.llama.fi/protocols,third_party,high,"Point-in-time TVL change over 7 days, precomputed by DefiLlama."
2026-10-07,Morpho,Morpho Blue,Lending,7D TVL Growth,0.5865,%,7D,DefiLlama protocol,https://api.llama.fi/protocols,third_party,high,"Point-in-time TVL change over 7 days, precomputed by DefiLlama."
2026-10-07,EtherFi,EtherFi Cash,Asset Management,7D TVL Growth,0.3118,%,7D,DefiLlama protocol,https://api.llama.fi/protocols,third_party,medium,"Point-in-time TVL change over 7 days, precomputed by DefiLlama."
2026-10-07,Ethena,Ethena USDtb,Asset Management,7D TVL Growth,-0.8361,%,7D,DefiLlama protocol,https://api.llama.fi/protocols,third_party,medium,"Point-in-time TVL change over 7 days, precomputed by DefiLlama."
2026-10-07,Uniswap,Uniswap V2,Spot,7D TVL Growth,-0.8709,%,7D,DefiLlama protocol,https://api.llama.fi/protocols,third_party,high,"Point-in-time TVL change over 7 days, precomputed by DefiLlama."
2026-10-07,Aerodrome,Aerodrome V1,Spot,7D TVL Growth,-1.013,%,7D,DefiLlama protocol,https://api.llama.fi/protocols,third_party,high,"Point-in-time TVL change over 7 days, precomputed by DefiLlama."
2026-10-07,Jupiter,Jupiter Perpetual Exchange,Derivatives,7D TVL Growth,-1.0455,%,7D,DefiLlama protocol,https://api.llama.fi/protocols,third_party,medium,"Point-in-time TVL change over 7 days, precomputed by DefiLlama."
2026-10-07,Jupiter,Jupiter Lend,Lending,7D TVL Growth,-1.5175,%,7D,DefiLlama protocol,https://api.llama.fi/protocols,third_party,medium,"Point-in-time TVL change over 7 days, precomputed by DefiLlama."
2026-10-07,Hyperliquid,Hyperliquid HLP,Derivatives,7D TVL Growth,-1.5488,%,7D,DefiLlama protocol,https://api.llama.fi/protocols,third_party,medium,"Point-in-time TVL change over 7 days, precomputed by DefiLlama."
2026-10-07,Sky,Sky RWA,Tokenization,7D TVL Growth,-1.7059,%,7D,DefiLlama protocol,https://api.llama.fi/protocols,third_party,medium,"Point-in-time TVL change over 7 days, precomputed by DefiLlama."
2026-10-07,Hyperliquid,Hyperliquid Spot Orderbook,Derivatives,7D TVL Growth,-1.8505,%,7D,DefiLlama protocol,https://api.llama.fi/protocols,third_party,medium,"Point-in-time TVL change over 7 days, precomputed by DefiLlama."
2026-10-07,Jupiter,Jupiter Staked SOL,Asset Management,7D TVL Growth,-1.8512,%,7D,DefiLlama protocol,https://api.llama.fi/protocols,third_party,medium,"Point-in-time TVL change over 7 days, precomputed by DefiLlama."
2026-10-07,Aerodrome,Aerodrome Slipstream,Spot,7D TVL Growth,-2.497,%,7D,DefiLlama protocol,https://api.llama.fi/protocols,third_party,high,"Point-in-time TVL change over 7 days, precomputed by DefiLlama."
2026-10-07,Aave,Aave V3,Lending,7D TVL Growth,-2.6495,%,7D,DefiLlama protocol,https://api.llama.fi/protocols,third_party,high,"Point-in-time TVL change over 7 days, precomputed by DefiLlama."
2026-10-07,Curve,Curve Finance,Spot,7D TVL Growth,-3.4497,%,7D,DefiLlama protocol,https://api.llama.fi/protocols,third_party,high,"Point-in-time TVL change over 7 days, precomputed by DefiLlama."
2026-10-07,Kamino,Kamino,Lending,7D TVL Growth,-3.4872,%,7D,DefiLlama protocol,https://api.llama.fi/protocols,third_party,high,"Point-in-time TVL change over 7 days, precomputed by DefiLlama."
2026-10-07,Uniswap,Uniswap V3,Spot,7D TVL Growth,-3.7861,%,7D,DefiLlama protocol,https://api.llama.fi/protocols,third_party,high,"Point-in-time TVL change over 7 days, precomputed by DefiLlama."
2026-10-07,Euler,Euler V2,Lending,7D TVL Growth,-8.8727,%,7D,DefiLlama protocol,https://api.llama.fi/protocols,third_party,high,"Point-in-time TVL change over 7 days, precomputed by DefiLlama."
2026-10-07,LayerZero,ZRO token,Infra,7D Token Performance,23.7984,%,7D,CoinGecko markets,"https://api.coingecko.com/api/v3/coins/markets?vs_currency=usd&ids=aave,aerodrome-finance,canton-network,centrifuge-2,curve-dao-token,ethena,ether-fi,euler,falcon-finance-ff,hyperliquid,jupiter-exchange-solana,kamino,layerzero,morpho,ondo-finance,pendle,sky,syrup,uniswap,virtual-protocol&order=market_cap_desc&per_page=250&page=1&sparkline=false&price_change_percentage=24h%2C7d%2C30d%2C1y",third_party,high,"Token price change; market sentiment, not product adoption."
2026-10-07,Aave,AAVE token,Lending,7D Token Performance,7.3293,%,7D,CoinGecko markets,"https://api.coingecko.com/api/v3/coins/markets?vs_currency=usd&ids=aave,aerodrome-finance,canton-network,centrifuge-2,curve-dao-token,ethena,ether-fi,euler,falcon-finance-ff,hyperliquid,jupiter-exchange-solana,kamino,layerzero,morpho,ondo-finance,pendle,sky,syrup,uniswap,virtual-protocol&order=market_cap_desc&per_page=250&page=1&sparkline=false&price_change_percentage=24h%2C7d%2C30d%2C1y",third_party,high,"Token price change; market sentiment, not product adoption."
2026-10-07,Sky,SKY token,Lending,7D Token Performance,1.2727,%,7D,CoinGecko markets,"https://api.coingecko.com/api/v3/coins/markets?vs_currency=usd&ids=aave,aerodrome-finance,canton-network,centrifuge-2,curve-dao-token,ethena,ether-fi,euler,falcon-finance-ff,hyperliquid,jupiter-exchange-solana,kamino,layerzero,morpho,ondo-finance,pendle,sky,syrup,uniswap,virtual-protocol&order=market_cap_desc&per_page=250&page=1&sparkline=false&price_change_percentage=24h%2C7d%2C30d%2C1y",third_party,high,"Token price change; market sentiment, not product adoption."
2026-10-07,Hyperliquid,HYPE token,Derivatives,7D Token Performance,0.1928,%,7D,CoinGecko markets,"https://api.coingecko.com/api/v3/coins/markets?vs_currency=usd&ids=aave,aerodrome-finance,canton-network,centrifuge-2,curve-dao-token,ethena,ether-fi,euler,falcon-finance-ff,hyperliquid,jupiter-exchange-solana,kamino,layerzero,morpho,ondo-finance,pendle,sky,syrup,uniswap,virtual-protocol&order=market_cap_desc&per_page=250&page=1&sparkline=false&price_change_percentage=24h%2C7d%2C30d%2C1y",third_party,high,"Token price change; market sentiment, not product adoption."
2026-10-07,Maple,SYRUP token,Tokenization,7D Token Performance,0.0526,%,7D,CoinGecko markets,"https://api.coingecko.com/api/v3/coins/markets?vs_currency=usd&ids=aave,aerodrome-finance,canton-network,centrifuge-2,curve-dao-token,ethena,ether-fi,euler,falcon-finance-ff,hyperliquid,jupiter-exchange-solana,kamino,layerzero,morpho,ondo-finance,pendle,sky,syrup,uniswap,virtual-protocol&order=market_cap_desc&per_page=250&page=1&sparkline=false&price_change_percentage=24h%2C7d%2C30d%2C1y",third_party,high,"Token price change; market sentiment, not product adoption."
2026-10-07,Euler,EUL token,Lending,7D Token Performance,-1.9546,%,7D,CoinGecko markets,"https://api.coingecko.com/api/v3/coins/markets?vs_currency=usd&ids=aave,aerodrome-finance,canton-network,centrifuge-2,curve-dao-token,ethena,ether-fi,euler,falcon-finance-ff,hyperliquid,jupiter-exchange-solana,kamino,layerzero,morpho,ondo-finance,pendle,sky,syrup,uniswap,virtual-protocol&order=market_cap_desc&per_page=250&page=1&sparkline=false&price_change_percentage=24h%2C7d%2C30d%2C1y",third_party,high,"Token price change; market sentiment, not product adoption."
2026-10-07,Morpho,MORPHO token,Lending,7D Token Performance,-1.9687,%,7D,CoinGecko markets,"https://api.coingecko.com/api/v3/coins/markets?vs_currency=usd&ids=aave,aerodrome-finance,canton-network,centrifuge-2,curve-dao-token,ethena,ether-fi,euler,falcon-finance-ff,hyperliquid,jupiter-exchange-solana,kamino,layerzero,morpho,ondo-finance,pendle,sky,syrup,uniswap,virtual-protocol&order=market_cap_desc&per_page=250&page=1&sparkline=false&price_change_percentage=24h%2C7d%2C30d%2C1y",third_party,high,"Token price change; market sentiment, not product adoption."
2026-10-07,Aerodrome,AERO token,Spot,7D Token Performance,-2.6623,%,7D,CoinGecko markets,"https://api.coingecko.com/api/v3/coins/markets?vs_currency=usd&ids=aave,aerodrome-finance,canton-network,centrifuge-2,curve-dao-token,ethena,ether-fi,euler,falcon-finance-ff,hyperliquid,jupiter-exchange-solana,kamino,layerzero,morpho,ondo-finance,pendle,sky,syrup,uniswap,virtual-protocol&order=market_cap_desc&per_page=250&page=1&sparkline=false&price_change_percentage=24h%2C7d%2C30d%2C1y",third_party,high,"Token price change; market sentiment, not product adoption."
2026-10-07,Jupiter,JUP token,Spot,7D Token Performance,-2.9509,%,7D,CoinGecko markets,"https://api.coingecko.com/api/v3/coins/markets?vs_currency=usd&ids=aave,aerodrome-finance,canton-network,centrifuge-2,curve-dao-token,ethena,ether-fi,euler,falcon-finance-ff,hyperliquid,jupiter-exchange-solana,kamino,layerzero,morpho,ondo-finance,pendle,sky,syrup,uniswap,virtual-protocol&order=market_cap_desc&per_page=250&page=1&sparkline=false&price_change_percentage=24h%2C7d%2C30d%2C1y",third_party,high,"Token price change; market sentiment, not product adoption."
2026-10-07,Canton,CC token,Infra,7D Token Performance,-2.9636,%,7D,CoinGecko markets,"https://api.coingecko.com/api/v3/coins/markets?vs_currency=usd&ids=aave,aerodrome-finance,canton-network,centrifuge-2,curve-dao-token,ethena,ether-fi,euler,falcon-finance-ff,hyperliquid,jupiter-exchange-solana,kamino,layerzero,morpho,ondo-finance,pendle,sky,syrup,uniswap,virtual-protocol&order=market_cap_desc&per_page=250&page=1&sparkline=false&price_change_percentage=24h%2C7d%2C30d%2C1y",third_party,high,"Token price change; market sentiment, not product adoption."
2026-10-07,Pendle,PENDLE token,Derivatives,7D Token Performance,-4.4882,%,7D,CoinGecko markets,"https://api.coingecko.com/api/v3/coins/markets?vs_currency=usd&ids=aave,aerodrome-finance,canton-network,centrifuge-2,curve-dao-token,ethena,ether-fi,euler,falcon-finance-ff,hyperliquid,jupiter-exchange-solana,kamino,layerzero,morpho,ondo-finance,pendle,sky,syrup,uniswap,virtual-protocol&order=market_cap_desc&per_page=250&page=1&sparkline=false&price_change_percentage=24h%2C7d%2C30d%2C1y",third_party,high,"Token price change; market sentiment, not product adoption."
2026-10-07,Virtuals,VIRTUAL token,AI,7D Token Performance,-4.665,%,7D,CoinGecko markets,"https://api.coingecko.com/api/v3/coins/markets?vs_currency=usd&ids=aave,aerodrome-finance,canton-network,centrifuge-2,curve-dao-token,ethena,ether-fi,euler,falcon-finance-ff,hyperliquid,jupiter-exchange-solana,kamino,layerzero,morpho,ondo-finance,pendle,sky,syrup,uniswap,virtual-protocol&order=market_cap_desc&per_page=250&page=1&sparkline=false&price_change_percentage=24h%2C7d%2C30d%2C1y",third_party,high,"Token price change; market sentiment, not product adoption."
2026-10-07,Ondo,ONDO token,Tokenization,7D Token Performance,-7.205,%,7D,CoinGecko markets,"https://api.coingecko.com/api/v3/coins/markets?vs_currency=usd&ids=aave,aerodrome-finance,canton-network,centrifuge-2,curve-dao-token,ethena,ether-fi,euler,falcon-finance-ff,hyperliquid,jupiter-exchange-solana,kamino,layerzero,morpho,ondo-finance,pendle,sky,syrup,uniswap,virtual-protocol&order=market_cap_desc&per_page=250&page=1&sparkline=false&price_change_percentage=24h%2C7d%2C30d%2C1y",third_party,high,"Token price change; market sentiment, not product adoption."
2026-10-07,Centrifuge,CFG token,Tokenization,7D Token Performance,-8.7876,%,7D,CoinGecko markets,"https://api.coingecko.com/api/v3/coins/markets?vs_currency=usd&ids=aave,aerodrome-finance,canton-network,centrifuge-2,curve-dao-token,ethena,ether-fi,euler,falcon-finance-ff,hyperliquid,jupiter-exchange-solana,kamino,layerzero,morpho,ondo-finance,pendle,sky,syrup,uniswap,virtual-protocol&order=market_cap_desc&per_page=250&page=1&sparkline=false&price_change_percentage=24h%2C7d%2C30d%2C1y",third_party,high,"Token price change; market sentiment, not product adoption."
2026-10-07,EtherFi,ETHFI token,Asset Management,7D Token Performance,-8.82,%,7D,CoinGecko markets,"https://api.coingecko.com/api/v3/coins/markets?vs_currency=usd&ids=aave,aerodrome-finance,canton-network,centrifuge-2,curve-dao-token,ethena,ether-fi,euler,falcon-finance-ff,hyperliquid,jupiter-exchange-solana,kamino,layerzero,morpho,ondo-finance,pendle,sky,syrup,uniswap,virtual-protocol&order=market_cap_desc&per_page=250&page=1&sparkline=false&price_change_percentage=24h%2C7d%2C30d%2C1y",third_party,high,"Token price change; market sentiment, not product adoption."
2026-10-07,Curve,CRV token,Spot,7D Token Performance,-10.3259,%,7D,CoinGecko markets,"https://api.coingecko.com/api/v3/coins/markets?vs_currency=usd&ids=aave,aerodrome-finance,canton-network,centrifuge-2,curve-dao-token,ethena,ether-fi,euler,falcon-finance-ff,hyperliquid,jupiter-exchange-solana,kamino,layerzero,morpho,ondo-finance,pendle,sky,syrup,uniswap,virtual-protocol&order=market_cap_desc&per_page=250&page=1&sparkline=false&price_change_percentage=24h%2C7d%2C30d%2C1y",third_party,high,"Token price change; market sentiment, not product adoption."
2026-10-07,Uniswap,UNI token,Spot,7D Token Performance,-12.9174,%,7D,CoinGecko markets,"https://api.coingecko.com/api/v3/coins/markets?vs_currency=usd&ids=aave,aerodrome-finance,canton-network,centrifuge-2,curve-dao-token,ethena,ether-fi,euler,falcon-finance-ff,hyperliquid,jupiter-exchange-solana,kamino,layerzero,morpho,ondo-finance,pendle,sky,syrup,uniswap,virtual-protocol&order=market_cap_desc&per_page=250&page=1&sparkline=false&price_change_percentage=24h%2C7d%2C30d%2C1y",third_party,high,"Token price change; market sentiment, not product adoption."
2026-10-07,Falcon,FF token,Asset Management,7D Token Performance,-15.155,%,7D,CoinGecko markets,"https://api.coingecko.com/api/v3/coins/markets?vs_currency=usd&ids=aave,aerodrome-finance,canton-network,centrifuge-2,curve-dao-token,ethena,ether-fi,euler,falcon-finance-ff,hyperliquid,jupiter-exchange-solana,kamino,layerzero,morpho,ondo-finance,pendle,sky,syrup,uniswap,virtual-protocol&order=market_cap_desc&per_page=250&page=1&sparkline=false&price_change_percentage=24h%2C7d%2C30d%2C1y",third_party,high,"Token price change; market sentiment, not product adoption."
2026-10-07,Ethena,ENA token,Asset Management,7D Token Performance,-15.852,%,7D,CoinGecko markets,"https://api.coingecko.com/api/v3/coins/markets?vs_currency=usd&ids=aave,aerodrome-finance,canton-network,centrifuge-2,curve-dao-token,ethena,ether-fi,euler,falcon-finance-ff,hyperliquid,jupiter-exchange-solana,kamino,layerzero,morpho,ondo-finance,pendle,sky,syrup,uniswap,virtual-protocol&order=market_cap_desc&per_page=250&page=1&sparkline=false&price_change_percentage=24h%2C7d%2C30d%2C1y",third_party,high,"Token price change; market sentiment, not product adoption."
2026-10-07,Kamino,KMNO token,Lending,7D Token Performance,-17.5775,%,7D,CoinGecko markets,"https://api.coingecko.com/api/v3/coins/markets?vs_currency=usd&ids=aave,aerodrome-finance,canton-network,centrifuge-2,curve-dao-token,ethena,ether-fi,euler,falcon-finance-ff,hyperliquid,jupiter-exchange-solana,kamino,layerzero,morpho,ondo-finance,pendle,sky,syrup,uniswap,virtual-protocol&order=market_cap_desc&per_page=250&page=1&sparkline=false&price_change_percentage=24h%2C7d%2C30d%2C1y",third_party,high,"Token price change; market sentiment, not product adoption."
2026-10-07,Ethena,Ethena sUSDe,Asset Management,Current APY,5.0041,%,current,DefiLlama yields,https://yields.llama.fi/pools,third_party,high,Current sUSDe staking APY from DefiLlama yields; methodology is pool-level.
2026-10-07,Sky,Sky sUSDS,Asset Management,Current APY,3.8,%,current,DefiLlama yields,https://yields.llama.fi/pools,third_party,medium,Current sUSDS APY from DefiLlama yields; methodology is pool-level.
2026-10-07,Hyperliquid,HYPE token,Derivatives,FDV,83803229423.0,USD,current,CoinGecko markets,"https://api.coingecko.com/api/v3/coins/markets?vs_currency=usd&ids=aave,aerodrome-finance,canton-network,centrifuge-2,curve-dao-token,ethena,ether-fi,euler,falcon-finance-ff,hyperliquid,jupiter-exchange-solana,kamino,layerzero,morpho,ondo-finance,pendle,sky,syrup,uniswap,virtual-protocol&order=market_cap_desc&per_page=250&page=1&sparkline=false&price_change_percentage=24h%2C7d%2C30d%2C1y",third_party,high,Token-level market metric from CoinGecko; do not treat as protocol/product usage.
2026-10-07,Uniswap,UNI token,Spot,FDV,6929711455.0,USD,current,CoinGecko markets,"https://api.coingecko.com/api/v3/coins/markets?vs_currency=usd&ids=aave,aerodrome-finance,canton-network,centrifuge-2,curve-dao-token,ethena,ether-fi,euler,falcon-finance-ff,hyperliquid,jupiter-exchange-solana,kamino,layerzero,morpho,ondo-finance,pendle,sky,syrup,uniswap,virtual-protocol&order=market_cap_desc&per_page=250&page=1&sparkline=false&price_change_percentage=24h%2C7d%2C30d%2C1y",third_party,high,Token-level market metric from CoinGecko; do not treat as protocol/product usage.
2026-10-07,Canton,CC token,Infra,FDV,4763095720.0,USD,current,CoinGecko markets,"https://api.coingecko.com/api/v3/coins/markets?vs_currency=usd&ids=aave,aerodrome-finance,canton-network,centrifuge-2,curve-dao-token,ethena,ether-fi,euler,falcon-finance-ff,hyperliquid,jupiter-exchange-solana,kamino,layerzero,morpho,ondo-finance,pendle,sky,syrup,uniswap,virtual-protocol&order=market_cap_desc&per_page=250&page=1&sparkline=false&price_change_percentage=24h%2C7d%2C30d%2C1y",third_party,high,Token-level market metric from CoinGecko; do not treat as protocol/product usage.
2026-10-07,Ondo,ONDO token,Tokenization,FDV,4632224491.0,USD,current,CoinGecko markets,"https://api.coingecko.com/api/v3/coins/markets?vs_currency=usd&ids=aave,aerodrome-finance,canton-network,centrifuge-2,curve-dao-token,ethena,ether-fi,euler,falcon-finance-ff,hyperliquid,jupiter-exchange-solana,kamino,layerzero,morpho,ondo-finance,pendle,sky,syrup,uniswap,virtual-protocol&order=market_cap_desc&per_page=250&page=1&sparkline=false&price_change_percentage=24h%2C7d%2C30d%2C1y",third_party,high,Token-level market metric from CoinGecko; do not treat as protocol/product usage.
2026-10-07,Ethena,ENA token,Asset Management,FDV,3372130855.0,USD,current,CoinGecko markets,"https://api.coingecko.com/api/v3/coins/markets?vs_currency=usd&ids=aave,aerodrome-finance,canton-network,centrifuge-2,curve-dao-token,ethena,ether-fi,euler,falcon-finance-ff,hyperliquid,jupiter-exchange-solana,kamino,layerzero,morpho,ondo-finance,pendle,sky,syrup,uniswap,virtual-protocol&order=market_cap_desc&per_page=250&page=1&sparkline=false&price_change_percentage=24h%2C7d%2C30d%2C1y",third_party,high,Token-level market metric from CoinGecko; do not treat as protocol/product usage.
2026-10-07,Aave,AAVE token,Lending,FDV,2741731995.0,USD,current,CoinGecko markets,"https://api.coingecko.com/api/v3/coins/markets?vs_currency=usd&ids=aave,aerodrome-finance,canton-network,centrifuge-2,curve-dao-token,ethena,ether-fi,euler,falcon-finance-ff,hyperliquid,jupiter-exchange-solana,kamino,layerzero,morpho,ondo-finance,pendle,sky,syrup,uniswap,virtual-protocol&order=market_cap_desc&per_page=250&page=1&sparkline=false&price_change_percentage=24h%2C7d%2C30d%2C1y",third_party,high,Token-level market metric from CoinGecko; do not treat as protocol/product usage.
2026-10-07,Morpho,MORPHO token,Lending,FDV,2479273938.0,USD,current,CoinGecko markets,"https://api.coingecko.com/api/v3/coins/markets?vs_currency=usd&ids=aave,aerodrome-finance,canton-network,centrifuge-2,curve-dao-token,ethena,ether-fi,euler,falcon-finance-ff,hyperliquid,jupiter-exchange-solana,kamino,layerzero,morpho,ondo-finance,pendle,sky,syrup,uniswap,virtual-protocol&order=market_cap_desc&per_page=250&page=1&sparkline=false&price_change_percentage=24h%2C7d%2C30d%2C1y",third_party,high,Token-level market metric from CoinGecko; do not treat as protocol/product usage.
2026-10-07,Jupiter,JUP token,Spot,FDV,2174564098.0,USD,current,CoinGecko markets,"https://api.coingecko.com/api/v3/coins/markets?vs_currency=usd&ids=aave,aerodrome-finance,canton-network,centrifuge-2,curve-dao-token,ethena,ether-fi,euler,falcon-finance-ff,hyperliquid,jupiter-exchange-solana,kamino,layerzero,morpho,ondo-finance,pendle,sky,syrup,uniswap,virtual-protocol&order=market_cap_desc&per_page=250&page=1&sparkline=false&price_change_percentage=24h%2C7d%2C30d%2C1y",third_party,high,Token-level market metric from CoinGecko; do not treat as protocol/product usage.
2026-10-07,LayerZero,ZRO token,Infra,FDV,2136372658.0,USD,current,CoinGecko markets,"https://api.coingecko.com/api/v3/coins/markets?vs_currency=usd&ids=aave,aerodrome-finance,canton-network,centrifuge-2,curve-dao-token,ethena,ether-fi,euler,falcon-finance-ff,hyperliquid,jupiter-exchange-solana,kamino,layerzero,morpho,ondo-finance,pendle,sky,syrup,uniswap,virtual-protocol&order=market_cap_desc&per_page=250&page=1&sparkline=false&price_change_percentage=24h%2C7d%2C30d%2C1y",third_party,high,Token-level market metric from CoinGecko; do not treat as protocol/product usage.
2026-10-07,Sky,SKY token,Lending,FDV,1865910019.0,USD,current,CoinGecko markets,"https://api.coingecko.com/api/v3/coins/markets?vs_currency=usd&ids=aave,aerodrome-finance,canton-network,centrifuge-2,curve-dao-token,ethena,ether-fi,euler,falcon-finance-ff,hyperliquid,jupiter-exchange-solana,kamino,layerzero,morpho,ondo-finance,pendle,sky,syrup,uniswap,virtual-protocol&order=market_cap_desc&per_page=250&page=1&sparkline=false&price_change_percentage=24h%2C7d%2C30d%2C1y",third_party,high,Token-level market metric from CoinGecko; do not treat as protocol/product usage.
2026-10-07,Aerodrome,AERO token,Spot,FDV,1578324211.0,USD,current,CoinGecko markets,"https://api.coingecko.com/api/v3/coins/markets?vs_currency=usd&ids=aave,aerodrome-finance,canton-network,centrifuge-2,curve-dao-token,ethena,ether-fi,euler,falcon-finance-ff,hyperliquid,jupiter-exchange-solana,kamino,layerzero,morpho,ondo-finance,pendle,sky,syrup,uniswap,virtual-protocol&order=market_cap_desc&per_page=250&page=1&sparkline=false&price_change_percentage=24h%2C7d%2C30d%2C1y",third_party,high,Token-level market metric from CoinGecko; do not treat as protocol/product usage.
2026-10-07,Falcon,FF token,Asset Management,FDV,1098567464.0,USD,current,CoinGecko markets,"https://api.coingecko.com/api/v3/coins/markets?vs_currency=usd&ids=aave,aerodrome-finance,canton-network,centrifuge-2,curve-dao-token,ethena,ether-fi,euler,falcon-finance-ff,hyperliquid,jupiter-exchange-solana,kamino,layerzero,morpho,ondo-finance,pendle,sky,syrup,uniswap,virtual-protocol&order=market_cap_desc&per_page=250&page=1&sparkline=false&price_change_percentage=24h%2C7d%2C30d%2C1y",third_party,high,Token-level market metric from CoinGecko; do not treat as protocol/product usage.
2026-10-07,Curve,CRV token,Spot,FDV,844291670.0,USD,current,CoinGecko markets,"https://api.coingecko.com/api/v3/coins/markets?vs_currency=usd&ids=aave,aerodrome-finance,canton-network,centrifuge-2,curve-dao-token,ethena,ether-fi,euler,falcon-finance-ff,hyperliquid,jupiter-exchange-solana,kamino,layerzero,morpho,ondo-finance,pendle,sky,syrup,uniswap,virtual-protocol&order=market_cap_desc&per_page=250&page=1&sparkline=false&price_change_percentage=24h%2C7d%2C30d%2C1y",third_party,high,Token-level market metric from CoinGecko; do not treat as protocol/product usage.
2026-10-07,Virtuals,VIRTUAL token,AI,FDV,762351560.0,USD,current,CoinGecko markets,"https://api.coingecko.com/api/v3/coins/markets?vs_currency=usd&ids=aave,aerodrome-finance,canton-network,centrifuge-2,curve-dao-token,ethena,ether-fi,euler,falcon-finance-ff,hyperliquid,jupiter-exchange-solana,kamino,layerzero,morpho,ondo-finance,pendle,sky,syrup,uniswap,virtual-protocol&order=market_cap_desc&per_page=250&page=1&sparkline=false&price_change_percentage=24h%2C7d%2C30d%2C1y",third_party,high,Token-level market metric from CoinGecko; do not treat as protocol/product usage.
2026-10-07,EtherFi,ETHFI token,Asset Management,FDV,686091595.0,USD,current,CoinGecko markets,"https://api.coingecko.com/api/v3/coins/markets?vs_currency=usd&ids=aave,aerodrome-finance,canton-network,centrifuge-2,curve-dao-token,ethena,ether-fi,euler,falcon-finance-ff,hyperliquid,jupiter-exchange-solana,kamino,layerzero,morpho,ondo-finance,pendle,sky,syrup,uniswap,virtual-protocol&order=market_cap_desc&per_page=250&page=1&sparkline=false&price_change_percentage=24h%2C7d%2C30d%2C1y",third_party,high,Token-level market metric from CoinGecko; do not treat as protocol/product usage.
2026-10-07,Pendle,PENDLE token,Derivatives,FDV,629545482.0,USD,current,CoinGecko markets,"https://api.coingecko.com/api/v3/coins/markets?vs_currency=usd&ids=aave,aerodrome-finance,canton-network,centrifuge-2,curve-dao-token,ethena,ether-fi,euler,falcon-finance-ff,hyperliquid,jupiter-exchange-solana,kamino,layerzero,morpho,ondo-finance,pendle,sky,syrup,uniswap,virtual-protocol&order=market_cap_desc&per_page=250&page=1&sparkline=false&price_change_percentage=24h%2C7d%2C30d%2C1y",third_party,high,Token-level market metric from CoinGecko; do not treat as protocol/product usage.
2026-10-07,Kamino,KMNO token,Lending,FDV,372019856.0,USD,current,CoinGecko markets,"https://api.coingecko.com/api/v3/coins/markets?vs_currency=usd&ids=aave,aerodrome-finance,canton-network,centrifuge-2,curve-dao-token,ethena,ether-fi,euler,falcon-finance-ff,hyperliquid,jupiter-exchange-solana,kamino,layerzero,morpho,ondo-finance,pendle,sky,syrup,uniswap,virtual-protocol&order=market_cap_desc&per_page=250&page=1&sparkline=false&price_change_percentage=24h%2C7d%2C30d%2C1y",third_party,high,Token-level market metric from CoinGecko; do not treat as protocol/product usage.
2026-10-07,Maple,SYRUP token,Tokenization,FDV,283232045.0,USD,current,CoinGecko markets,"https://api.coingecko.com/api/v3/coins/markets?vs_currency=usd&ids=aave,aerodrome-finance,canton-network,centrifuge-2,curve-dao-token,ethena,ether-fi,euler,falcon-finance-ff,hyperliquid,jupiter-exchange-solana,kamino,layerzero,morpho,ondo-finance,pendle,sky,syrup,uniswap,virtual-protocol&order=market_cap_desc&per_page=250&page=1&sparkline=false&price_change_percentage=24h%2C7d%2C30d%2C1y",third_party,high,Token-level market metric from CoinGecko; do not treat as protocol/product usage.
2026-10-07,Centrifuge,CFG token,Tokenization,FDV,93588730.0,USD,current,CoinGecko markets,"https://api.coingecko.com/api/v3/coins/markets?vs_currency=usd&ids=aave,aerodrome-finance,canton-network,centrifuge-2,curve-dao-token,ethena,ether-fi,euler,falcon-finance-ff,hyperliquid,jupiter-exchange-solana,kamino,layerzero,morpho,ondo-finance,pendle,sky,syrup,uniswap,virtual-protocol&order=market_cap_desc&per_page=250&page=1&sparkline=false&price_change_percentage=24h%2C7d%2C30d%2C1y",third_party,high,Token-level market metric from CoinGecko; do not treat as protocol/product usage.
2026-10-07,Euler,EUL token,Lending,FDV,38385184.0,USD,current,CoinGecko markets,"https://api.coingecko.com/api/v3/coins/markets?vs_currency=usd&ids=aave,aerodrome-finance,canton-network,centrifuge-2,curve-dao-token,ethena,ether-fi,euler,falcon-finance-ff,hyperliquid,jupiter-exchange-solana,kamino,layerzero,morpho,ondo-finance,pendle,sky,syrup,uniswap,virtual-protocol&order=market_cap_desc&per_page=250&page=1&sparkline=false&price_change_percentage=24h%2C7d%2C30d%2C1y",third_party,high,Token-level market metric from CoinGecko; do not treat as protocol/product usage.
2026-10-07,Hyperliquid,HYPE token,Derivatives,Market Cap,19513797827.0,USD,current,CoinGecko markets,"https://api.coingecko.com/api/v3/coins/markets?vs_currency=usd&ids=aave,aerodrome-finance,canton-network,centrifuge-2,curve-dao-token,ethena,ether-fi,euler,falcon-finance-ff,hyperliquid,jupiter-exchange-solana,kamino,layerzero,morpho,ondo-finance,pendle,sky,syrup,uniswap,virtual-protocol&order=market_cap_desc&per_page=250&page=1&sparkline=false&price_change_percentage=24h%2C7d%2C30d%2C1y",third_party,high,Token-level market metric from CoinGecko; do not treat as protocol/product usage.
2026-10-07,Uniswap,UNI token,Spot,Market Cap,4881662986.0,USD,current,CoinGecko markets,"https://api.coingecko.com/api/v3/coins/markets?vs_currency=usd&ids=aave,aerodrome-finance,canton-network,centrifuge-2,curve-dao-token,ethena,ether-fi,euler,falcon-finance-ff,hyperliquid,jupiter-exchange-solana,kamino,layerzero,morpho,ondo-finance,pendle,sky,syrup,uniswap,virtual-protocol&order=market_cap_desc&per_page=250&page=1&sparkline=false&price_change_percentage=24h%2C7d%2C30d%2C1y",third_party,high,Token-level market metric from CoinGecko; do not treat as protocol/product usage.
2026-10-07,Canton,CC token,Infra,Market Cap,4763013578.0,USD,current,CoinGecko markets,"https://api.coingecko.com/api/v3/coins/markets?vs_currency=usd&ids=aave,aerodrome-finance,canton-network,centrifuge-2,curve-dao-token,ethena,ether-fi,euler,falcon-finance-ff,hyperliquid,jupiter-exchange-solana,kamino,layerzero,morpho,ondo-finance,pendle,sky,syrup,uniswap,virtual-protocol&order=market_cap_desc&per_page=250&page=1&sparkline=false&price_change_percentage=24h%2C7d%2C30d%2C1y",third_party,high,Token-level market metric from CoinGecko; do not treat as protocol/product usage.
2026-10-07,Ethena,ENA token,Asset Management,Market Cap,3013841951.0,USD,current,CoinGecko markets,"https://api.coingecko.com/api/v3/coins/markets?vs_currency=usd&ids=aave,aerodrome-finance,canton-network,centrifuge-2,curve-dao-token,ethena,ether-fi,euler,falcon-finance-ff,hyperliquid,jupiter-exchange-solana,kamino,layerzero,morpho,ondo-finance,pendle,sky,syrup,uniswap,virtual-protocol&order=market_cap_desc&per_page=250&page=1&sparkline=false&price_change_percentage=24h%2C7d%2C30d%2C1y",third_party,high,Token-level market metric from CoinGecko; do not treat as protocol/product usage.
2026-10-07,Aave,AAVE token,Lending,Market Cap,2645010226.0,USD,current,CoinGecko markets,"https://api.coingecko.com/api/v3/coins/markets?vs_currency=usd&ids=aave,aerodrome-finance,canton-network,centrifuge-2,curve-dao-token,ethena,ether-fi,euler,falcon-finance-ff,hyperliquid,jupiter-exchange-solana,kamino,layerzero,morpho,ondo-finance,pendle,sky,syrup,uniswap,virtual-protocol&order=market_cap_desc&per_page=250&page=1&sparkline=false&price_change_percentage=24h%2C7d%2C30d%2C1y",third_party,high,Token-level market metric from CoinGecko; do not treat as protocol/product usage.
2026-10-07,Ondo,ONDO token,Tokenization,Market Cap,2255583268.0,USD,current,CoinGecko markets,"https://api.coingecko.com/api/v3/coins/markets?vs_currency=usd&ids=aave,aerodrome-finance,canton-network,centrifuge-2,curve-dao-token,ethena,ether-fi,euler,falcon-finance-ff,hyperliquid,jupiter-exchange-solana,kamino,layerzero,morpho,ondo-finance,pendle,sky,syrup,uniswap,virtual-protocol&order=market_cap_desc&per_page=250&page=1&sparkline=false&price_change_percentage=24h%2C7d%2C30d%2C1y",third_party,high,Token-level market metric from CoinGecko; do not treat as protocol/product usage.
2026-10-07,Sky,SKY token,Lending,Market Cap,1863335804.0,USD,current,CoinGecko markets,"https://api.coingecko.com/api/v3/coins/markets?vs_currency=usd&ids=aave,aerodrome-finance,canton-network,centrifuge-2,curve-dao-token,ethena,ether-fi,euler,falcon-finance-ff,hyperliquid,jupiter-exchange-solana,kamino,layerzero,morpho,ondo-finance,pendle,sky,syrup,uniswap,virtual-protocol&order=market_cap_desc&per_page=250&page=1&sparkline=false&price_change_percentage=24h%2C7d%2C30d%2C1y",third_party,high,Token-level market metric from CoinGecko; do not treat as protocol/product usage.
2026-10-07,Morpho,MORPHO token,Lending,Market Cap,1736000036.0,USD,current,CoinGecko markets,"https://api.coingecko.com/api/v3/coins/markets?vs_currency=usd&ids=aave,aerodrome-finance,canton-network,centrifuge-2,curve-dao-token,ethena,ether-fi,euler,falcon-finance-ff,hyperliquid,jupiter-exchange-solana,kamino,layerzero,morpho,ondo-finance,pendle,sky,syrup,uniswap,virtual-protocol&order=market_cap_desc&per_page=250&page=1&sparkline=false&price_change_percentage=24h%2C7d%2C30d%2C1y",third_party,high,Token-level market metric from CoinGecko; do not treat as protocol/product usage.
2026-10-07,Jupiter,JUP token,Spot,Market Cap,1051985048.0,USD,current,CoinGecko markets,"https://api.coingecko.com/api/v3/coins/markets?vs_currency=usd&ids=aave,aerodrome-finance,canton-network,centrifuge-2,curve-dao-token,ethena,ether-fi,euler,falcon-finance-ff,hyperliquid,jupiter-exchange-solana,kamino,layerzero,morpho,ondo-finance,pendle,sky,syrup,uniswap,virtual-protocol&order=market_cap_desc&per_page=250&page=1&sparkline=false&price_change_percentage=24h%2C7d%2C30d%2C1y",third_party,high,Token-level market metric from CoinGecko; do not treat as protocol/product usage.
2026-10-07,LayerZero,ZRO token,Infra,Market Cap,852721230.0,USD,current,CoinGecko markets,"https://api.coingecko.com/api/v3/coins/markets?vs_currency=usd&ids=aave,aerodrome-finance,canton-network,centrifuge-2,curve-dao-token,ethena,ether-fi,euler,falcon-finance-ff,hyperliquid,jupiter-exchange-solana,kamino,layerzero,morpho,ondo-finance,pendle,sky,syrup,uniswap,virtual-protocol&order=market_cap_desc&per_page=250&page=1&sparkline=false&price_change_percentage=24h%2C7d%2C30d%2C1y",third_party,high,Token-level market metric from CoinGecko; do not treat as protocol/product usage.
2026-10-07,Aerodrome,AERO token,Spot,Market Cap,791891761.0,USD,current,CoinGecko markets,"https://api.coingecko.com/api/v3/coins/markets?vs_currency=usd&ids=aave,aerodrome-finance,canton-network,centrifuge-2,curve-dao-token,ethena,ether-fi,euler,falcon-finance-ff,hyperliquid,jupiter-exchange-solana,kamino,layerzero,morpho,ondo-finance,pendle,sky,syrup,uniswap,virtual-protocol&order=market_cap_desc&per_page=250&page=1&sparkline=false&price_change_percentage=24h%2C7d%2C30d%2C1y",third_party,high,Token-level market metric from CoinGecko; do not treat as protocol/product usage.
2026-10-07,EtherFi,ETHFI token,Asset Management,Market Cap,686091595.0,USD,current,CoinGecko markets,"https://api.coingecko.com/api/v3/coins/markets?vs_currency=usd&ids=aave,aerodrome-finance,canton-network,centrifuge-2,curve-dao-token,ethena,ether-fi,euler,falcon-finance-ff,hyperliquid,jupiter-exchange-solana,kamino,layerzero,morpho,ondo-finance,pendle,sky,syrup,uniswap,virtual-protocol&order=market_cap_desc&per_page=250&page=1&sparkline=false&price_change_percentage=24h%2C7d%2C30d%2C1y",third_party,high,Token-level market metric from CoinGecko; do not treat as protocol/product usage.
2026-10-07,Curve,CRV token,Spot,Market Cap,547610836.0,USD,current,CoinGecko markets,"https://api.coingecko.com/api/v3/coins/markets?vs_currency=usd&ids=aave,aerodrome-finance,canton-network,centrifuge-2,curve-dao-token,ethena,ether-fi,euler,falcon-finance-ff,hyperliquid,jupiter-exchange-solana,kamino,layerzero,morpho,ondo-finance,pendle,sky,syrup,uniswap,virtual-protocol&order=market_cap_desc&per_page=250&page=1&sparkline=false&price_change_percentage=24h%2C7d%2C30d%2C1y",third_party,high,Token-level market metric from CoinGecko; do not treat as protocol/product usage.
2026-10-07,Virtuals,VIRTUAL token,AI,Market Cap,501921474.0,USD,current,CoinGecko markets,"https://api.coingecko.com/api/v3/coins/markets?vs_currency=usd&ids=aave,aerodrome-finance,canton-network,centrifuge-2,curve-dao-token,ethena,ether-fi,euler,falcon-finance-ff,hyperliquid,jupiter-exchange-solana,kamino,layerzero,morpho,ondo-finance,pendle,sky,syrup,uniswap,virtual-protocol&order=market_cap_desc&per_page=250&page=1&sparkline=false&price_change_percentage=24h%2C7d%2C30d%2C1y",third_party,high,Token-level market metric from CoinGecko; do not treat as protocol/product usage.
2026-10-07,Pendle,PENDLE token,Derivatives,Market Cap,388518766.0,USD,current,CoinGecko markets,"https://api.coingecko.com/api/v3/coins/markets?vs_currency=usd&ids=aave,aerodrome-finance,canton-network,centrifuge-2,curve-dao-token,ethena,ether-fi,euler,falcon-finance-ff,hyperliquid,jupiter-exchange-solana,kamino,layerzero,morpho,ondo-finance,pendle,sky,syrup,uniswap,virtual-protocol&order=market_cap_desc&per_page=250&page=1&sparkline=false&price_change_percentage=24h%2C7d%2C30d%2C1y",third_party,high,Token-level market metric from CoinGecko; do not treat as protocol/product usage.
2026-10-07,Falcon,FF token,Asset Management,Market Cap,367257206.0,USD,current,CoinGecko markets,"https://api.coingecko.com/api/v3/coins/markets?vs_currency=usd&ids=aave,aerodrome-finance,canton-network,centrifuge-2,curve-dao-token,ethena,ether-fi,euler,falcon-finance-ff,hyperliquid,jupiter-exchange-solana,kamino,layerzero,morpho,ondo-finance,pendle,sky,syrup,uniswap,virtual-protocol&order=market_cap_desc&per_page=250&page=1&sparkline=false&price_change_percentage=24h%2C7d%2C30d%2C1y",third_party,high,Token-level market metric from CoinGecko; do not treat as protocol/product usage.
2026-10-07,Maple,SYRUP token,Tokenization,Market Cap,265618063.0,USD,current,CoinGecko markets,"https://api.coingecko.com/api/v3/coins/markets?vs_currency=usd&ids=aave,aerodrome-finance,canton-network,centrifuge-2,curve-dao-token,ethena,ether-fi,euler,falcon-finance-ff,hyperliquid,jupiter-exchange-solana,kamino,layerzero,morpho,ondo-finance,pendle,sky,syrup,uniswap,virtual-protocol&order=market_cap_desc&per_page=250&page=1&sparkline=false&price_change_percentage=24h%2C7d%2C30d%2C1y",third_party,high,Token-level market metric from CoinGecko; do not treat as protocol/product usage.
2026-10-07,Kamino,KMNO token,Lending,Market Cap,212256096.0,USD,current,CoinGecko markets,"https://api.coingecko.com/api/v3/coins/markets?vs_currency=usd&ids=aave,aerodrome-finance,canton-network,centrifuge-2,curve-dao-token,ethena,ether-fi,euler,falcon-finance-ff,hyperliquid,jupiter-exchange-solana,kamino,layerzero,morpho,ondo-finance,pendle,sky,syrup,uniswap,virtual-protocol&order=market_cap_desc&per_page=250&page=1&sparkline=false&price_change_percentage=24h%2C7d%2C30d%2C1y",third_party,high,Token-level market metric from CoinGecko; do not treat as protocol/product usage.
2026-10-07,Centrifuge,CFG token,Tokenization,Market Cap,52352437.0,USD,current,CoinGecko markets,"https://api.coingecko.com/api/v3/coins/markets?vs_currency=usd&ids=aave,aerodrome-finance,canton-network,centrifuge-2,curve-dao-token,ethena,ether-fi,euler,falcon-finance-ff,hyperliquid,jupiter-exchange-solana,kamino,layerzero,morpho,ondo-finance,pendle,sky,syrup,uniswap,virtual-protocol&order=market_cap_desc&per_page=250&page=1&sparkline=false&price_change_percentage=24h%2C7d%2C30d%2C1y",third_party,high,Token-level market metric from CoinGecko; do not treat as protocol/product usage.
2026-10-07,Euler,EUL token,Lending,Market Cap,33939763.0,USD,current,CoinGecko markets,"https://api.coingecko.com/api/v3/coins/markets?vs_currency=usd&ids=aave,aerodrome-finance,canton-network,centrifuge-2,curve-dao-token,ethena,ether-fi,euler,falcon-finance-ff,hyperliquid,jupiter-exchange-solana,kamino,layerzero,morpho,ondo-finance,pendle,sky,syrup,uniswap,virtual-protocol&order=market_cap_desc&per_page=250&page=1&sparkline=false&price_change_percentage=24h%2C7d%2C30d%2C1y",third_party,high,Token-level market metric from CoinGecko; do not treat as protocol/product usage.
2026-10-07,Aave,Aave V3,Lending,Outstanding Borrows,12263983402.34,USD,current,DefiLlama protocol,https://api.llama.fi/protocol/aave-v3,third_party,high,Outstanding borrows (current stock) from DefiLlama borrowed TVL; not daily new-borrow flow.
2026-10-07,Morpho,Morpho Blue,Lending,Outstanding Borrows,5714024066.31,USD,current,DefiLlama protocol,https://api.llama.fi/protocol/morpho-blue,third_party,high,Outstanding borrows (current stock) from DefiLlama borrowed TVL; not daily new-borrow flow.
2026-10-07,Maple,Maple Finance,Lending,Outstanding Borrows,1770642090.76,USD,current,DefiLlama protocol,https://api.llama.fi/protocol/maple,third_party,medium,Outstanding borrows (current stock) from DefiLlama borrowed TVL; institutional credit pools.
2026-10-07,Jupiter,Jupiter Lend,Lending,Outstanding Borrows,1064585096.4,USD,current,DefiLlama protocol,https://api.llama.fi/protocol/jupiter-lend,third_party,medium,Outstanding borrows (current stock) from DefiLlama borrowed TVL; not daily new-borrow flow.
2026-10-07,Kamino,Kamino,Lending,Outstanding Borrows,982647309.57,USD,current,DefiLlama protocol,https://api.llama.fi/protocol/kamino-lend,third_party,high,Outstanding borrows (current stock) from DefiLlama borrowed TVL; Solana lending pools.
2026-10-07,Euler,Euler V2,Lending,Outstanding Borrows,353664484.4,USD,current,DefiLlama protocol,https://api.llama.fi/protocol/euler-v2,third_party,high,Outstanding borrows (current stock) from DefiLlama borrowed TVL; not daily new-borrow flow.
2026-10-07,Curve,Curve Finance,Spot,Outstanding Borrows,76244802.0,USD,current,DefiLlama protocol,https://api.llama.fi/protocol/curve-finance,third_party,medium,Outstanding borrows (current stock) from DefiLlama borrowed TVL; crvUSD lending markets. (Ian: include Curve in borrows.)
2026-10-07,Sky,Sky USDS,Asset Management,Stablecoin Supply,7112520090.2,USD,current,DefiLlama stablecoins,https://stablecoins.llama.fi/stablecoins,third_party,high,"Circulating stablecoin supply; product metric, not token market cap."
2026-10-07,Ethena,Ethena USDe,Asset Management,Stablecoin Supply,4916991190.27,USD,current,DefiLlama stablecoins,https://stablecoins.llama.fi/stablecoins,third_party,high,"Circulating stablecoin supply; product metric, not token market cap."
2026-10-07,Ondo,Ondo USDY,Tokenization,Stablecoin Supply,2209236403.42,USD,current,DefiLlama stablecoins,https://stablecoins.llama.fi/stablecoins,third_party,high,Tokenized yield-asset supply via DefiLlama stablecoins.
2026-10-07,Falcon,Falcon USDf,Asset Management,Stablecoin Supply,1653670520.59,USD,current,DefiLlama stablecoins,https://stablecoins.llama.fi/stablecoins,third_party,medium,Circulating stablecoin supply; reserve attestations need separate review.
2026-10-07,Sky,Sky USDS,Asset Management,Stablecoin Supply,18011195.35,USD,current,DefiLlama stablecoins,https://stablecoins.llama.fi/stablecoins,third_party,high,"Circulating stablecoin supply; product metric, not token market cap."
2026-10-07,Sky,Sky USDS,Asset Management,Stablecoin Supply,513950.68,USD,current,DefiLlama stablecoins,https://stablecoins.llama.fi/stablecoins,third_party,high,"Circulating stablecoin supply; product metric, not token market cap."
2026-10-07,Sky,Sky USDS,Asset Management,Stablecoin Supply,100769.65,USD,current,DefiLlama stablecoins,https://stablecoins.llama.fi/stablecoins,third_party,high,"Circulating stablecoin supply; product metric, not token market cap."
2026-10-07,Sky,Sky USDS,Asset Management,Stablecoin Supply,84099.38,USD,current,DefiLlama stablecoins,https://stablecoins.llama.fi/stablecoins,third_party,high,"Circulating stablecoin supply; product metric, not token market cap."
2026-10-07,Aave,Aave V3,Lending,TVL,17626538486.5,USD,current,DefiLlama protocol,https://api.llama.fi/protocol/aave-v3,third_party,high,Primary Aave MVP lending record.
2026-10-07,Morpho,Morpho Blue,Lending,TVL,11202838887.83,USD,current,DefiLlama protocol,https://api.llama.fi/protocol/morpho-blue,third_party,high,Curator data needs Morpho-native or Dune source.
2026-10-07,Sky,Sky Lending,Lending,TVL,6003707236.1,USD,current,DefiLlama protocol,https://api.llama.fi/protocol/sky-lending,third_party,high,Lending/CDP record; APY and Agent metrics need native source checks.
2026-10-07,Ethena,Ethena USDe,Asset Management,TVL,4916200824.14,USD,current,DefiLlama protocol,https://api.llama.fi/protocol/ethena-usde,third_party,high,USDe-specific record; reserves and APY need native source checks.
2026-10-07,Maple,Maple Finance,Lending,TVL,3029691108.9,USD,current,DefiLlama protocol,https://api.llama.fi/protocol/maple,third_party,high,Maple institutional lending TVL and fees; syrup stablecoin products tracked via stablecoins endpoint.
2026-10-07,Falcon,Falcon Finance,Asset Management,TVL,1653645090.68,USD,current,DefiLlama protocol,https://api.llama.fi/protocol/falcon-finance,third_party,medium,Falcon Finance USDf/sUSDf TVL and fees; sUSDf APY needs native source.
2026-10-07,Uniswap,Uniswap V3,Spot,TVL,1628845878.41,USD,current,DefiLlama protocol,https://api.llama.fi/protocol/uniswap-v3,third_party,high,Version-specific record; do not silently blend with V2/V4.
2026-10-07,Kamino,Kamino,Lending,TVL,1365295870.93,USD,current,DefiLlama protocol,https://api.llama.fi/protocol/kamino-lend,third_party,high,Kamino Solana lending TVL and fees; outstanding borrows tracked separately.
2026-10-07,Uniswap,Uniswap V4,Spot,TVL,1264240989.36,USD,current,DefiLlama protocol,https://api.llama.fi/protocol/uniswap-v4,third_party,high,Version-specific record; aggregation rule needs to stay visible.
2026-10-07,Curve,Curve Finance,Spot,TVL,1257567086.19,USD,current,DefiLlama protocol,https://api.llama.fi/protocol/curve-dex,third_party,high,"Curve DEX TVL, fees, and volume; active users via Dune dex.trades."
2026-10-07,Jupiter,Jupiter Lend,Lending,TVL,1201888250.11,USD,current,DefiLlama protocol,https://api.llama.fi/protocol/jupiter-lend,third_party,medium,Separate product record; not aggregator usage.
2026-10-07,Uniswap,Uniswap V2,Spot,TVL,1044428456.27,USD,current,DefiLlama protocol,https://api.llama.fi/protocol/uniswap-v2,third_party,high,Version-specific legacy liquidity record.
2026-10-07,Jupiter,Jupiter Perpetual Exchange,Derivatives,TVL,795063405.33,USD,current,DefiLlama protocol,https://api.llama.fi/protocol/jupiter-perpetual-exchange,third_party,medium,Perps product record; derivatives overview access may be restricted.
2026-10-07,Aave,Aave V4,Lending,TVL,660645477.69,USD,current,DefiLlama protocol,https://api.llama.fi/protocol/aave-v4,third_party,medium,V4 hub/spoke detail still needs native source discovery.
2026-10-07,Jupiter,Jupiter Staked SOL,Asset Management,TVL,601883078.21,USD,current,DefiLlama protocol,https://api.llama.fi/protocol/jupiter-staked-sol,third_party,medium,Liquid-staking product record.
2026-10-07,Ethena,Ethena USDtb,Asset Management,TVL,488559532.72,USD,current,DefiLlama protocol,https://api.llama.fi/protocol/ethena-usdtb,third_party,medium,Separate Ethena stablecoin product.
2026-10-07,Euler,Euler V2,Lending,TVL,322398462.4,USD,current,DefiLlama protocol,https://api.llama.fi/protocol/euler-v2,third_party,high,Euler V2 lending TVL and fees; outstanding borrows tracked separately.
2026-10-07,EtherFi,EtherFi Cash,Asset Management,TVL,243321153.45,USD,current,DefiLlama protocol,https://api.llama.fi/protocol/etherfi-cash-liquid,third_party,medium,EtherFi liquid restaking and Cash card product; card metrics need PaymentScan source.
2026-10-07,Aerodrome,Aerodrome Slipstream,Spot,TVL,217481936.15,USD,current,DefiLlama protocol,https://api.llama.fi/protocol/aerodrome-slipstream,third_party,high,Concentrated-liquidity record; keep separate from V1 unless labeled.
2026-10-07,Hyperliquid,Hyperliquid HLP,Derivatives,TVL,180114018.73,USD,current,DefiLlama protocol,https://api.llama.fi/protocol/hyperliquid-hlp,third_party,medium,HLP liquidity vault record; not total Hyperliquid perps activity.
2026-10-07,Hyperliquid,Hyperliquid Spot Orderbook,Derivatives,TVL,172296597.18,USD,current,DefiLlama protocol,https://api.llama.fi/protocol/hyperliquid-spot-orderbook,third_party,medium,Spot-orderbook record; keep separate from HLP and perps.
2026-10-07,Aerodrome,Aerodrome V1,Spot,TVL,145423550.57,USD,current,DefiLlama protocol,https://api.llama.fi/protocol/aerodrome-v1,third_party,high,V1 record; keep version labels.
2026-10-07,Sky,Sky Money,Asset Management,TVL,110137502.06,USD,current,DefiLlama protocol,https://api.llama.fi/protocol/sky-money,third_party,medium,Separate Sky money product record.
2026-10-07,Sky,Sky RWA,Tokenization,TVL,74740970.22,USD,current,DefiLlama protocol,https://api.llama.fi/protocol/sky-rwa,third_party,medium,Separate Sky RWA record.
2026-10-07,Aave,AAVE token,Lending,Token Price,171.36,USD,current,CoinGecko markets,"https://api.coingecko.com/api/v3/coins/markets?vs_currency=usd&ids=aave,aerodrome-finance,canton-network,centrifuge-2,curve-dao-token,ethena,ether-fi,euler,falcon-finance-ff,hyperliquid,jupiter-exchange-solana,kamino,layerzero,morpho,ondo-finance,pendle,sky,syrup,uniswap,virtual-protocol&order=market_cap_desc&per_page=250&page=1&sparkline=false&price_change_percentage=24h%2C7d%2C30d%2C1y",third_party,high,Token-level market metric from CoinGecko; do not treat as protocol/product usage.
2026-10-07,Hyperliquid,HYPE token,Derivatives,Token Price,87.77,USD,current,CoinGecko markets,"https://api.coingecko.com/api/v3/coins/markets?vs_currency=usd&ids=aave,aerodrome-finance,canton-network,centrifuge-2,curve-dao-token,ethena,ether-fi,euler,falcon-finance-ff,hyperliquid,jupiter-exchange-solana,kamino,layerzero,morpho,ondo-finance,pendle,sky,syrup,uniswap,virtual-protocol&order=market_cap_desc&per_page=250&page=1&sparkline=false&price_change_percentage=24h%2C7d%2C30d%2C1y",third_party,high,Token-level market metric from CoinGecko; do not treat as protocol/product usage.
2026-10-07,Uniswap,UNI token,Spot,Token Price,7.81,USD,current,CoinGecko markets,"https://api.coingecko.com/api/v3/coins/markets?vs_currency=usd&ids=aave,aerodrome-finance,canton-network,centrifuge-2,curve-dao-token,ethena,ether-fi,euler,falcon-finance-ff,hyperliquid,jupiter-exchange-solana,kamino,layerzero,morpho,ondo-finance,pendle,sky,syrup,uniswap,virtual-protocol&order=market_cap_desc&per_page=250&page=1&sparkline=false&price_change_percentage=24h%2C7d%2C30d%2C1y",third_party,high,Token-level market metric from CoinGecko; do not treat as protocol/product usage.
2026-10-07,Morpho,MORPHO token,Lending,Token Price,2.48,USD,current,CoinGecko markets,"https://api.coingecko.com/api/v3/coins/markets?vs_currency=usd&ids=aave,aerodrome-finance,canton-network,centrifuge-2,curve-dao-token,ethena,ether-fi,euler,falcon-finance-ff,hyperliquid,jupiter-exchange-solana,kamino,layerzero,morpho,ondo-finance,pendle,sky,syrup,uniswap,virtual-protocol&order=market_cap_desc&per_page=250&page=1&sparkline=false&price_change_percentage=24h%2C7d%2C30d%2C1y",third_party,high,Token-level market metric from CoinGecko; do not treat as protocol/product usage.
2026-10-07,Pendle,PENDLE token,Derivatives,Token Price,2.24,USD,current,CoinGecko markets,"https://api.coingecko.com/api/v3/coins/markets?vs_currency=usd&ids=aave,aerodrome-finance,canton-network,centrifuge-2,curve-dao-token,ethena,ether-fi,euler,falcon-finance-ff,hyperliquid,jupiter-exchange-solana,kamino,layerzero,morpho,ondo-finance,pendle,sky,syrup,uniswap,virtual-protocol&order=market_cap_desc&per_page=250&page=1&sparkline=false&price_change_percentage=24h%2C7d%2C30d%2C1y",third_party,high,Token-level market metric from CoinGecko; do not treat as protocol/product usage.
2026-10-07,LayerZero,ZRO token,Infra,Token Price,2.14,USD,current,CoinGecko markets,"https://api.coingecko.com/api/v3/coins/markets?vs_currency=usd&ids=aave,aerodrome-finance,canton-network,centrifuge-2,curve-dao-token,ethena,ether-fi,euler,falcon-finance-ff,hyperliquid,jupiter-exchange-solana,kamino,layerzero,morpho,ondo-finance,pendle,sky,syrup,uniswap,virtual-protocol&order=market_cap_desc&per_page=250&page=1&sparkline=false&price_change_percentage=24h%2C7d%2C30d%2C1y",third_party,high,Token-level market metric from CoinGecko; do not treat as protocol/product usage.
2026-10-07,Euler,EUL token,Lending,Token Price,1.41,USD,current,CoinGecko markets,"https://api.coingecko.com/api/v3/coins/markets?vs_currency=usd&ids=aave,aerodrome-finance,canton-network,centrifuge-2,curve-dao-token,ethena,ether-fi,euler,falcon-finance-ff,hyperliquid,jupiter-exchange-solana,kamino,layerzero,morpho,ondo-finance,pendle,sky,syrup,uniswap,virtual-protocol&order=market_cap_desc&per_page=250&page=1&sparkline=false&price_change_percentage=24h%2C7d%2C30d%2C1y",third_party,high,Token-level market metric from CoinGecko; do not treat as protocol/product usage.
2026-10-07,Aerodrome,AERO token,Spot,Token Price,0.79,USD,current,CoinGecko markets,"https://api.coingecko.com/api/v3/coins/markets?vs_currency=usd&ids=aave,aerodrome-finance,canton-network,centrifuge-2,curve-dao-token,ethena,ether-fi,euler,falcon-finance-ff,hyperliquid,jupiter-exchange-solana,kamino,layerzero,morpho,ondo-finance,pendle,sky,syrup,uniswap,virtual-protocol&order=market_cap_desc&per_page=250&page=1&sparkline=false&price_change_percentage=24h%2C7d%2C30d%2C1y",third_party,high,Token-level market metric from CoinGecko; do not treat as protocol/product usage.
2026-10-07,Virtuals,VIRTUAL token,AI,Token Price,0.76,USD,current,CoinGecko markets,"https://api.coingecko.com/api/v3/coins/markets?vs_currency=usd&ids=aave,aerodrome-finance,canton-network,centrifuge-2,curve-dao-token,ethena,ether-fi,euler,falcon-finance-ff,hyperliquid,jupiter-exchange-solana,kamino,layerzero,morpho,ondo-finance,pendle,sky,syrup,uniswap,virtual-protocol&order=market_cap_desc&per_page=250&page=1&sparkline=false&price_change_percentage=24h%2C7d%2C30d%2C1y",third_party,high,Token-level market metric from CoinGecko; do not treat as protocol/product usage.
2026-10-07,EtherFi,ETHFI token,Asset Management,Token Price,0.71,USD,current,CoinGecko markets,"https://api.coingecko.com/api/v3/coins/markets?vs_currency=usd&ids=aave,aerodrome-finance,canton-network,centrifuge-2,curve-dao-token,ethena,ether-fi,euler,falcon-finance-ff,hyperliquid,jupiter-exchange-solana,kamino,layerzero,morpho,ondo-finance,pendle,sky,syrup,uniswap,virtual-protocol&order=market_cap_desc&per_page=250&page=1&sparkline=false&price_change_percentage=24h%2C7d%2C30d%2C1y",third_party,high,Token-level market metric from CoinGecko; do not treat as protocol/product usage.
2026-10-07,Ondo,ONDO token,Tokenization,Token Price,0.46,USD,current,CoinGecko markets,"https://api.coingecko.com/api/v3/coins/markets?vs_currency=usd&ids=aave,aerodrome-finance,canton-network,centrifuge-2,curve-dao-token,ethena,ether-fi,euler,falcon-finance-ff,hyperliquid,jupiter-exchange-solana,kamino,layerzero,morpho,ondo-finance,pendle,sky,syrup,uniswap,virtual-protocol&order=market_cap_desc&per_page=250&page=1&sparkline=false&price_change_percentage=24h%2C7d%2C30d%2C1y",third_party,high,Token-level market metric from CoinGecko; do not treat as protocol/product usage.
2026-10-07,Curve,CRV token,Spot,Token Price,0.35,USD,current,CoinGecko markets,"https://api.coingecko.com/api/v3/coins/markets?vs_currency=usd&ids=aave,aerodrome-finance,canton-network,centrifuge-2,curve-dao-token,ethena,ether-fi,euler,falcon-finance-ff,hyperliquid,jupiter-exchange-solana,kamino,layerzero,morpho,ondo-finance,pendle,sky,syrup,uniswap,virtual-protocol&order=market_cap_desc&per_page=250&page=1&sparkline=false&price_change_percentage=24h%2C7d%2C30d%2C1y",third_party,high,Token-level market metric from CoinGecko; do not treat as protocol/product usage.
2026-10-07,Jupiter,JUP token,Spot,Token Price,0.32,USD,current,CoinGecko markets,"https://api.coingecko.com/api/v3/coins/markets?vs_currency=usd&ids=aave,aerodrome-finance,canton-network,centrifuge-2,curve-dao-token,ethena,ether-fi,euler,falcon-finance-ff,hyperliquid,jupiter-exchange-solana,kamino,layerzero,morpho,ondo-finance,pendle,sky,syrup,uniswap,virtual-protocol&order=market_cap_desc&per_page=250&page=1&sparkline=false&price_change_percentage=24h%2C7d%2C30d%2C1y",third_party,high,Token-level market metric from CoinGecko; do not treat as protocol/product usage.
2026-10-07,Maple,SYRUP token,Tokenization,Token Price,0.23,USD,current,CoinGecko markets,"https://api.coingecko.com/api/v3/coins/markets?vs_currency=usd&ids=aave,aerodrome-finance,canton-network,centrifuge-2,curve-dao-token,ethena,ether-fi,euler,falcon-finance-ff,hyperliquid,jupiter-exchange-solana,kamino,layerzero,morpho,ondo-finance,pendle,sky,syrup,uniswap,virtual-protocol&order=market_cap_desc&per_page=250&page=1&sparkline=false&price_change_percentage=24h%2C7d%2C30d%2C1y",third_party,high,Token-level market metric from CoinGecko; do not treat as protocol/product usage.
2026-10-07,Ethena,ENA token,Asset Management,Token Price,0.22,USD,current,CoinGecko markets,"https://api.coingecko.com/api/v3/coins/markets?vs_currency=usd&ids=aave,aerodrome-finance,canton-network,centrifuge-2,curve-dao-token,ethena,ether-fi,euler,falcon-finance-ff,hyperliquid,jupiter-exchange-solana,kamino,layerzero,morpho,ondo-finance,pendle,sky,syrup,uniswap,virtual-protocol&order=market_cap_desc&per_page=250&page=1&sparkline=false&price_change_percentage=24h%2C7d%2C30d%2C1y",third_party,high,Token-level market metric from CoinGecko; do not treat as protocol/product usage.
2026-10-07,Centrifuge,CFG token,Tokenization,Token Price,0.14,USD,current,CoinGecko markets,"https://api.coingecko.com/api/v3/coins/markets?vs_currency=usd&ids=aave,aerodrome-finance,canton-network,centrifuge-2,curve-dao-token,ethena,ether-fi,euler,falcon-finance-ff,hyperliquid,jupiter-exchange-solana,kamino,layerzero,morpho,ondo-finance,pendle,sky,syrup,uniswap,virtual-protocol&order=market_cap_desc&per_page=250&page=1&sparkline=false&price_change_percentage=24h%2C7d%2C30d%2C1y",third_party,high,Token-level market metric from CoinGecko; do not treat as protocol/product usage.
2026-10-07,Canton,CC token,Infra,Token Price,0.12,USD,current,CoinGecko markets,"https://api.coingecko.com/api/v3/coins/markets?vs_currency=usd&ids=aave,aerodrome-finance,canton-network,centrifuge-2,curve-dao-token,ethena,ether-fi,euler,falcon-finance-ff,hyperliquid,jupiter-exchange-solana,kamino,layerzero,morpho,ondo-finance,pendle,sky,syrup,uniswap,virtual-protocol&order=market_cap_desc&per_page=250&page=1&sparkline=false&price_change_percentage=24h%2C7d%2C30d%2C1y",third_party,high,Token-level market metric from CoinGecko; do not treat as protocol/product usage.
2026-10-07,Falcon,FF token,Asset Management,Token Price,0.11,USD,current,CoinGecko markets,"https://api.coingecko.com/api/v3/coins/markets?vs_currency=usd&ids=aave,aerodrome-finance,canton-network,centrifuge-2,curve-dao-token,ethena,ether-fi,euler,falcon-finance-ff,hyperliquid,jupiter-exchange-solana,kamino,layerzero,morpho,ondo-finance,pendle,sky,syrup,uniswap,virtual-protocol&order=market_cap_desc&per_page=250&page=1&sparkline=false&price_change_percentage=24h%2C7d%2C30d%2C1y",third_party,high,Token-level market metric from CoinGecko; do not treat as protocol/product usage.
2026-10-07,Sky,SKY token,Lending,Token Price,0.08,USD,current,CoinGecko markets,"https://api.coingecko.com/api/v3/coins/markets?vs_currency=usd&ids=aave,aerodrome-finance,canton-network,centrifuge-2,curve-dao-token,ethena,ether-fi,euler,falcon-finance-ff,hyperliquid,jupiter-exchange-solana,kamino,layerzero,morpho,ondo-finance,pendle,sky,syrup,uniswap,virtual-protocol&order=market_cap_desc&per_page=250&page=1&sparkline=false&price_change_percentage=24h%2C7d%2C30d%2C1y",third_party,high,Token-level market metric from CoinGecko; do not treat as protocol/product usage.
2026-10-07,Kamino,KMNO token,Lending,Token Price,0.04,USD,current,CoinGecko markets,"https://api.coingecko.com/api/v3/coins/markets?vs_currency=usd&ids=aave,aerodrome-finance,canton-network,centrifuge-2,curve-dao-token,ethena,ether-fi,euler,falcon-finance-ff,hyperliquid,jupiter-exchange-solana,kamino,layerzero,morpho,ondo-finance,pendle,sky,syrup,uniswap,virtual-protocol&order=market_cap_desc&per_page=250&page=1&sparkline=false&price_change_percentage=24h%2C7d%2C30d%2C1y",third_party,high,Token-level market metric from CoinGecko; do not treat as protocol/product usage.
